# family	sites	files	funcs	fake_sites	name	header_declared	evidence	blockers	func_list
F01	683	51268.c	25	291	51268 scratchpad workspace 0x1F800000..0x1F8000BC (reached through the D_800A3468..D_800A34EC pointer globals)	no (the globals are s32 / u8 *; no struct)	func_80060E38 seeds each global with a 0x1F8000xx address (51268.c:268-299): the field map is in that code; widths from the asm per site	none recorded; the globals are all TU-static in 51268	func_80060B70 func_80061064 func_80061250 func_8006156C func_800617C8 func_800618B4 func_80061ACC func_80061C00 func_80061D74 func_80061EC0 func_800620B8 func_8006295C func_80063084 func_80063B78 func_80063BA4 func_80063BD0 func_80063E10 func_800645B0 func_800646E8 func_80065484 func_80065800 func_80067200 func_800678A8 func_80067D14 func_80068D88
F02	663	17AFC.c	20	227	17AFC collision scratchpad workspace (scr / obj on 0x1F800xxx)	partly: game.h:636-650 ScrPad / SPAD (0x1F800000 point tables); 51268 overlays the same scratchpad with F01 at another time	scratchpad literals in the locals / params (casts.py how=scratchpad-*)	none recorded	box_overlap func_800290B8 func_80029454 func_8002A458 func_8002AB08 func_8002CA8C func_8002CD58 func_8002D320 func_8002D780 func_8002DAD0 func_8002E838 func_8002EA24 func_8002EBDC func_8002F2D0 func_8002F770 func_8002FDB0 func_80030D7C func_80031890 func_80031B24 func_800321E8
F03	209	51268.c	24	13	51268 layout-A draw context (s32 word array, func_8006E390's) and its resource root (*(arg0 + 4))	no: kept a word array by ruling (P3 round 2)	func_8006E390 fills it; frames s32[15] / s32[22]	RULED a word array (func_8006A880 needs non-struct access; callers' frame sizes). Only the resource-root reads (*(s32 *)(arg0 + 4) + off) are open	func_80060B70 func_800611A4 func_80062020 func_80067D14 func_800692C0 func_80069AE4 func_80069E18 func_80069F80 func_8006A1A0 func_8006A3CC func_8006A494 func_8006A564 func_8006A880 func_8006B120 func_8006B578 func_8006BB68 func_8006BD28 func_8006BEC4 func_8006C21C func_8006CFBC func_8006D3DC func_8006D808 func_8006DD94 func_8006E49C
F06	175	7BC88.c,s_sav.c,s_sca.c,s_sk.c,s_snc.c,s_sr.c,s_sra.c,s_srmp.c,spu.c	14	16	SPU register block _spu_RXX (libspu)	partly: header-global s32 base	SPU MMIO 0x1F801C00..; PsyQ libspu's union SPU_RXX	hardware: mmio-volatile-type-level applies	SpuSetCommonAttr SpuSetKey SpuSetNoiseClock SpuSetReverb SpuSetReverbModeParam _SpuSetAnyVoice _spu_FgetRXXa _spu_FiDMA _spu_Fr_ _spu_FsetRXXa _spu_init _spu_setReverbAttr _spu_t func_8008B488
F04	106	5ED34.c,64FD8.c	16	80	5ED34 resource roots D_800A35C4 / D_800A35A8 / D_800A3568 (+ 64FD8 D_800A35F8)	no (void * / s32 TU globals)	the files they point into (MOD.BIN sections); asm widths per site	EnvA descriptor unification and the sheet-header tables (D_8009B708-style) touch the same bodies	func_8006E534 func_8006EACC func_8006ECF4 func_8006F100 func_8006F528 func_8006F97C func_80070188 func_80070C70 func_80070F78 func_80071C4C func_800720FC func_80072BC4 func_80072CD4 func_80073200 func_80077D94 func_8007855C
F09	87	28708.c	4	44	28708 records (D_800A36EC 0x1C records in func_8003993C; slot / dest records in func_800393C8 / 395B4 / 39680)	partly: game.h has the 0x1C-byte record comment (func_8003993C)	asm/funcs/func_8003993C.s:57-89 stride 0x1C	none recorded	func_800393C8 func_800395B4 func_80039680 func_8003993C
F05	84	368E4.c	3	78	368E4 transform nodes (0x68-byte Unk80101DF0Record family) + vehicle / part	yes: game.h Unk80101DF0Record / Unk800A6690Rec	func_800417D0 takes the node as Unk80101DF0Record *; vehicle +0x7E4 parts of 0x68	368E4 transform-nodes long-tail row (ot -> list, prim name, comment 'ordering table'); P7c's g_gpu_ot256_ptr rides on it; P7b's 368E4 bodies	func_80048BA4 func_80049718 func_80049A2C
F08	69	309CC.c	6	2	309CC records (a0 s16 * vectors in func_800404A0 / 40594 / 408F8; arg0 large object +0x18F4.. in func_80040A78 / B44 / CB8)	check: arg0's +0x10D4 / +0x18F4 offsets look like the character object (Unk80101EC8Record?)	asm widths	none recorded	func_800404A0 func_80040594 func_800408F8 func_80040A78 func_80040B44 func_80040CB8
F10	68	31548.c	1	68	31548 func_80040D48 animation locals s1..s4	check	asm widths	func_80040D48 is called with &vec.vx (3AB48:915): first-member-pass row	func_80040D48
F11	62	368E4.c	13	40	368E4 other bases (p u32 * lists in func_80047EE8 family; s0 in func_800460E4 family; arg0 in func_800482C8 family)	check	asm	368E4 transform-nodes batch touches the same TU	func_800460E4 func_800464C4 func_8004659C func_80047EE8 func_80047FBC func_800480C0 func_800481E8 func_800482C8 func_800483DC func_800484A0 func_80048530 func_80048FFC func_80049C24
F12	60	ext.c,sys.c	18	19	libgpu internals (sys.c rect / g_gpu_ctx, ext.c SetDefDrawEnv / SetDefDispEnv a0)	yes: RECT / DRAWENV / DISPENV in libgpu.h	PsyQ LIBGPU.H	Sony library code: verbatim-module spelling	ClearOTag MoveImage PutDispEnv ResetGraph SetDefDispEnv SetDefDrawEnv SetDrawEnv SetDrawEnv2 SetGraphQueue SetGraphReverse SetPriority _clr _cwb _cwc _drs _dws _version get_dx
F07	54	3AB48.c	6	2	3AB48 move-to-target context (D_800A33F4 / p in func_80053304 family)	no (s32 TU global)	named_syms init_move_to_target_80053304: ctx D_800EF9F8 / D_800A33F4	none recorded	func_80053304 func_8005344C func_80053584 func_80053614 func_80053694 func_80054604
F13	44	51268.c	3	30	51268 POLY_FT4 holder views (prim in func_8006295C / 80063084 / 80063E10)	yes: POLY_FT4	libgpu.h	P1's setlen / OTag len rows	func_8006295C func_80063084 func_80063E10
F18	41	17AFC.c	1	0	17AFC func_8002EECC arg0 record	check	asm	none recorded	func_8002EECC
F17	33	3AB48.c	2	0	3AB48 data pun (func_80053754 / 80053E9C)	check	asm	none recorded	func_80053754 func_80053E9C
F19	33	51268.c	17	10	51268 work block at D_800A34FC (the pool end func_8006E49C returns; +0x34 header)	check: game.h SelWork is the 64FD8 work area at the pool end	func_8006E49C returns base4 + 0x1FB0; D_800A3500 = it + 0x34	51268 bodies with FAKE fences (func_8006919C neighbourhood)	func_80068F70 func_800693CC func_80069F80 func_8006A1A0 func_8006A880 func_8006B120 func_8006B578 func_8006BB68 func_8006BD28 func_8006BEC4 func_8006C21C func_8006CBD4 func_8006CCC8 func_8006CFBC func_8006D3DC func_8006DD94 func_8006E390
F14	27	51268.c	9	0	51268 p (void *) in the func_80064E90..func_800650A4 accessor family (+0 / +4 / +8)	check	asm	none recorded	func_80064E90 func_80064ED8 func_80064F20 func_80064F68 func_80064FB4 func_80065000 func_8006505C func_800650A4 func_800650EC
F20	26	51268.c	13	15	51268 D_800A3524 record (func_8006D74C / 693CC: the arg1 the game passes)	check	asm	none recorded	func_80068F70 func_800693CC func_80069F80 func_8006A1A0 func_8006A880 func_8006B120 func_8006C21C func_8006CBD4 func_8006CCC8 func_8006CFBC func_8006D5D4 func_8006D808 func_8006E10C
F16	21	3AB48.c	1	21	3AB48 func_80060768 chunk (tile_off)	no: D7 ruled no record	D7 RESULT: member forms 192 -> 191	RULED: keeps int arithmetic (non-struct schedule)	func_80060768
F15	14	64FD8.c	6	11	64FD8 Unk8006EACCRec residual views	yes: game.h Unk8006EACCRec	game.h	EnvA descriptor unification	func_80074D2C func_80074E08 func_800753D8 func_80075830 func_800759D0 func_8007636C
FZZ	744	17AFC.c,25788.c,28708.c,2B344.c,309CC.c,31548.c,31D3C.c,32D04.c,35000.c,368E4.c,3AB48.c,51268.c,5ED34.c,63D2C.c,64FD8.c,6CF8.c,760D0.c,87A0.c,9F9C.c,bios.c,cdrom.c,comb.c,counter.c,memcard.c,pad.c,prim.c,s_gks.c,s_gvex.c,s_gvv.c,s_m_f.c,s_m_m.c,sprintf.c,spu.c,sr_gaks.c,ut_rev.c,vm_aloc2.c,vm_init.c,vm_vsu.c,vs_vh.c	228	304	misc (bases with fewer sites, not yet grouped)	-	-	-	CD_init CD_initintr DumpDispEnv DumpDrawEnv GetRCnt HandleSio MargePrim ResetRCnt SetDrawLoad SetDrawMove SetDrawTPage SetRCnt SpuFree SpuGetAllKeysStatus SpuGetKeyStatus SpuGetVoiceEnvelope SpuGetVoiceVolume SpuMalloc SpuRGetAllKeysStatus SsUtGetReverbType SsVabOpenHeadWithMode _Pad1 _SsVmDoAllocate _SsVmInit _SsVmVSetUp _spu_FsetRXX bitstream_ReadBits camera_InitBoneData cdrom_LoadExec func_80016A8C func_800174F4 func_80017D84 func_80017FA0 func_80018094 func_80018300 func_800187F4 func_8001924C func_80019310 func_8001979C func_800198D0 func_8001A820 func_8001BAE4 func_8001BBD8 func_8001BCF0 func_8001C820 func_8001F1C4 func_800203B4 func_80020DDC func_80021424 func_80021A98 func_8002304C func_80027A58 func_8002906C func_80029454 func_8002EECC func_8003032C func_80032064 func_800321E8 func_80032314 func_800325E0 func_800342A0 func_80034F88 func_8003504C func_80035280 func_80037110 func_80037AA4 func_80037F40 func_8003800C func_80038170 func_800392C8 func_80039320 func_800393C8 func_8003993C func_8003A728 func_8003AA48 func_8003AE5C func_8003AFFC func_8003B20C func_8003B5A4 func_8003B9D0 func_8003C040 func_8003C714 func_8003D330 func_8003D39C func_8003D774 func_8003D7B4 func_8003DA8C func_8003DBE4 func_8003DE14 func_8003E164 func_8003E22C func_8003E6D8 func_8003F62C func_8003F6D8 func_8003F824 func_8003FA24 func_8003FE40 func_8003FECC func_8004001C func_80040068 func_800400B0 func_800400F8 func_8004019C func_80040304 func_80040400 func_8004046C func_80040594 func_800408F8 func_80040B44 func_80040CB8 func_80041188 func_80041430 func_80041688 func_800418D0 func_80041BF4 func_800421C8 func_800432A0 func_80043454 func_80044170 func_8004428C func_80044670 func_80044800 func_80044B30 func_80044FA0 func_80045080 func_800450F4 func_80045878 func_80045AA4 func_80045B68 func_80046048 func_800460E4 func_800464C4 func_8004659C func_800467B8 func_800469C4 func_80046BF4 func_80047A90 func_80047ED0 func_80047EE8 func_80047FBC func_800480C0 func_800481E8 func_800482C8 func_800483DC func_80048AD0 func_80048FFC func_80049C24 func_80053304 func_8005344C func_80053584 func_80053614 func_80053754 func_80053E9C func_80054604 func_8005490C func_80054F68 func_80055138 func_80057CC8 func_8005B644 func_8005B8B8 func_8005BA8C func_8005C6D0 func_8005C8A8 func_8005D46C func_8005D554 func_8005E54C func_8005FA98 func_8005FC9C func_800602AC func_80060768 func_80060B70 func_80061064 func_800620B8 func_80063084 func_80063E10 func_800646E8 func_80065000 func_80065134 func_80065264 func_800652AC func_800678A8 func_80067D14 func_80068D88 func_80068F70 func_800692C0 func_80069E18 func_8006A564 func_8006CFBC func_8006D3DC func_8006D808 func_8006DD94 func_8006E534 func_8006E950 func_8006EC0C func_8006ECF4 func_8006F100 func_8006F528 func_8006F97C func_80070188 func_80070C70 func_80070F78 func_80071C4C func_800720FC func_80073200 func_8007352C func_80074B18 func_80074D2C func_80074E08 func_800753D8 func_80075830 func_800759D0 func_8007636C func_800770B8 func_80077D94 func_8007855C func_800858D0 game_GetPlayerBase game_GetPlayerData getintr memcard_CountFiles obj_AddValue obj_Clear obj_ClearAll obj_UpdatePosition snd_CloseListedVabs snd_VabFakeOpen snd_VabOpen sprintf
