kind,addr,current_name,proposed_name,final_name,verdict,evidence_class,verifier_evidence,apply_hazards
data,0x800A37EC,g_round_timer_plus_4_800A37EC; D_800A37EC,D_800A37EC,D_800A37EC,CONFIRM,reset-contradicted,"own scan verify/xref.py (per-function forward dataflow over raw EXE words, value sets per reg + stack slot, branch/delay slots, jump tables, gp=0x800A30CC [MOVOVL gp=0x801F65D0], base-register + indexed + via-pointer accesses, constants passed as a0-a3 / stored to memory, every aligned EXE + MOVOVL data word); query verify/q.py: 0x800A37EC accesses = func_80027AD8 lh x5 (e.g. 80027B98, a dot product x*[37E8]+y*[37EA]+z*[37EC] with +0x1EC/+0x1F0/+0x1F4) and func_8002A458 sh @8002AAD0 (third of the -t triple 8002AAB4/C4/D0). Base-register: &D_800A37E8 passed as a1 to func_800274BC (8002B568, 8002BBA8, 80031DD8) which does sh +0/+2/+4 (asm lines 65/84/103 -> writes 0x800A37EC); as a3 to func_80032854 (forwarded to func_800395B4 a3: lhu +0/+2/+4) and as a2 to func_800203B4 (lh +0/+2/+4). No other pointer/data word. Base 0x800A37E8 'round timer' identity already RESET-CONFIRMed 25b (data_manifest rows 0x800A37E8/EA). 0x800A37EC is component [2] of that s16[3] vector: not a round-timer member.","Registry-only: delete named_syms.txt:2997. Keep D_800A37EC (undefined_syms_auto.txt:1003; own dlabel asm/data/91C98.data.s D_800A37EC). C: include/code6cac.h:378 extern s16 D_800A37EC (uses code6cac_b.c:675,1433) unchanged. Not sdata."
data,0x800A37E0,g_memcard_event_io_complete_plus_4; D_800A37E0,D_800A37E0,D_800A37E0,CONFIRM,reset-contradicted,"own scan verify/xref.py (per-function forward dataflow over raw EXE words, value sets per reg + stack slot, branch/delay slots, jump tables, gp=0x800A30CC [MOVOVL gp=0x801F65D0], base-register + indexed + via-pointer accesses, constants passed as a0-a3 / stored to memory, every aligned EXE + MOVOVL data word); query verify/q.py: base 0x800A37DC (CONFIRMed 09-24 g_memcard_sw_event_ioe; old base name retired) is touched only as a word: sw gp memcard_Init@80037644, lw gp @80037704/80037784/80037804/800378A8/8003791C (all memcard_* CORROBORATED); no address-forming of it. 0x800A37E0: single access sb @8001B1AC (func_8001B138; C code6cac.c:1564 =1); own 1-byte dlabel 91C98.data.s:5220. Nearby indexed bases (D_800A37D2[0/1 or D_800A3748], D_800A37A8) do not reach it. A byte at +4 lies outside the 4-byte event handle.",Delete named_syms.txt:2379 only. Keep D_800A37E0 (undefined_syms_auto.txt:1001). C: include/code6cac.h:374 extern u8. Not sdata.
data,0x800A37E1,g_memcard_event_io_complete_plus_5; D_800A37E1,D_800A37E1,D_800A37E1,CONFIRM,reset-contradicted,"own scan verify/xref.py (per-function forward dataflow over raw EXE words, value sets per reg + stack slot, branch/delay slots, jump tables, gp=0x800A30CC [MOVOVL gp=0x801F65D0], base-register + indexed + via-pointer accesses, constants passed as a0-a3 / stored to memory, every aligned EXE + MOVOVL data word); query verify/q.py: base 0x800A37DC word-only (see 0x800A37E0 row). 0x800A37E1: lbu @8001C2C8 (func_8001BE20), lbu/sb in func_8001CE60 (8001D040/78/90/B8, 8001D554/5C8), sb @8003434C (func_800342A0) - a u8 counter (C code6cac.c:2272-2275 ++ until 0x3C). Own dlabel 91C98.data.s:5226 (7 bytes). None of these functions touches an event. Outside the 4-byte handle.",Delete named_syms.txt:2380 only. Keep D_800A37E1 (undefined_syms_auto.txt:151). C: include/code6cac.h:375 extern u8. Not sdata.
data,0x80101BD0,g_memcard_slot_plus_4; D_80101BD0,D_80101BD0,D_80101BD0,CONFIRM,reset-contradicted,"own scan verify/xref.py (per-function forward dataflow over raw EXE words, value sets per reg + stack slot, branch/delay slots, jump tables, gp=0x800A30CC [MOVOVL gp=0x801F65D0], base-register + indexed + via-pointer accesses, constants passed as a0-a3 / stored to memory, every aligned EXE + MOVOVL data word); query verify/q.py: base 0x80101BCC = LIBSND _SsVmMaxVoice (libscan CONFIRM 09-07; 'memcard slot' retired); all 17 accesses byte-width (sb _SsVmInit/SsSetReservedVoice, lbu _SsVmFlush x4, _SsVmSeqKeyOff, vmNoiseOn, func_800858D0, func_80087770). 0x80101BD0 only: formed in func_80044504 @80044520 (s0) and passed as a1 to math_RotMatrixZXY [CORROBORATED] @80044528, a0 to MulMatrix [VERIFIED] @80044538, a1 to MulMatrix2 [VERIFIED] @8004454C: a MATRIX, 4 bytes past a 1-byte object.","Delete named_syms.txt:2448. Keep D_80101BD0 (undefined_syms_auto.txt:691). C: src/text1a_c.c:1317 extern s32 (use :1333). BSS, no dlabel."
data,0x800FF6A8,g_voice_state_ptr_plus_8; D_800FF6A8,D_800FF6A8,D_800FF6A8,CONFIRM,reset-contradicted,"own scan verify/xref.py (per-function forward dataflow over raw EXE words, value sets per reg + stack slot, branch/delay slots, jump tables, gp=0x800A30CC [MOVOVL gp=0x801F65D0], base-register + indexed + via-pointer accesses, constants passed as a0-a3 / stored to memory, every aligned EXE + MOVOVL data word); query verify/q.py: base 0x800FF6A0 = LIBSND _svm_pg (libscan CONFIRM 09-07, old name retired), word-only (lw SsUtKeyOnV, _SsVmDoAllocate x2, func_80087770 x2; sw _SsVmVSetUp). 0x800FF6A8 only: func_8001D790 @8001D8C8-8001D8DC s0=&X; memcpy [VERIFIED](X, s2, s1) with s1<0x2519 (sys_Panic otherwise) then func_8005BD30(X - s2): a >=0x2518-byte copy destination, 8 bytes past a 4-byte pointer. No libsnd code touches it.",Delete named_syms.txt:2815. Keep D_800FF6A8 (undefined_syms_auto.txt:687). C: src/code6cac.c:2390 extern s32 (use :2425). BSS.
data,0x800A2D1C,g_spu_timer_plus_4; D_800A2D1C,D_800A2D1C,D_800A2D1C,CONFIRM,reset-contradicted,"Own OBJ parse (verify/spudata.py, tools/libscan/psyq_lib.py parser) of LIBSPU.LIB module SPU: .data = 92 bytes, byte-identical to EXE 0x800A2CDC..0x800A2D37; XDEFs only at +0x00.._spu_IRQCallback +0x3C (4-byte fn ptr); NO XDEF and NO LOCAL symbol in .data (locals are .text: _spu_FwriteByIO/_spu_FsetDelayR/W) - so no Sony name exists for .data+0x40 = 0x800A2D1C (lib vein finding reproduced). .data+0x40..+0x4F = 07 x16; its only text reloc is _spu_init +0x15C/+0x160 (hi/lo). own scan verify/xref.py (per-function forward dataflow over raw EXE words, value sets per reg + stack slot, branch/delay slots, jump tables, gp=0x800A30CC [MOVOVL gp=0x801F65D0], base-register + indexed + via-pointer accesses, constants passed as a0-a3 / stored to memory, every aligned EXE + MOVOVL data word); query verify/q.py: only ref = _spu_init [VERIFIED] @800888A0 forming a0 for _spu_FwriteByIO [VERIFIED] @800888D8 (a1=0x10). A 16-byte SPU write source after a 4-byte callback pointer; not a timer, not part of the callback.","Delete named_syms.txt:2323. Keep D_800A2D1C (undefined_syms_auto.txt:1233). C: src/main.c:90 extern s32 (use :2197 _spu_FwriteByIO((s32)&D_800A2D1C,0x10))."
data,0x80102788,g_practice_lesson_flag_b_plus_1; D_80102788,D_80102788,D_80102788,CONFIRM,reset-contradicted,"own scan verify/xref.py (per-function forward dataflow over raw EXE words, value sets per reg + stack slot, branch/delay slots, jump tables, gp=0x800A30CC [MOVOVL gp=0x801F65D0], base-register + indexed + via-pointer accesses, constants passed as a0-a3 / stored to memory, every aligned EXE + MOVOVL data word); query verify/q.py: base 0x80102787 (name removed by 65897593b, verified in its diff) is byte-only (lb/lbu/sb). 0x80102788 is word/halfword-accessed as its own object: lw 0(a1) with a1=&0x80102788 in func_8001BE20 @8001BEDC (+lw +4/+8/+0xC), sh 4 @800194FC (func_800194F4), sh via a0 in func_80019568 @8001972C, lhu via s2 in func_80022F34. Scanner hits of byte arrays 0x8010277C/7E/80/82[i] reaching 0x80102788 are loop over-approximation: all those loops run i<2 (func_8001DCB0, func_800342A0 slti 2, func_8003504C slti 2, func_80034708 slti 2) so they stop at 0x80102787. A word-loaded object at 0x80102788 is not byte +1 of a flag.","Delete named_syms.txt:2454. Keep D_80102788 (undefined_syms_auto.txt:803; C PadState, include/code6cac.h:739). BSS."
data,0x8010278A,g_practice_lesson_flag_b_plus_3,D_8010278A,D_8010278A,CONFIRM,reset-contradicted,"Same base analysis as 0x80102788. 0x8010278A: sh 4 @80019504 (func_800194F4, same value as +0 store to 0x80102788), sh via a0 loop in func_80019568, halfword member of the PadState at 0x80102788 (C unk_00[1]). A 1-byte flag at 0x80102787 has no +3.","Delete named_syms.txt:2455 only. No D_8010278A in any registry/src/include; only asm/funcs/func_800194F4.s and asm/6CAC.s mention %hi(D_8010278A) - func_800194F4 is decompiled (src/code6cac.c:1341) and neither .s is linked (bb2.ld), so no link symbol is needed."
data,0x80106A78,g_file_flags_plus_5; D_80106A78,D_80106A78,D_80106A78,CONFIRM,reset-contradicted,"own scan verify/xref.py (per-function forward dataflow over raw EXE words, value sets per reg + stack slot, branch/delay slots, jump tables, gp=0x800A30CC [MOVOVL gp=0x801F65D0], base-register + indexed + via-pointer accesses, constants passed as a0-a3 / stored to memory, every aligned EXE + MOVOVL data word); query verify/q.py: base 0x80106A73 (name removed by 65897593b) is byte-only (lbu file_GetFlag0/1/2, sb func_800167EC, func_80034708, func_80034F88, func_80035280) and is the last byte of the 0x24-byte block at 0x80106A50 (func_80037F40 checksums exactly 0x24 bytes: sltiu t0,0x24; and copies 0x50..0x6F in 16-byte steps until a2==0x80106A70 plus one word = 0x24 bytes). 0x80106A78 is the base of a separately addressed record array: s4=&X, s3=X+0xA in func_80030208; a3=&X, v1=X+0xA with lh -8(v1)=X+2 in func_80030580; s6=&X func_80030D7C; t0=&X func_80031B24; s1=s5+&X, lw 0x2C(s1) func_80055B60. Scanner hits of the 3-iteration loops of func_800167EC/func_80035280/func_8003C714 at 0x80106A74..7B are over-approximation (verified bounds: they stop at 0x80106A6F/0x72/0x68).",Delete named_syms.txt:2467. Keep D_80106A78 (undefined_syms_auto.txt:865). C: src/code6cac_b.c:139 extern u8 (uses 4340/4473/4843) unchanged.
data,0x800A307C,g_snd_callback; D_800A307C,D_800A307C,D_800A307C,CONFIRM,reset-contradicted,"EXE words @0x800A307C: 800164A8 ('sio\0'), 3, 1, 8001649C ('SIO console'), then 8008CD8C.. driver entry points = a BIOS device control block. Own OBJ parse of LIBCOMB.LIB/COMB: .data 144 bytes == EXE 0x800A303C..; X = .data+0x40 (relocs +0x40->rdata+0xC 'sio', +0x4C->rdata+0 'SIO console'); no XDEF/LOCAL symbol in .data (no Sony name). own scan verify/xref.py (per-function forward dataflow over raw EXE words, value sets per reg + stack slot, branch/delay slots, jump tables, gp=0x800A30CC [MOVOVL gp=0x801F65D0], base-register + indexed + via-pointer accesses, constants passed as a0-a3 / stored to memory, every aligned EXE + MOVOVL data word); query verify/q.py: only ref = AddCOMB [VERIFIED] @8008BE14/18 a0=&X -> jal AddDrv [VERIFIED LIBAPI/A71] @8008BE1C. Never loaded, never called through, no pointer word to it. A device-driver descriptor, not a sound completion callback.","C EDIT: src/main.c:36 `extern s32 g_snd_callback;` -> `extern s32 D_800A307C;` and main.c:4092 AddDrv(&g_snd_callback) -> &D_800A307C (no existing D_800A307C decl in main.c/its headers). Retire g_snd_callback: named_syms.txt:101, symbol_addrs.txt:120, undefined_syms_auto.txt:1453. Keep D_800A307C (undefined_syms_auto.txt:1050; dlabel 91C98.data.s:2467-2488 = the whole 0x50-byte DCB). named_syms.txt:3520 comment already says D_800A307C."
data,0x800EF848,g_snd_ch_data; D_800EF848,D_800EF848,D_800EF848,CONFIRM,reset-contradicted,"own scan verify/xref.py (per-function forward dataflow over raw EXE words, value sets per reg + stack slot, branch/delay slots, jump tables, gp=0x800A30CC [MOVOVL gp=0x801F65D0], base-register + indexed + via-pointer accesses, constants passed as a0-a3 / stored to memory, every aligned EXE + MOVOVL data word); query verify/q.py: record stride a0*0x134 ((((a0*5*4-a0)*4+a0)*4) = 308*a0). Refs: func_80048F58 (@80048F9C; sw 0 to +0, copies 7 halfwords of D_80099C34[a1*7] to +0x124) and func_80048FFC (@80049020; s4 = rec+4+(D_800A36AC&1)*0x90, two SetDrawMove [VERIFIED] per iteration x3 with RECT/x/y built from +0x124..+0x130, addPrim into *(D_800A378C)+0x3FFC via 0xFFFFFF/0xFF000000 masks). Callers func_800474AC/80047738 (a0=0/1,a1=0), func_800474D0/8004775C (a0=0). Reach of both = SetDrawMove [VERIFIED] + func_80052C10 (sw 0 -> 0x1F800400), no sound call. Only other touch: leaf lerp func_80047E5C reads D_800EF804[i] with i<18, i.e. can read 0x800EF848 at i=17 (table-edge read, no calls). DR_MOVE packet buffers, not sound channel data.","C EDIT: src/text1b.c:747 `extern u8 g_snd_ch_data[];` -> `extern u8 D_800EF848[];` and :758 use; no other D_800EF848 decl in text1b.c or include/. Retire g_snd_ch_data: named_syms.txt:145, symbol_addrs.txt:178, undefined_syms_auto.txt:1454; keep D_800EF848 (undefined_syms_auto.txt:336). BSS."
data,0x80099C34,g_snd_se_bank,D_80099C34,D_80099C34,CONFIRM,reset-contradicted,"EXE s16 @0x80099C34: (792,384,8,32,744,256,1),(752,320,16,64,672,384,1); dlabel 7D920.data.s:19206 = 28 bytes. own scan verify/xref.py (per-function forward dataflow over raw EXE words, value sets per reg + stack slot, branch/delay slots, jump tables, gp=0x800A30CC [MOVOVL gp=0x801F65D0], base-register + indexed + via-pointer accesses, constants passed as a0-a3 / stored to memory, every aligned EXE + MOVOVL data word); query verify/q.py: only ref func_80048F58 @80048FB8 (copy entry a0*7 halfwords, a0 in {0,1} from func_800474AC/func_80047738) to rec+0x124 of 0x800EF848, consumed only by func_80048FFC as SetDrawMove [VERIFIED] RECT/x/y. The neighbouring walk in func_80048BA4 over D_80099C14 stops at its -1 terminator 0x80099C32. VRAM-move parameters (VRAM coordinates <1024/<512), not a sound-effect bank.","C EDIT: src/text1b.c:748 `extern u16 g_snd_se_bank[];` -> `extern u16 D_80099C34[];` + :760 use (no other decl anywhere). D_80099C34 is defined only by the global dlabel asm/data/7D920.data.s:19206 (7D920.data.o is linked, bb2.ld:145) - leave it. Retire named_syms.txt:144, symbol_addrs.txt:177, undefined_syms_auto.txt:1460."
data,0x800A3808,g_sound_3d_dma_snapshot; D_800A3808,D_800A3808,D_800A3808,CONFIRM,reset-contradicted,"own scan verify/xref.py (per-function forward dataflow over raw EXE words, value sets per reg + stack slot, branch/delay slots, jump tables, gp=0x800A30CC [MOVOVL gp=0x801F65D0], base-register + indexed + via-pointer accesses, constants passed as a0-a3 / stored to memory, every aligned EXE + MOVOVL data word); query verify/q.py: exactly two accesses, both stores of the value just loaded from g_gpu_ot_ptr (CONFIRMed 09-24; its old name g_dma_buf_base retired as contradicted): func_80054F68 @80054F9C and func_80046BF4 @80046C3C (`lw v1,g_gpu_ot_ptr; sw v1,D_800A3808`). No load, no address-forming, no pointer word in EXE/MOVOVL, no base-register reach (only nearby bases 0x800A37E8 obj = 6 bytes). Write-only copy of the OT pointer: the 'dma' premise is the retired name and there is no sound consumer at all (same basis as the 25b CONFIRMed write-only g_snd_3d_angle_* RESETs).","Delete named_syms.txt:2015. Keep D_800A3808 (undefined_syms_auto.txt:155). C: src/sound.c:88 and src/text1b.c:2199 extern s32 (different TUs, same type)."
data,0x800A3820,g_sound_3d_cursor; g_hira_packet_cursor; D_800A3820,D_800A3820,D_800A3820,CONFIRM,reset-contradicted,"own scan verify/xref.py (per-function forward dataflow over raw EXE words, value sets per reg + stack slot, branch/delay slots, jump tables, gp=0x800A30CC [MOVOVL gp=0x801F65D0], base-register + indexed + via-pointer accesses, constants passed as a0-a3 / stored to memory, every aligned EXE + MOVOVL data word); query verify/q.py: reset to &D_80102C00 by func_80054F68 @80054F74, func_80046BF4 @80046C0C, func_80044504 @80044634; every other access is `lw v1,X; sw node,0(v1); sw v1+4,X` (func_8003E6D8, func_8003EB84, func_80040D48, func_80044800, func_800475A4, func_80047A90 [node=&D_800EF070, a 25b-CONFIRMed transform node], func_80048BA4, func_80049718, func_80049A2C); read by func_8004A4E0 (@8004A510/@8004A5D4) and func_8004C404 @8004C934. Reach of func_8004A4E0 (verify/reach.py + reach_8004A4E0.txt) incl. jtbl_8001541C/8001545C/80015470 and every fn-ptr table the renderer dispatches through (D_800951D8, D_80095280, D_80095328(+0xB0), D_800953D8, D_80095488, D_80095508 - the values stored to scratchpad 0x1F80001C/used as s4/s3): 58 functions, all gte_*/calc/stub + MulMatrix2/ReadSZfifo3/RotTransPers3 [VERIFIED]; no Ss*/Spu*/Cd*/snd function. A render-list cursor, not 3D-sound.","Retire ONLY g_sound_3d_cursor (named_syms.txt:2013) by hand. g_hira_packet_cursor (named_syms.txt:786) is NOT covered by this verdict (unsupported, not concretely contradicted) - do not let data_wave retire every name at the address. D_800A3820 stays (undefined_syms_auto.txt:164; sdata_syms.txt:282; sdata_exclude.txt:25/26/31/33 name unchanged). C uses D_ only (s32/u32 in code6cac_c2.c:61, text1a_pre.c:555, text1b.c:641, include/code6cac.h:386, m2c_context.h:298)."
data,0x80102C00,g_sound_3d_data_buffer; D_80102C00,D_80102C00,D_80102C00,CONFIRM,reset-contradicted,"own scan verify/xref.py (per-function forward dataflow over raw EXE words, value sets per reg + stack slot, branch/delay slots, jump tables, gp=0x800A30CC [MOVOVL gp=0x801F65D0], base-register + indexed + via-pointer accesses, constants passed as a0-a3 / stored to memory, every aligned EXE + MOVOVL data word); query verify/q.py: address formed only as the list start stored to D_800A3820 (func_80054F68 @80054F6C, func_80046BF4 @80046C04, func_80044504 @80044630) and as the walk pointer s7 of func_8004A4E0 (@8004A518; lw 0(s7)=node, lbu type -> jtbl_8001541C). Contents are the node pointers appended via D_800A3820; sole consumer is the GTE renderer whose resolved reach has no sound function (see 0x800A3820 row). Nearby form 0x80102BC0 (func_8003AFFC) is loop over-approximation (s1=0x80101EDC, 2 iterations).","Delete named_syms.txt:2012. Keep D_80102C00 (undefined_syms_auto.txt:850). C: src/sound.c:85 extern s32, src/text1a_c.c:1321 extern s32, src/text1b.c:2196 extern u32 (separate TUs; no in-TU conflict)."
data,0x800A33C8,g_sound_3d_angle_h; D_800A33C8,D_800A33C8,D_800A33C8,CONFIRM,reset-contradicted,"own scan verify/xref.py (per-function forward dataflow over raw EXE words, value sets per reg + stack slot, branch/delay slots, jump tables, gp=0x800A30CC [MOVOVL gp=0x801F65D0], base-register + indexed + via-pointer accesses, constants passed as a0-a3 / stored to memory, every aligned EXE + MOVOVL data word); query verify/q.py: only accesses sh %gp_rel @80047450 (-ratan2 result) and 0x800A33CA sh @80047454, both in func_80047384 (C src/sound.c:521-523), which also returns &D_800A33C8 (form @8004744C). Its only caller (no pointer word, no form of 0x80047384 anywhere) is func_8003E6D8 @8003E734 whose next insns overwrite a0/a1 and jal math_RotMatrixYXZ - v0 discarded. Reach of func_80047384 = ApplyMatrix [VERIFIED], math_RotMatrixYXZ [CORROBORATED], ratan2 [VERIFIED]. Write-only GTE-derived angle, no reader, no sound code (25b precedent g_snd_3d_angle_h_b).","Delete named_syms.txt:1607. Keep D_800A33C8 (undefined_syms_auto.txt:1052; sdata_syms.txt:89, name unchanged). C: src/sound.c:42 extern s16 (gp-rel stores sound.c:521-523). named_syms.txt:1636 comment on D_800EEE00 cites g_sound_3d_angle_h/v - stale after retirement."
data,0x800A33CA,g_sound_3d_angle_v; D_800A33CA,D_800A33CA,D_800A33CA,CONFIRM,reset-contradicted,"Same as 0x800A33C8: single access sh s0 %gp_rel @80047454 in func_80047384 (s0 = the other ratan2 result); no reader; caller discards the returned &D_800A33C8; reach ApplyMatrix/ratan2 [VERIFIED], math_RotMatrixYXZ [CORROBORATED].",Delete named_syms.txt:1608. Keep D_800A33CA (undefined_syms_auto.txt:107; sdata_syms.txt:90). C: src/sound.c:43 extern s16. named_syms.txt:1636 stale comment (see 0x800A33C8).
data,0x8009BBEC,g_str_r_8009BBEC,D_8009BBEC,D_8009BBEC,CONFIRM,reset-contradicted,"own scan verify/xref.py (per-function forward dataflow over raw EXE words, value sets per reg + stack slot, branch/delay slots, jump tables, gp=0x800A30CC [MOVOVL gp=0x801F65D0], base-register + indexed + via-pointer accesses, constants passed as a0-a3 / stored to memory, every aligned EXE + MOVOVL data word); query verify/q.py: only reference func_80063E10: t3=&X @800642A0/A4, then `lwc2 $2,0(t3); lwc2 $3,4(t3)` @800642B8/BC (GTE VXY1/VZ1 - CORRECTION: the miner wrote $0/$1; $0/$1 come from D_8009BBE4, $4/$5 from D_8009BBF4: an RTPT vertex triple). EXE s16 = (82,0,-220,0): 0x52 read as 'R' by spimdisasm. The nearby RotTransPers4 array D_8009BB84[s2*32] in func_8006295C stops at s2<3 (0x8009BBE3). C already `extern SVECTOR D_8009BBEC` (src/text1b.c:6827). A GTE vector, not a string.",Delete named_syms.txt:730. D_8009BBEC defined by dlabel asm/data/7D920.data.s:23454. C text1b.c:6827/7044 unchanged.
data,0x8009BBFC,g_str_r_8009BBFC,D_8009BBFC,D_8009BBFC,CONFIRM,reset-contradicted,"own scan verify/xref.py (per-function forward dataflow over raw EXE words, value sets per reg + stack slot, branch/delay slots, jump tables, gp=0x800A30CC [MOVOVL gp=0x801F65D0], base-register + indexed + via-pointer accesses, constants passed as a0-a3 / stored to memory, every aligned EXE + MOVOVL data word); query verify/q.py: only reference func_80063E10: t1=&X @80064360/64, `lwc2 $0,0(t1); lwc2 $1,4(t1)` @80064388/8C (GTE VXY0/VZ0). EXE s16 = (82,0,78,0). C `extern SVECTOR D_8009BBFC` (text1b.c:6829). An 8-byte GTE vector, not the string 'R'.",Delete named_syms.txt:731. D_8009BBFC defined by dlabel 7D920.data.s:23471. C unchanged.
data,0x8009BC04,g_str_r_8009BBFC_plus_8; D_8009BC04,D_8009BC04,D_8009BC04,CONFIRM,reset-contradicted,"Base 0x8009BBFC is an 8-byte SVECTOR (row above; lwc2 reads +0..+7), so +8 is outside it (and outside 'R\0'). own scan verify/xref.py (per-function forward dataflow over raw EXE words, value sets per reg + stack slot, branch/delay slots, jump tables, gp=0x800A30CC [MOVOVL gp=0x801F65D0], base-register + indexed + via-pointer accesses, constants passed as a0-a3 / stored to memory, every aligned EXE + MOVOVL data word); query verify/q.py: 0x8009BC04 = word 0x000000FF, own dlabel 7D920.data.s:23483; lw/sw word accesses in func_80068ECC (80068ED4/80068F6C), func_80068F70 (80068FF0), func_800693CC (800694AC/80069510), func_8006A880 (8006A9E4) - a row bitmask (C text1b.c:8395/9330).",Delete named_syms.txt:2311. Keep D_8009BC04 (undefined_syms_auto.txt:1141; sdata_exclude.txt:108 func_80068F70: D_8009BC04 unchanged). C text1b.c:3251/8363/9272 extern s32 unchanged.
data,0x8009BC08,g_str_r_8009BBFC_plus_8_plus_4; D_8009BC08,D_8009BC08,D_8009BC08,CONFIRM,reset-contradicted,"Outside the 8-byte SVECTOR base. own scan verify/xref.py (per-function forward dataflow over raw EXE words, value sets per reg + stack slot, branch/delay slots, jump tables, gp=0x800A30CC [MOVOVL gp=0x801F65D0], base-register + indexed + via-pointer accesses, constants passed as a0-a3 / stored to memory, every aligned EXE + MOVOVL data word); query verify/q.py: word 0x000000BF, own dlabel 7D920.data.s:23489; lw/sw in func_800693CC (80069648/60/6C) and func_8006A880 (8006A8C0) - s32 row mask (C text1b.c:9307). Binary data, not string.",Delete named_syms.txt:2610. Keep D_8009BC08 (undefined_syms_auto.txt:1142). C text1b.c:9273 extern s32.
data,0x8009BC0C,g_str_r_8009BBFC_plus_8_plus_8; D_8009BC0C,D_8009BC0C,D_8009BC0C,CONFIRM,reset-contradicted,"Outside the 8-byte SVECTOR base. own scan verify/xref.py (per-function forward dataflow over raw EXE words, value sets per reg + stack slot, branch/delay slots, jump tables, gp=0x800A30CC [MOVOVL gp=0x801F65D0], base-register + indexed + via-pointer accesses, constants passed as a0-a3 / stored to memory, every aligned EXE + MOVOVL data word); query verify/q.py: byte 0x00, own 1-byte dlabel 7D920.data.s:23495; indexed lbu table base in func_800693CC (80069710/784/7FC/82C). Not text.",Delete named_syms.txt:2611. Keep D_8009BC0C (undefined_syms_auto.txt:1143). No C decl (func_800693CC is asm).
data,0x8009BC0D,g_str_r_8009BBFC_plus_8_plus_9; D_8009BC0D,D_8009BC0D,D_8009BC0D,CONFIRM,reset-contradicted,"Outside the 8-byte SVECTOR base. own scan verify/xref.py (per-function forward dataflow over raw EXE words, value sets per reg + stack slot, branch/delay slots, jump tables, gp=0x800A30CC [MOVOVL gp=0x801F65D0], base-register + indexed + via-pointer accesses, constants passed as a0-a3 / stored to memory, every aligned EXE + MOVOVL data word); query verify/q.py: bytes 03 01 03 02 03 04 01 05 01 06 02 03 03 07 00 (dlabel 7D920.data.s:23501); indexed lbu table in func_800693CC (80069574/5D0/698/6BC/6E0). Not text.",Delete named_syms.txt:2612. Keep D_8009BC0D (undefined_syms_auto.txt:68). No C decl.
data,0x800A312C,g_str_gn_bbm_800A3124_plus_8; D_800A312C,D_800A312C,D_800A312C,CONFIRM,reset-contradicted,"EXE: 'GN.BBM\0' at 0x800A3124 (7 bytes, dlabel 91C98.data.s:2589 .asciz + align) - the base name itself is true. 0x800A312C own dlabel (:2597) = halfwords (0x1000,-0x400,0,0). own scan verify/xref.py (per-function forward dataflow over raw EXE words, value sets per reg + stack slot, branch/delay slots, jump tables, gp=0x800A30CC [MOVOVL gp=0x801F65D0], base-register + indexed + via-pointer accesses, constants passed as a0-a3 / stored to memory, every aligned EXE + MOVOVL data word); query verify/q.py: only ref = func_8003CF84 forms it @8003D124 and passes a1 to func_800618B4 @8003D160 (C code6cac_c2.c:943). Non-text data past the string's NUL/padding.",Delete named_syms.txt:2324. Keep D_800A312C (undefined_syms_auto.txt:890). C code6cac_c2.c:901 extern s32. Keep g_str_gn_bbm_800A3124 (true).
data,0x800A3134,g_str_gn_bbm_800A3124_plus_8_plus_8; D_800A3134,D_800A3134,D_800A3134,CONFIRM,reset-contradicted,"Word 0x00000BB8 (3000), own dlabel 91C98.data.s:2604, 16 bytes past a 7-byte string. own scan verify/xref.py (per-function forward dataflow over raw EXE words, value sets per reg + stack slot, branch/delay slots, jump tables, gp=0x800A30CC [MOVOVL gp=0x801F65D0], base-register + indexed + via-pointer accesses, constants passed as a0-a3 / stored to memory, every aligned EXE + MOVOVL data word); query verify/q.py: only access lw @8002884C (func_8002872C; C code6cac_b.c:1095 compared with D_800A387C). Not text.",Delete named_syms.txt:2774. Keep D_800A3134 (undefined_syms_auto.txt:891). C include/code6cac.h:284 extern s32.
data,0x800A36B8,g_special_cam_win_byte_a; D_800A36B8,D_800A36B8,D_800A36B8,CONFIRM,reset-contradicted,"own scan verify/xref.py (per-function forward dataflow over raw EXE words, value sets per reg + stack slot, branch/delay slots, jump tables, gp=0x800A30CC [MOVOVL gp=0x801F65D0], base-register + indexed + via-pointer accesses, constants passed as a0-a3 / stored to memory, every aligned EXE + MOVOVL data word); query verify/q.py: writes = func_80035F78 sb a1..a4 to +0..+3 (80035F7C/84/8C/9C); reads = func_80036140 lbu +0..+3 (80036154/1B0/20C/268) each interpolated with g_cd_atv+k by D_800A3840/D_800A3854, results sb to sp+0x10..0x13 then CdMix(sp+0x10) [VERIFIED]; at the end lwl/lwr copy X -> g_cd_atv (80036304-80036320). g_cd_atv = the CdMix CdlATV (CONFIRMed 09-24; it was the sibling 'g_special_cam_win_byte_b'). No other access/pointer. A CD-audio attenuation target, nothing camera.",Delete named_syms.txt:1034 only. Keep D_800A36B8 (undefined_syms_auto.txt:963; sdata_syms.txt:228; maspsx_comm_syms.txt:20-21 name unchanged). C include/code6cac.h:312 extern CdlATV.
data,0x800A3220,g_shadow_tex_state_b_plus_4,D_800A3220,D_800A3220,CONFIRM,reset-contradicted,"Base 0x800A321C is a 4-byte word (dlabel 91C98.data.s:2928, init 1); its only access is lw %gp_rel in func_8003D2F4 (bnez) - CORRECTION: the miner's '0/1 toggled' is D_800A3218, not 321C. 0x800A3220 own dlabel (:2934, 8 bytes) = RECT {1008,476,16,36}; own scan verify/xref.py (per-function forward dataflow over raw EXE words, value sets per reg + stack slot, branch/delay slots, jump tables, gp=0x800A30CC [MOVOVL gp=0x801F65D0], base-register + indexed + via-pointer accesses, constants passed as a0-a3 / stored to memory, every aligned EXE + MOVOVL data word); query verify/q.py: only ref func_8003D2C4 @8003D2D0 a0 of LoadImage [VERIFIED] @8003D2DC. Outside the state word; a LoadImage RECT.",Delete named_syms.txt:2329 only (keep g_shadow_tex_state_b). D_800A3220 is defined by its dlabel (no registry line). C include/code6cac.h:287 extern u32; code6cac_c2.c:972.
data,0x80090178,g_unlock_anim_char_table_plus_12,D_80090178,D_80090178,CONFIRM,reset-contradicted,"Base 0x8009016C: 12-byte dlabel (7D920.data.s:4669) 00 01 02 03 04 05 0B 0A 0C 0D 00 00, read only by func_8003C040 @8003C204 lbu [D_800A38A4]; every writer of D_800A38A4 stores a constant 0..9 (func_80033BC0, func_80033FE4 x2, func_8003B5A4, func_8003C2C0, func_8003C560) so +12 is never indexed. 0x80090178: own dlabel 7D920.data.s:4686-4975 = exactly 0x480 bytes = 16*36*2; own scan verify/xref.py (per-function forward dataflow over raw EXE words, value sets per reg + stack slot, branch/delay slots, jump tables, gp=0x800A30CC [MOVOVL gp=0x801F65D0], base-register + indexed + via-pointer accesses, constants passed as a0-a3 / stored to memory, every aligned EXE + MOVOVL data word); query verify/q.py: only ref func_8003D2C4 @8003D2D8 a1 (pixel pointer) of LoadImage [VERIFIED] with RECT 16x36 (row 0x800A3220). Image data, not a char-table entry.",Delete named_syms.txt:2754 only. D_80090178 defined by its dlabel. C include/code6cac.h:256 extern u32.
data,0x80015620,D_80015620; g_pitch_lookup_table_128,g_sqrt_table,g_sqrt_table,CONFIRM,computation-restatement,"verify/tables.py (exact integer math.isqrt, own formula): u16 T[i] == floor(512*sqrt(i)) == isqrt(262144*i) for ALL i in 0..255, 0 mismatches; first mismatch i=256 (0x80015820, next object) -> extent exactly 512 bytes = C `const u32 D_80015620[128]` (src/text1a_b_pre_rodata.c:175). T[64..255] == Sony SQRT@0x8009C7A8[0..191] (192/192). own scan verify/xref.py (per-function forward dataflow over raw EXE words, value sets per reg + stack slot, branch/delay slots, jump tables, gp=0x800A30CC [MOVOVL gp=0x801F65D0], base-register + indexed + via-pointer accesses, constants passed as a0-a3 / stored to memory, every aligned EXE + MOVOVL data word); query verify/q.py: sole consumer math_SquareRoot0 [CORROBORATED] (form @800526B4, lh indexed @800526D0/800526F4). Content-name class = g_sin_table precedent (09-24 CONFIRM, computation-restatement). 'pitch lookup' is contradicted by content and consumer. Name claims only 'square-root table'; scale 512 stays in evidence. No collision.","C DEFINITION rename: src/text1a_b_pre_rodata.c:175 (+comment :174). asm/funcs/math_SquareRoot0.s:6-7 (INCLUDE_ASM text1b.c:1474; inline_asm_canonical.txt:148 key) and asm/text1b.s:11591 reference %hi/%lo(D_80015620) and D_80015620 has NO undefined_syms_auto line (today it resolves from the C definition) -> either rename the asm reference or ADD `D_80015620 = 0x80015620;` alias, else link breaks. Retire g_pitch_lookup_table_128 named_syms.txt:862; named_syms.txt:3059 comment mentions D_80015620."
data,0x8008D118,D_8008D118; g_isqrt_lut; g_module_type_tbl,g_isqrt_lut,g_sqrt_table_u8,CONFIRM,computation-restatement,"CONFIRM WITH NAME CORRECTION. verify/tables.py: u8 T[i] == floor(8*sqrt(i)) == isqrt(64*i) for ALL i in 0..1023, 0 mismatches (round variant: 520 mismatches); first mismatch i=1024 (0x8008D518 = next dlabel D_8008D518, bytes 00 04 00 00). Extent = 8 bytes in src/main.c DelDrv inline asm (label g_module_type_tbl, .word 0x0D0B0800 0x15131110 = T[0..7]) + dlabel D_8008D120 (7D920.data.s:9-264, ends 0x8008D517). own scan verify/xref.py (per-function forward dataflow over raw EXE words, value sets per reg + stack slot, branch/delay slots, jump tables, gp=0x800A30CC [MOVOVL gp=0x801F65D0], base-register + indexed + via-pointer accesses, constants passed as a0-a3 / stored to memory, every aligned EXE + MOVOVL data word); query verify/q.py: all 58 accesses are indexed lbu (no other kind, no pointer word). 'module type indices' contradicted by content. WHY NOT g_isqrt_lut: 'isqrt' is read as inverse-sqrt - the repo's own docs/naming/data_evidence/D_8008D118.md says 'This is the inverse-sqrt LUT', which is false (forward sqrt), and the neighbouring 0x800154A0 table is a true reciprocal-sqrt table; a demonstrated misreading = misleading name. g_sqrt_table_u8 claims only 'square-root table, u8 entries'. No collision.","DOUBLE REGISTRATION today: object-defined `.global g_module_type_tbl` (.type @function) in src/main.c:4415-4418 inside the DelDrv inline asm (main.o .text) + linker-script assignments g_isqrt_lut (named_syms.txt:327) and D_8008D118 (undefined_syms_auto.txt:33) - three names, one address, links today. APPLY: (1) rename the main.c label (4415/4416/4417/4418) and include/code6cac.h:11 `extern u8 g_module_type_tbl` to the final name; (2) remove named_syms.txt:327 g_isqrt_lut (+942 comment) and symbol_addrs.txt:226 g_module_type_tbl; do NOT add a named_syms line for the object-defined name (rsin_tbl/SQRT 09-07 mechanics); (3) KEEP D_8008D118 (undefined_syms_auto.txt:33) unless every user is renamed: 24 asm/funcs/*.s + C externs code6cac.c:20, code6cac_b.c:431/4989 + ~58 C sites (the miner's 'retire undefined_syms_auto.txt:33' would break the link); (4) tools/board_sync.py:61 _MAP_EXCLUDE and inline_asm_canonical.txt:129 (DelDrv prose) name g_module_type_tbl; (5) correct docs/naming/data_evidence/D_8008D118.md ('inverse-sqrt'). Table straddles .text(main.o)/.data(D_8008D120)."
data,0x800154A0,D_800154A0; g_text1b_addr_800154A0,g_rsqrt_table,g_rsqrt_table,CONFIRM,computation-restatement,"verify/tables.py: s16 T[i] == floor(4096*sqrt(64/(64+i))) == isqrt(4096^2*64 // (64+i)) for ALL i in 0..191, 0 mismatches (round variant 99 mismatches); identically T[i] == floor(32768/sqrt(64+i)) = 2^15 * rsqrt(64+i) -> 'rsqrt' (reciprocal square root) is TRUE of the content (index is the normalised mantissa 64+i; T[0]=4096, T[191]=2052). First mismatch i=192 = 0x80015620 (next table) -> extent 384 bytes = C `const u32 D_800154A0[96]` (text1a_b_pre_rodata.c:75). own scan verify/xref.py (per-function forward dataflow over raw EXE words, value sets per reg + stack slot, branch/delay slots, jump tables, gp=0x800A30CC [MOVOVL gp=0x801F65D0], base-register + indexed + via-pointer accesses, constants passed as a0-a3 / stored to memory, every aligned EXE + MOVOVL data word); query verify/q.py: sole consumer func_800525D8 (form @80052654, lh indexed @8005265C); the func_80049F4C copy near it stops at 0x8001541B. Name claims nothing about func_800525D8 (held gte_NormalizeIR stays unnamed). Old alias is a mechanical label. No collision.","C DEFINITION rename: src/text1a_b_pre_rodata.c:75 (+comment :74). asm/funcs/func_800525D8.s:34-35 (INCLUDE_ASM text1b.c:1460; inline_asm_canonical.txt:184 key) and asm/text1b.s:11561 reference D_800154A0, which has NO undefined_syms_auto line -> rename the asm reference or add a `D_800154A0 = 0x800154A0;` alias. Retire named_syms.txt:2544."
data,0x800F5370,D_800F5370; g_scratchpad_save,g_scratchpad_save,g_scratchpad_save,CONFIRM,computation-restatement,"Pair-private state (ruling 2026-09-25 item 4; pair scratchpad_Save/Restore CORROBORATED). Bodies re-read: func_80017F28 copies 0xF8 words 0x1F800000.. -> 0x800F5370.. (sltiu 0xF8), func_80017F5C the inverse: object = 0x3E0 bytes 0x800F5370..0x800F574F; next object _svm_rattr 0x800F5750 (libsnd). own scan verify/xref.py (per-function forward dataflow over raw EXE words, value sets per reg + stack slot, branch/delay slots, jump tables, gp=0x800A30CC [MOVOVL gp=0x801F65D0], base-register + indexed + via-pointer accesses, constants passed as a0-a3 / stored to memory, every aligned EXE + MOVOVL data word); query verify/q.py over 0x800F5170..0x800F574F: accesses/forms only in those two functions; no pointer word (EXE or MOVOVL), no arg, no ptrstore. Lower objects verified not to reach it: _svm_voice[24] x0x36 = 0x800F4E18..0x800F5327 (_SsVmFlush loop bound _SsVmMaxVoice); func_8001E404 copies 0x44 bytes from 0x800F5328 (to 0x800F536B); other scanner hits there are loop over-approximation. Name restates the pair role only.",C: src/ings.c:43 `extern u32 D_800F5370` -> g_scratchpad_save (uses :935/:942); no other decl/header. named_syms.txt:432 keep line but drop the unproven 'used by IRQ context save/restore' comment (427/428 comments fine). D_800F5370 (undefined_syms_auto.txt:576) referenced only by unlinked asm/funcs/func_80017F28.s / func_80017F5C.s (both decompiled in ings.c) -> may retire. Not sdata. BSS.
data,0x800A368C,D_800A368C; g_comb_recv_buf_plus_4,g_comb_recv_buf_plus_0x4,g_comb_recv_buf_plus_0x4,CONFIRM,api-restatement,"Base g_comb_recv_buf 0x800A3688 CONFIRMed 09-24 (data-api-restatement). Re-read comb_Read8: a1=&g_comb_recv_buf, a0=g_comb_read_fd, a2=8, jal read [VERIFIED LIBAPI] -> fills 0x800A3688..0x800A368F; 0x800A368C = bytes 4..7 inside the 8-byte object. own scan verify/xref.py (per-function forward dataflow over raw EXE words, value sets per reg + stack slot, branch/delay slots, jump tables, gp=0x800A30CC [MOVOVL gp=0x801F65D0], base-register + indexed + via-pointer accesses, constants passed as a0-a3 / stored to memory, every aligned EXE + MOVOVL data word); query verify/q.py: 0x800A368C only lw base @8003A690 in comb_WaitRead8 [CORROBORATED] next to its gp lw of +0; no other access. Spelling-only rename to the house _plus_0xN member convention (g_pad_buf_plus_0x4, _spu_RQ_plus_0x4).","Retire named_syms.txt:2361 g_comb_recv_buf_plus_4. C: include/code6cac.h:293 extern s32 D_800A368C (use code6cac_c_mid.c:1797). HAZARD: sdata_exclude.txt:20 `comb_WaitRead8: D_800A368C` must follow the rename if the C symbol is renamed; keep it OUT of sdata_syms (lui-addressed, unlike +0 which is gp-rel). undefined_syms_auto.txt:955 D_800A368C."
data,0x800A369C,D_800A369C; g_pad_rec_current_hash,g_comb_send_buf_plus_0x4,g_comb_send_buf_plus_0x4,CONFIRM,api-restatement,"Base g_comb_send_buf 0x800A3698 CONFIRMed 09-24. Re-read comb_Write8: a1=&g_comb_send_buf, a0=g_comb_write_fd, a2=8, jal write [VERIFIED] -> transmits 0x800A3698..0x800A369F; 0x800A369C = bytes 4..7. own scan verify/xref.py (per-function forward dataflow over raw EXE words, value sets per reg + stack slot, branch/delay slots, jump tables, gp=0x800A30CC [MOVOVL gp=0x801F65D0], base-register + indexed + via-pointer accesses, constants passed as a0-a3 / stored to memory, every aligned EXE + MOVOVL data word); query verify/q.py: only func_8003A728: sw @8003A7B4 (a0 = 4|v0) before comb_Write8(&g_comb_send_buf) (a0 forms @8003A7DC/8003A868), lw @8003AA0C copied to D_800A36D4. 'pad-record hash' is unsupported; the member name is API-proven.",Retire named_syms.txt:1073 g_pad_rec_current_hash (+ stale comment :1069). C: src/code6cac_c_mid.c:1827 and include/code6cac.h:295 both `extern s32 D_800A369C` (same type; rename both or neither); comments code6cac_c_mid.c:1856/1869. Not in sdata_syms/sdata_exclude. undefined_syms_auto.txt:958.
