kind,addr,old_name(s),final_name,verdict,reason
func,0x80042FA0,func_80042FA0,math_MatrixToAnglesYXZ,APPLY,"[api] Final re-derivation from matched C text1a_c.c:523 (= EXE): col3=M*(0,0,4096) -> vy=ratan2(m02,m22), vx from ratan2(-m12, cos/sin combo), undo with math_RotMatrixXYZ(-vx,-vy,0)*M, col2 -> vz. With Sony axis matrices M=Ry*Rx*Rz gives col3=(sy*cx,-sx,cy*cx) and Rz col2=(-sz,cz,0) -> recovers (vx,vy,vz): inverse of math_RotMatrixYXZ, same letter=product-order convention as the family. Approximate (<=7.5/4096) -> plain name per ruling 09-25 s2. No false inference."
func,0x800168F8,func_800168F8,rcnt_StartCnt1Wrapper,APPLY,"[struct] EXE words 27bdffe8 afbf0010 0c011aba(jal 0x80046AE8) 00000000 8fbf0010 27bd0018 03e00008 = one jal, no args/stores; callee rcnt_StartCnt1 CORROBORATED (3c04f200 34840001 2405ffff jal SetRCnt 24062000 ...). 'Wrapper' claims only that; the restatement name is taken by the callee."
func,0x80043E98,func_80043E98,gpu_OffsetTPageClutAt0And4,APPLY,"[struct] asm read: lh +0 -> gpu_OffsetTPage(t,s16 a1,s16 a2) -> sh +0; lh +4 -> gpu_OffsetClut(c,s16 a3,s16 stack+0x10) -> sh +4; both callees CORROBORATED computation-restatement. gpu_ is the callees' own subsystem prefix; no Sony struct/primitive is named and the offsets are raw, so it cannot be read as a LIBGPU type."
func,0x80043F0C,func_80043F0C,gpu_OffsetTPageClutAt6And2,APPLY,"[struct] Same body with lh/sh +6 for the TPage leg and +2 for the Clut leg (asm read); name order TPage->6, Clut->2 matches."
func,0x80042ED8,func_80042ED8,math_TransposeMatrixInPlace,APPLY,"[compute] 14 EXE words decoded by hand: +4<-+C, +2<-+6, +C<-old+4, +6<-old+2, +E<-old+A, +A<-old+E; every source is loaded before its overwrite = in-place 3x3 s16 transpose, nothing else touched. Name uses Sony TransposeMatrix vocabulary + InPlace, claims no Sony identity."
func,0x80052CD4,func_80052CD4,gte_ReadIR1IR2Sra2,APPLY,"[compute] EXE words 48084800 48095000 00084083 00094883 ac880000 aca90000 = mfc2 IR1(d9), mfc2 IR2(d10), sra 2 each, sw to *a0/*a1. Name states exactly that; Sra2 applies literally to the stored values (unlike the rejected _Shr2)."
func,0x80084A7C,func_80084A7C,_SsSeqGetEof,APPLY,[lib] Own check (tools/libscan/psyq_lib parser): LIBSND 4.0 MIDIREAD placed at VERIFIED _SsSeqPlay 0x80084974; XDEF _SsSeqGetEof +0x108 = 0x80084A7C = glabel; 135/135 unmasked words equal; 10 masked relocs = _ss_score / _SsSndNextSep[VERIFIED] / _SsVmSeqKeyOff[VERIFIED] / intra-module j. Word-verbatim body at the exact XDEF offset satisfies the 09-07 ruling's 'closer build' condition.
data,0x800A2CFC,g_spu_state_table_9 (C: D_800A2CFC),_spu_addrMode,APPLY,[lib] Own check: LIBSPU SPU .text 0/741 unmasked at 0x80088740; HI/LO data relocs -> .data base 0x800A2CDC; 92 B .data == EXE; XDEF _spu_addrMode +0x20 -> 0x800A2CFC.
data,0x800A2D00,g_spu_init_const_a (C: D_800A2D00),_spu_mem_mode,APPLY,[lib] Same SPU placement; XDEF _spu_mem_mode +0x24 -> 0x800A2D00.
data,0x800A2D08,g_spu_init_const_c (C: D_800A2D08),_spu_mem_mode_unit,APPLY,[lib] Same SPU placement; XDEF _spu_mem_mode_unit +0x2C -> 0x800A2D08.
data,0x800A28A4,g_spu_voice_vol_table (C: D_800A28A4[]),_spu_voice_centerNote,APPLY,"[lib] Own check: S_INI .text 0/93 at 0x800885CC; data base 0x800A2868 from relocs; .data == EXE except bytes +3,+4,+5,+7 (anonymous header); XDEF _spu_voice_centerNote +0x3C -> 0x800A28A4, next XDEF +0x6C (u16[24])."
data,0x800A28D2,g_main_u16_base_A28D2 (C: D_800A28D2),_spu_voice_centerNote_plus_0x2E,APPLY,"[lib] 0x800A28D2 = 0x800A2868+0x6A = _spu_voice_centerNote+0x2E = element [23], inside the 0x30 extent. _plus_0xN on a Sony base is established house spelling (47 lines, e.g. _spu_RQ_plus_0x4, _svm_voice_plus_0x6), not an invention. Apply only together with 0x800A28A4."
data,0x800A1518,g_vsync_counter_snapshot (C: D_800A1518),Hcount,APPLY,[lib] Own check: VSYNC .text 0/121 at 0x800828CC; data base 0x800A1508; 24 B .data == EXE; XDEF Hcount +0x10 -> 0x800A1518.
data,0x800A0928,g_display_lookup_a0928 (C: D_800A0928[]),ratan_tbl,APPLY,[lib] Own check: RATAN .text 0/96 at 0x8007FD5C; data base 0x800A0928 from HI/LO; 2050 B .data == EXE; XDEF ratan_tbl +0.
func,0x80046F24,camera_InitMatrix,func_80046F24,APPLY,"[inferred] Own asm read: stores [[0x1000,-a,0],[0,0,0],[0,-b,0x1000]] (row 1 all zero: singular), a,b = ratios of D_800F62F8/FA/FC; func_8004A940 @8004ACF4-AD18 loads that record's +0x18..+0x28 straight into ctc2 $8-$12 (GTE light matrix). Not a camera matrix; contradiction real."
func,0x8004700C,camera_Transform,func_8004700C,APPLY,"[inferred] Own asm read (the flagged soft spot): RT=&D_800EEDB0 (the singular matrix) via gte_MulMatrix0ClearTrans; out.t.y=a2; out.t.x/z = t + (t.y-a2)*m01|m21>>12 = planar projection along the light-1 direction onto y=a2 (planar-shadow transform). Reads only a0, a2, D_800EEDB0; the view step is applied later by the caller exactly as for every node. 'camera transform' contradicted."
func,0x80062020,se_helper,func_80062020,APPLY,[inferred] Verifier consumer trace accepted (records feed ApplyRotMatrixLV/RotTransPers/SetPolyFT4 in func_800620B8; no sound callee); alias-only.
data,0x800A37EC,g_round_timer_plus_4_800A37EC; D_800A37EC,D_800A37EC,APPLY,[data] RESET: verifier's concrete contradiction reviewed and accepted; retires only the listed alias; no positive row depends on the retired name.
data,0x800A37E0,g_memcard_event_io_complete_plus_4; D_800A37E0,D_800A37E0,APPLY,"[data] Own scan: single sb @8001B1AC; the base event handle is a word, +4 is outside it."
data,0x800A37E1,g_memcard_event_io_complete_plus_5; D_800A37E1,D_800A37E1,APPLY,[data] Own scan: u8 counter (lbu/sb in func_8001BE20/8001CE60/800342A0); outside the 4-byte handle.
data,0x80101BD0,g_memcard_slot_plus_4; D_80101BD0,D_80101BD0,APPLY,[data] Own asm read @8004451C-54: &X passed as the MATRIX to math_RotMatrixZXY/MulMatrix/MulMatrix2; not +4 of the 1-byte _SsVmMaxVoice.
data,0x800FF6A8,g_voice_state_ptr_plus_8; D_800FF6A8,D_800FF6A8,APPLY,[data] RESET: verifier's concrete contradiction reviewed and accepted; retires only the listed alias; no positive row depends on the retired name.
data,0x800A2D1C,g_spu_timer_plus_4; D_800A2D1C,D_800A2D1C,APPLY,[data] RESET: verifier's concrete contradiction reviewed and accepted; retires only the listed alias; no positive row depends on the retired name.
data,0x80102788,g_practice_lesson_flag_b_plus_1; D_80102788,D_80102788,APPLY,[data] RESET: verifier's concrete contradiction reviewed and accepted; retires only the listed alias; no positive row depends on the retired name.
data,0x8010278A,g_practice_lesson_flag_b_plus_3,D_8010278A,APPLY,[data] RESET: verifier's concrete contradiction reviewed and accepted; retires only the listed alias; no positive row depends on the retired name.
data,0x80106A78,g_file_flags_plus_5; D_80106A78,D_80106A78,APPLY,[data] RESET: verifier's concrete contradiction reviewed and accepted; retires only the listed alias; no positive row depends on the retired name.
data,0x800A307C,g_snd_callback; D_800A307C,D_800A307C,APPLY,[data] RESET: verifier's concrete contradiction reviewed and accepted; retires only the listed alias; no positive row depends on the retired name.
data,0x800EF848,g_snd_ch_data; D_800EF848,D_800EF848,APPLY,[data] RESET: verifier's concrete contradiction reviewed and accepted; retires only the listed alias; no positive row depends on the retired name.
data,0x80099C34,g_snd_se_bank,D_80099C34,APPLY,[data] RESET: verifier's concrete contradiction reviewed and accepted; retires only the listed alias; no positive row depends on the retired name.
data,0x800A3808,g_sound_3d_dma_snapshot; D_800A3808,D_800A3808,APPLY,[data] RESET: verifier's concrete contradiction reviewed and accepted; retires only the listed alias; no positive row depends on the retired name.
data,0x800A3820,g_sound_3d_cursor; g_hira_packet_cursor; D_800A3820,D_800A3820,APPLY,"[data] Contradiction real (render-list cursor consumed by the GTE renderer). APPLY AS HAND EDIT ONLY: delete named_syms.txt:2013 g_sound_3d_cursor (registry-only; no src/asm/list use). Do NOT run data_wave on this address - it would also retire g_hira_packet_cursor (named_syms.txt:786), which is not covered by this verdict."
data,0x80102C00,g_sound_3d_data_buffer; D_80102C00,D_80102C00,APPLY,[data] RESET: verifier's concrete contradiction reviewed and accepted; retires only the listed alias; no positive row depends on the retired name.
data,0x800A33C8,g_sound_3d_angle_h; D_800A33C8,D_800A33C8,APPLY,"[data] Accepted on the 25b write-only precedent. Note: the writer is C 'camera_CalcAngles' (sound.c) deriving view-direction angles from D_800A3708+0x10; no code reads the value, so no sound use exists."
data,0x800A33CA,g_sound_3d_angle_v; D_800A33CA,D_800A33CA,APPLY,[data] As 0x800A33C8.
data,0x8009BBEC,g_str_r_8009BBEC,D_8009BBEC,APPLY,"[data] Own asm read: func_80063E10 lwc2 $2/$3 from &X (GTE VXY1/VZ1); EXE s16 (82,0,-220,0). An SVECTOR, not the string 'R'."
data,0x8009BBFC,g_str_r_8009BBFC,D_8009BBFC,APPLY,"[data] Own asm read: lwc2 $0/$1 from &X; EXE s16 (82,0,78,0). SVECTOR."
data,0x8009BC04,g_str_r_8009BBFC_plus_8; D_8009BC04,D_8009BC04,APPLY,[data] RESET: verifier's concrete contradiction reviewed and accepted; retires only the listed alias; no positive row depends on the retired name.
data,0x8009BC08,g_str_r_8009BBFC_plus_8_plus_4; D_8009BC08,D_8009BC08,APPLY,[data] RESET: verifier's concrete contradiction reviewed and accepted; retires only the listed alias; no positive row depends on the retired name.
data,0x8009BC0C,g_str_r_8009BBFC_plus_8_plus_8; D_8009BC0C,D_8009BC0C,APPLY,[data] RESET: verifier's concrete contradiction reviewed and accepted; retires only the listed alias; no positive row depends on the retired name.
data,0x8009BC0D,g_str_r_8009BBFC_plus_8_plus_9; D_8009BC0D,D_8009BC0D,APPLY,[data] RESET: verifier's concrete contradiction reviewed and accepted; retires only the listed alias; no positive row depends on the retired name.
data,0x800A312C,g_str_gn_bbm_800A3124_plus_8; D_800A312C,D_800A312C,APPLY,[data] RESET: verifier's concrete contradiction reviewed and accepted; retires only the listed alias; no positive row depends on the retired name.
data,0x800A3134,g_str_gn_bbm_800A3124_plus_8_plus_8; D_800A3134,D_800A3134,APPLY,[data] RESET: verifier's concrete contradiction reviewed and accepted; retires only the listed alias; no positive row depends on the retired name.
data,0x800A36B8,g_special_cam_win_byte_a; D_800A36B8,D_800A36B8,APPLY,[data] RESET: verifier's concrete contradiction reviewed and accepted; retires only the listed alias; no positive row depends on the retired name.
data,0x800A3220,g_shadow_tex_state_b_plus_4,D_800A3220,APPLY,"[data] Own asm read: func_8003D2C4 LoadImage(&X, &D_80090178) - a RECT."
data,0x80090178,g_unlock_anim_char_table_plus_12,D_80090178,APPLY,[data] Own asm read: pixel-pointer arg of the same LoadImage; image data.
data,0x80015620,D_80015620; g_pitch_lookup_table_128,g_sqrt_table,APPLY,"[data] Own recompute: u16 T[i]==isqrt(262144*i)=floor(512*sqrt(i)) for i 0..255, 0 mismatches; T[256] breaks; T[64..255]==Sony SQRT@0x8009C7A8[0..191]. Name claims 'sqrt table' only. Do not add _u16: the consumer loads with lh."
data,0x8008D118,D_8008D118; g_isqrt_lut; g_module_type_tbl,g_sqrt_table_u8,APPLY,"[data] Own recompute: u8 T[i]==isqrt(64*i)=floor(8*sqrt(i)) for i 0..1023, 0 mismatches; T[1024]=0 breaks. Verifier's corrected name g_sqrt_table_u8 kept: 'isqrt' is ambiguous (repo doc reads it as inverse sqrt, which is false); _u8 is true (all accesses lbu) and separates it from g_sqrt_table."
data,0x800154A0,D_800154A0; g_text1b_addr_800154A0,g_rsqrt_table,APPLY,"[data] Own recompute: s16 T[i]==floor(32768/sqrt(64+i)) for i 0..191, 0 mismatches (exact integer test); T[0]=4096, T[191]=2052, T[192] breaks. Reciprocal sqrt is true of the content; indexing/scale stay in the evidence."
data,0x800F5370,D_800F5370; g_scratchpad_save,g_scratchpad_save,APPLY,[data] Own raw lui/lo + data-word scan of 0x800F5328..0x800F574F: only 0x80017F30/0x80017F60 (scratchpad_Save/Restore) touch >=0x800F5370. The 0x800F5328 base users (func_8001B478/8001B748/8001E404/8001E6E4) reach at most +0x43 (offsets checked; a0 in 8001B748 is reassigned before its +0x184 loads). Pair-private holds.
data,0x800A368C,D_800A368C; g_comb_recv_buf_plus_4,g_comb_recv_buf_plus_0x4,APPLY,"[data] comb_Read8 asm: read(g_comb_read_fd, &g_comb_recv_buf=0x800A3688, 8) -> 0x800A368C is bytes 4..7. Spelling-only change to _plus_0xN."
data,0x800A369C,D_800A369C; g_pad_rec_current_hash,g_comb_send_buf_plus_0x4,APPLY,"[data] comb_Write8 asm @8003A524-34: write(g_comb_write_fd, &g_comb_send_buf=0x800A3698, 8) -> 0x800A369C is bytes 4..7. Member name API-proven; old 'pad-rec hash' unsupported."
data,0x800EEDB0,g_cam_matrix; g_camera_matrix_data,D_800EEDB0,APPLY,"[data] Base-matrix contradiction re-derived (see 0x80046F24): singular light-direction projection, not a camera matrix."
data,0x800EEDB2,g_cam_matrix_m1,D_800EEDB2,APPLY,[data] RESET: verifier's concrete contradiction reviewed and accepted; retires only the listed alias; no positive row depends on the retired name. Membership-only contradiction for a matrix-element alias is valid because the base matrix's camera identity is itself contradicted (0x800EEDB0).
data,0x800EEDB4,g_cam_matrix_m2,D_800EEDB4,APPLY,[data] RESET: verifier's concrete contradiction reviewed and accepted; retires only the listed alias; no positive row depends on the retired name. Membership-only contradiction for a matrix-element alias is valid because the base matrix's camera identity is itself contradicted (0x800EEDB0).
data,0x800EEDB6,g_cam_matrix_m3,D_800EEDB6,APPLY,[data] RESET: verifier's concrete contradiction reviewed and accepted; retires only the listed alias; no positive row depends on the retired name. Membership-only contradiction for a matrix-element alias is valid because the base matrix's camera identity is itself contradicted (0x800EEDB0).
data,0x800EEDB8,g_cam_matrix_m4,D_800EEDB8,APPLY,[data] RESET: verifier's concrete contradiction reviewed and accepted; retires only the listed alias; no positive row depends on the retired name. Membership-only contradiction for a matrix-element alias is valid because the base matrix's camera identity is itself contradicted (0x800EEDB0).
data,0x800EEDBA,g_cam_matrix_m5,D_800EEDBA,APPLY,[data] RESET: verifier's concrete contradiction reviewed and accepted; retires only the listed alias; no positive row depends on the retired name. Membership-only contradiction for a matrix-element alias is valid because the base matrix's camera identity is itself contradicted (0x800EEDB0).
data,0x800EEDBC,g_cam_matrix_m6,D_800EEDBC,APPLY,[data] RESET: verifier's concrete contradiction reviewed and accepted; retires only the listed alias; no positive row depends on the retired name. Membership-only contradiction for a matrix-element alias is valid because the base matrix's camera identity is itself contradicted (0x800EEDB0).
data,0x800EEDBE,g_cam_matrix_m7,D_800EEDBE,APPLY,[data] RESET: verifier's concrete contradiction reviewed and accepted; retires only the listed alias; no positive row depends on the retired name. Membership-only contradiction for a matrix-element alias is valid because the base matrix's camera identity is itself contradicted (0x800EEDB0).
data,0x800EEDC0,g_cam_matrix_m8,D_800EEDC0,APPLY,[data] RESET: verifier's concrete contradiction reviewed and accepted; retires only the listed alias; no positive row depends on the retired name. Membership-only contradiction for a matrix-element alias is valid because the base matrix's camera identity is itself contradicted (0x800EEDB0).
data,0x800F62F8,g_cam_fov_x,D_800F62F8,APPLY,"[data] Own asm read: rec0+0x18 of D_800F62E0 goes via func_8004A940 into ctc2 $8 (GTE light matrix L11..): a light-direction component, not FOV."
data,0x800F62FA,g_cam_fov_div,D_800F62FA,APPLY,[data] As 0x800F62F8 (rec0+0x1A -> light matrix); 'divisor' only in the projection ratios.
data,0x800F62FC,g_cam_fov_z,D_800F62FC,APPLY,[data] As 0x800F62F8 (rec0+0x1C -> light matrix).
