mf_000	candidate.c
mf_001	candidate_copyfree.c
mf_002	r11/banked/pc_joined.c
mf_003	r11/banked/pc_noislands.c
mf_004	r11/banked/rv3I_1000000_ff_loop_lz8.c
mf_005	r11/banked/rv3_nfdw_lz5.c
mf_006	r11/banked/rv3_rv_both_lz5.c
mf_007	r11/banked/rv3_rv_wd_end_lz5.c
mf_008	r11/reviewer_probes/rv4_base.c
mf_009	r11/reviewer_probes/rv4_dl_init.c
mf_010	r11/reviewer_probes/rv4_dl_inv.c
mf_011	r11/reviewer_probes/rv4_dl_reg.c
mf_012	r11/reviewer_probes/rv4_dl_split.c
mf_013	r11/reviewer_probes/rv4_dl_tern.c
mf_014	r11/reviewer_probes/rv4_ix_reg.c
mf_015	r11/reviewer_probes/rv4_nb_andvar.c
mf_016	r11/reviewer_probes/rv4_nb_neg.c
mf_017	r11/reviewer_probes/rv4_nb_reg.c
mf_018	r11/reviewer_probes/rv4_nb_s16.c
mf_019	r11/reviewer_probes/rv4_nb_u32.c
mf_020	r11/reviewer_probes/rv4_nf_reg.c
mf_021	r11/reviewer_probes/rv4_tq_reg.c
mf_022	r11/reviewer_probes/rv4_tq_u32.c
mf_023	r11/reviewer_probes/rv4_wk_reg.c
mf_024	r11/reviewer_probes/rv4_wk_u32.c
mf_025	r11/reviewer_probes/rv5_base.c
mf_026	r11/reviewer_probes/rv5_dl_cmp_direct.c
mf_027	r11/reviewer_probes/rv5_dl_coll_dgfirst.c
mf_028	r11/reviewer_probes/rv5_dl_coll_dy0first.c
mf_029	r11/reviewer_probes/rv5_dl_dy0_in_list.c
mf_030	r11/reviewer_probes/rv5_nb_ellscope.c
mf_031	r11/reviewer_probes/rv5_nb_inline.c
mf_032	r11/reviewer_probes/rv5_nb_onedecl.c
mf_033	r11/reviewer_probes/rv5_nf_blocks.c
mf_034	r11/reviewer_probes/rv5_nf_blocks_const.c
mf_035	r11/reviewer_probes/rv5_wk_allcopy.c
mf_036	r11/reviewer_probes/rv5_wk_cmp_copy.c
mf_037	r11/reviewer_probes/rv5_wk_idx_copy.c
mf_038	r11/reviewer_probes/rv5_wk_pv.c
mf_039	r11/reviewer_probes/rv5_wk_small_copy.c
mf_040	r11/reviewer_probes/rv6_base.c
mf_041	r11/reviewer_probes/rv6_dl_condassign.c
mf_042	r11/reviewer_probes/rv6_lz2.c
mf_043	r11/reviewer_probes/rv6_lz3.c
mf_044	r11/reviewer_probes/rv6_lz4.c
mf_045	r11/reviewer_probes/rv6_lz5.c
mf_046	r11/reviewer_probes/rv6_lz6.c
mf_047	r11/reviewer_probes/rv6_lz7.c
mf_048	r11/reviewer_probes/rv6_nf_add_intest.c
mf_049	r11/reviewer_probes/rv6_nf_sub_intest.c
mf_050	r11/reviewer_probes/rv6_tp_s32_ell_onedecl.c
mf_051	r11/reviewer_probes/rv6_tp_u16.c
mf_052	r11/reviewer_probes/rv6_tp_u8.c
mf_053	r11/reviewer_probes/rv6_tp_u8_ell.c
mf_054	r11/reviewer_probes/rv7_dl_splitinit.c
mf_055	r11/reviewer_probes/rv7_inl_root.c
mf_056	r11/reviewer_probes/rv7_inl_root_copy.c
mf_057	r11/reviewer_probes/rv7_lz2.c
mf_058	r11/reviewer_probes/rv7_lz3.c
mf_059	r11/reviewer_probes/rv7_lz8.c
mf_060	r11/reviewer_probes/rv7_nf_forinit.c
mf_061	r11/reviewer_probes/rv7_tp_nobyte_copy.c
mf_062	r11/reviewer_probes/rv7_wk_splitinit.c
mf_063	r11/reviewer_probes/rv7_wkdl_splitinit.c
mf_064	r11/reviewer_probes/rv_both.c
mf_065	r11/reviewer_probes/rv_nf0.c
mf_066	r11/reviewer_probes/rv_nfA1.c
mf_067	r11/reviewer_probes/rv_nfA1b.c
mf_068	r11/reviewer_probes/rv_nfA1c.c
mf_069	r11/reviewer_probes/rv_nfA2.c
mf_070	r11/reviewer_probes/rv_tp1.c
mf_071	r11/reviewer_probes/rv_tp2.c
mf_072	r11/reviewer_probes/rv_tp3.c
mf_073	r11/reviewer_probes/rv_tp4.c
mf_074	r11/reviewer_probes/rv_wd_after2.c
mf_075	r11/reviewer_probes/rv_wd_end.c
mf_076	r11/variants/c5.c
mf_077	r11/variants/c5a.c
mf_078	r11/variants/fam_delta_chain_dy0.c
mf_079	r11/variants/fam_delta_chain_store.c
mf_080	r11/variants/fam_delta_deadstore_end.c
mf_081	r11/variants/fam_delta_selfassign_end.c
mf_082	r11/variants/fam_idx_chain_loop2.c
mf_083	r11/variants/fam_idx_chain_sph.c
mf_084	r11/variants/fam_idx_dead.c
mf_085	r11/variants/fam_nbits_chain.c
mf_086	r11/variants/fam_nbits_dead.c
mf_087	r11/variants/fam_nforce_chain.c
mf_088	r11/variants/fam_nforce_dead.c
mf_089	r11/variants/fam_nforce_selfassign.c
mf_090	r11/variants/fam_temp_chain_lut1.c
mf_091	r11/variants/fam_temp_dead.c
mf_092	r11/variants/fam_temp_selfassign.c
mf_093	r11/variants/fam_work_chain.c
mf_094	r11/variants/fam_work_dead.c
mf_095	r11/variants/lzc5_2.c
mf_096	r11/variants/lzc5_4.c
mf_097	r11/variants/lzc5_5.c
mf_098	r11/variants/lzc5_7.c
mf_099	r11/variants/lzc5_8.c
mf_100	r11/variants/r11abl_idx_idx_add.c
mf_101	r11/variants/r11abl_idx_idx_sph.c
mf_102	r11/variants/r11abl_idx_idx_sub.c
mf_103	r11/variants/r11abl_temp_lut1.c
mf_104	r11/variants/r11abl_temp_lut2.c
mf_105	r11/variants/r11abl_temp_lzc_in.c
mf_106	r11/variants/r11pv_all.c
mf_107	r11/variants/r11pv_delta.c
mf_108	r11/variants/r11pv_f.c
mf_109	r11/variants/r11pv_idx.c
mf_110	r11/variants/r11pv_nbits.c
mf_111	r11/variants/r11pv_nbits2.c
mf_112	r11/variants/r11pv_nforce.c
mf_113	r11/variants/r11pv_temp.c
mf_114	r11/variants/r11pv_work.c
mf_115	r11/variants/st_delta_fscope.c
mf_116	r11/variants/st_delta_inline.c
mf_117	r11/variants/st_idx_fscope.c
mf_118	r11/variants/st_idx_while.c
mf_119	r11/variants/st_nbits2_fscope.c
mf_120	r11/variants/st_nbits2_onestmt.c
mf_121	r11/variants/st_nbits_fscope.c
mf_122	r11/variants/st_nbits_onestmt.c
mf_123	r11/variants/st_nforce_fscope.c
mf_124	r11/variants/st_nforce_inline.c
mf_125	r11/variants/st_temp_fscope.c
mf_126	r11/variants/st_temp_inline.c
mf_127	r11/variants/st_work_chainassign.c
mf_128	r11/variants/st_work_fscope.c
mf_129	r11/variants/tq_fscope.c
mf_130	r11/variants/tq_inarm.c
mf_131	r11/variants/tq_initdecl.c
mf_132	r11/variants/tq_nocopy.c
mf_133	r11/variants_v2/c6.c
mf_134	r11/variants_v2/c6_no_depth_ds.c
mf_135	r11/variants_v2/c6_no_ds.c
mf_136	r11/variants_v2/c6_no_sq1_ds.c
mf_137	r11/variants_v2/ds_idx_pv.c
mf_138	r11/variants_v2/ds_nbits2_pv.c
mf_139	r11/variants_v2/ds_nbits_pv.c
mf_140	r11/variants_v2/ds_nforce_pv.c
mf_141	r11/variants_v2/ds_temp_pv.c
mf_142	r11/variants_v2/fr_base_lz2.c
mf_143	r11/variants_v2/fr_bits_u8idx.c
mf_144	r11/variants_v2/fr_count_s16.c
mf_145	r11/variants_v2/fr_ground_ge.c
mf_146	r11/variants_v2/fr_guard_forceloop1.c
mf_147	r11/variants_v2/fr_guard_node.c
mf_148	r11/variants_v2/fr_guard_sph.c
mf_149	r11/variants_v2/fr_i_s16.c
mf_150	r11/variants_v2/fr_idx_s16.c
mf_151	r11/variants_v2/fr_nforce_s16.c
mf_152	r11/variants_v2/fr_nsph_local.c
mf_153	r11/variants_v2/fr_nsph_s16.c
mf_154	r11/variants_v2/fr_scalars.c
mf_155	r11/variants_v2/fr_state_s16.c
mf_156	r11/variants_v2/fr_state_s32.c
mf_157	r11/variants_v2/r11abl_idx_idx_add.c
mf_158	r11/variants_v2/r11abl_idx_idx_sph.c
mf_159	r11/variants_v2/r11abl_idx_idx_sub.c
mf_160	r11/variants_v2/r11abl_temp_lut1.c
mf_161	r11/variants_v2/r11abl_temp_lut2.c
mf_162	r11/variants_v2/r11abl_temp_lzc_in.c
mf_163	r11/variants_v2/r11pv_all.c
mf_164	r11/variants_v2/r11pv_idx.c
mf_165	r11/variants_v2/r11pv_nbits.c
mf_166	r11/variants_v2/r11pv_nbits2.c
mf_167	r11/variants_v2/r11pv_nforce.c
mf_168	r11/variants_v2/r11pv_temp.c
mf_169	r11/variants_v2/st_idx_fscope.c
mf_170	r11/variants_v2/st_idx_while.c
mf_171	r11/variants_v2/st_nbits2_fscope.c
mf_172	r11/variants_v2/st_nbits2_onestmt.c
mf_173	r11/variants_v2/st_nbits_fscope.c
mf_174	r11/variants_v2/st_nbits_onestmt.c
mf_175	r11/variants_v2/st_nforce_fscope.c
mf_176	r11/variants_v2/st_nforce_inline.c
mf_177	r11/variants_v2/st_temp_fscope.c
mf_178	r11/variants_v2/st_temp_inline.c
mf_179	r11/variants_v3/c7.c
mf_180	rejected/nforce-split-six-dowhile-wraps-closes-0.template.c
mf_181	rejected/r11-nforce-dowhile-layer2-fail-0.c
mf_182	rejected/r11-work-delta-reuse-layer2-fail-0.c
mf_183	rejected/r11-work-delta-reuse-layer2-fail-0.template.c
mf_184	rejected/v3_review/bodies/rv3I_1000000_ff_loop.c
mf_185	rejected/v3_review/bodies/rv3I_1000000_ff_loop_lz8.c
mf_186	rejected/v3_review/bodies/rv3L_c7_fgf.c
mf_187	rejected/v3_review/bodies/rv3_nfdw_lz5.c
mf_188	rejected/v3_review/bodies/rv3_rv_both_lz5.c
mf_189	rejected/v3_review/bodies/rv3_rv_wd_end_lz5.c
mf_190	rejected/v3_review/bodies/rv3x_0011000.c
mf_191	rejected/v3_review/bodies/rv3x_0041001.c
mf_192	rejected/v3_review/rv3_c7.c
mf_193	superseded/candidate_g2.c
mf_194	superseded/template_g2.c
mf_195	template.c
mf_196	template_copyfree.c
mf_197	tmp:rv8_abl_d_1111111.c
mf_198	tmp:rv8_base.c
mf_199	tmp:rv8_cand_head.c
mf_200	tmp:rv8_code6cac_index.c
mf_201	tmp:rv8_dl_nodescope.c
mf_202	tmp:rv8_dl_rev.c
mf_203	tmp:rv8_dl_step.c
mf_204	tmp:rv8_fr_base_lz2.c
mf_205	tmp:rv8_fr_scalars.c
mf_206	tmp:rv8_nb_lowbit.c
mf_207	tmp:rv8_nb_r4split.c
mf_208	tmp:rv8_staged_body.c
mf_209	tmp:rv8_wk_distnode.c
mf_210	tmp:rv8_wk_inv.c
mf_211	tmp:w1.c
mf_212	tmp:w2.c
mf_213	tmp:rv9_dl_rnd.c
mf_214	tmp:rv9_dl_rndif.c
mf_215	tmp:rv9_nb_shl.c
mf_216	tmp:rv9_nf_bitsfirst.c
mf_217	tmp:rv9_nf_bothfirst.c
