# struct	sites	exact	sign	size	inside	pad	beyond	hole	addr-of	computed	same-struct	other-struct	unresolved	how
(untyped)	2607	0	0	0	0	0	0	0	0	256	0	0	2351	untyped=2607
Unk80101EC8Record	475	333	26	4	4	4	0	0	85	13	0	0	0	assign=92,caller=374,decl=9
(scratchpad-local)	427	0	0	0	0	0	0	0	0	60	0	0	367	scratchpad-local=427
(unknown)	246	0	0	0	0	0	0	0	0	43	0	0	203	unknown=246
(scratchpad-param)	229	0	0	0	0	0	0	0	0	0	0	0	229	scratchpad-param=229
GameObj	58	0	0	33	23	0	0	0	2	0	0	0	0	caller=1,decl=57
S_6A880	47	46	1	0	0	0	0	0	0	0	0	0	0	caller=47
RevParamEntry	32	32	0	0	0	0	0	0	0	0	0	0	0	caller=32
Rec44	22	16	3	1	0	0	0	0	2	0	0	0	0	assign=21,decl=1
(ambiguous)	21	0	0	0	0	0	0	0	0	0	0	0	21	ambiguous=21
POLY_FT4	17	2	0	0	3	0	12	0	0	0	0	0	0	decl=17
(scratchpad)	15	0	0	0	0	0	0	0	0	15	0	0	0	scratchpad=15
MotionFrame	14	12	0	0	0	0	0	0	2	0	0	0	0	caller=14
SceneRec	11	0	3	3	2	0	0	0	3	0	0	0	0	caller=2,decl=9
Unk80101DF0Record	11	1	3	3	2	0	0	0	2	0	0	0	0	caller=9,decl-elsewhere=2
PadState	7	4	3	0	0	0	0	0	0	0	0	0	0	caller=7
DRAWENV	7	0	7	0	0	0	0	0	0	0	0	0	0	caller=7
DR_MOVE	5	0	0	0	0	0	0	0	0	0	0	5	0	decl=5
DISPENV	5	0	4	0	0	0	0	0	1	0	0	0	0	caller=5
MATRIX	4	0	0	0	4	0	0	0	0	0	0	0	0	decl=4
GpuDevTable	4	0	0	0	0	0	0	0	0	4	0	0	0	decl=4
Vec4i32	3	0	0	3	0	0	0	0	0	0	0	0	0	caller=3
VECTOR	3	0	0	0	0	0	3	0	0	0	0	0	0	decl=3
(untyped-return)	2	0	0	0	0	0	0	0	0	2	0	0	0	untyped-return=2
OTag	2	0	0	0	0	0	1	1	0	0	0	0	0	decl=2
Sprt8Prim	2	0	0	0	1	0	0	0	0	0	0	1	0	decl=2
Unk800A6690Rec	2	0	0	0	0	0	0	0	0	2	0	0	0	cast=2
TileXy	2	0	0	0	0	0	2	0	0	0	0	0	0	caller=2
Rect	2	0	0	0	0	0	2	0	0	0	0	0	0	decl=2
ProgAtr	2	0	0	0	0	0	0	0	0	2	0	0	0	decl=2
Vec3i32	1	0	0	0	0	0	0	0	0	0	0	0	0	decl=1
Unk8009B398Record	1	0	0	0	0	0	1	0	0	0	0	0	0	assign=1
SVECTOR	1	0	0	0	0	0	0	0	0	1	0	0	0	decl=1
