# file	sites	deref	pun	index	struct	addr	ptradd	resolved	fake_site
src/main/51268.c	1171	395	548	115	6	86	21	72	1
src/main/17AFC.c	982	761	46	52	0	117	6	176	7
src/main/9F9C.c	373	258	26	1	0	80	8	275	1
src/main/5ED34.c	339	169	4	109	16	35	6	59	0
src/main/3AB48.c	224	140	48	13	0	16	7	46	2
src/main/368E4.c	192	63	26	3	8	89	3	2	9
src/main/28708.c	137	107	15	1	0	13	1	25	0
src/main/309CC.c	126	65	9	18	0	31	3	0	0
src/main/2B344.c	108	35	13	18	7	25	10	19	6
src/main/64FD8.c	83	62	0	0	19	2	0	0	0
src/main/31548.c	81	53	1	0	0	27	0	0	3
src/main/psxsdk/libspu/s_sra.c	64	64	0	0	0	0	0	32	0
src/main/psxsdk/libgpu/sys.c	59	12	33	11	0	3	0	7	0
src/main/psxsdk/libspu/spu.c	47	45	0	2	0	0	0	0	0
src/main/31D3C.c	42	5	1	17	0	10	9	9	0
src/main/87A0.c	34	15	1	5	0	13	0	0	0
src/main/6CF8.c	24	17	4	0	0	3	0	0	0
src/main/32D04.c	24	1	2	0	0	17	4	2	0
src/main/psxsdk/libspu/s_sca.c	22	22	0	0	0	0	0	0	0
src/main/35000.c	17	1	0	1	0	14	1	2	1
src/main/psxsdk/libgpu/prim.c	17	5	4	7	1	0	0	1	3
src/main/psxsdk/libspu/7BC88.c	16	16	0	0	0	0	0	0	0
src/main/psxsdk/libgpu/ext.c	11	0	0	11	0	0	0	11	0
src/main/psxsdk/libspu/s_srmp.c	9	9	0	0	0	0	0	0	0
src/main/25788.c	8	0	0	4	0	0	4	0	0
src/main/psxsdk/libspu/s_sav.c	8	0	0	0	8	0	0	0	0
src/main/psxsdk/libcd/bios.c	7	0	7	0	0	0	0	0	0
src/main/psxsdk/libsnd/760D0.c	6	6	0	0	0	0	0	0	0
src/main/psxsdk/libsnd/vm_init.c	6	6	0	0	0	0	0	0	0
src/main/psxsdk/libspu/s_sr.c	6	6	0	0	0	0	0	0	0
src/main/psxsdk/libapi/counter.c	5	5	0	0	0	0	0	0	0
src/main/cdrom.c	4	2	1	0	0	0	1	0	0
src/main/psxsdk/libsnd/vm_vsu.c	4	3	0	0	0	1	0	0	0
src/main/psxsdk/libspu/s_sk.c	4	0	0	0	4	0	0	0	0
src/main/psxsdk/libcomb/comb.c	3	0	0	3	0	0	0	0	0
src/main/psxsdk/libspu/s_m_f.c	3	0	0	3	0	0	0	0	0
src/main/memcard.c	2	1	0	0	0	1	0	0	0
src/main/psxsdk/libsnd/scsmvol.c	2	0	1	0	0	0	1	0	0
src/main/psxsdk/libsnd/vm_aloc2.c	2	0	0	2	0	0	0	2	0
src/main/psxsdk/libspu/s_m_m.c	2	0	1	0	0	1	0	0	0
src/main/psxsdk/libspu/sr_gaks.c	2	1	0	0	0	1	0	0	0
src/main/psxsdk/libspu/s_gvv.c	2	1	1	0	0	0	0	0	0
src/main/25C38.c	1	0	0	0	0	1	0	0	0
src/main/63D2C.c	1	0	0	0	0	0	1	0	0
src/main/psxsdk/libc2/sprintf.c	1	0	0	0	0	0	1	0	0
src/main/psxsdk/libapi/pad.c	1	1	0	0	0	0	0	0	0
src/main/psxsdk/libsnd/ut_rev.c	1	0	1	0	0	0	0	0	0
src/main/psxsdk/libsnd/vs_vh.c	1	0	0	0	0	1	0	0	0
src/main/psxsdk/libspu/s_snc.c	1	0	0	0	0	1	0	0	0
src/main/psxsdk/libspu/s_gks.c	1	1	0	0	0	0	0	0	0
src/main/psxsdk/libspu/s_gvex.c	1	1	0	0	0	0	0	0	0
