# class	symbol	target	target_src	sotn	def	defcompat	callers_same	callers_diff	callers_err	arg_warnings	verdict	detail   (memory/grind/phase2-2026-10-03/tools/worklist.py)
game-local	cdrom_GetFileSize	u32 @(s32)	def		u32 @(s32) [src/main/cdrom.c:58]	defcompat yes	3AB48:7,51268:1	-	-	0	ready	
game-local	cdrom_StartRead	s32 @(s32, s32)	def		s32 @(s32, s32) [src/main/cdrom.c:21]	defcompat yes	3AB48:7,51268:6,5ED34:1,6CF8:1,9F9C:2	-	-	0	ready	
game-local	cdrom_StartReadAt	s32 @(s32, s32, s32, s32)	def		s32 @(s32, s32, s32, s32) [src/main/cdrom.c:38]	defcompat yes	35000:2,9F9C:1	-	-	0	ready	
game-local	func_80019568	void @(s32)	def		void @(s32) [src/main/87A0.c:1166]	defcompat yes	2B344:1	-	6CF8:2	0	blocked	main/6CF8: error: src/main/6CF8.c:414: too few arguments to function `func_80019568'
game-local	func_80032854	void @(s32, s32, u8 *, s16 *)	def		void @(s32, s32, u8 *, s16 *) [src/main/17AFC.c:5672]	defcompat yes	175A4:3,28708:1,9F9C:4	-	-	5	casts	5 call-site warnings
game-local	func_800371E8	void @(s16)	def		void @(s16) [src/main/cdrom.c:131]	defcompat yes	25C38:2,9F9C:1	-	-	0	ready	
game-local	func_8003E120	void @(void)	def		void @(void) [src/main/2B344.c:2005]	defcompat yes	309CC:1,31D3C:1,368E4:1	-	-	0	ready	
game-local	func_80044100	void @(s32, s32)	def		void @(s32, s32) [src/main/32D04.c:954]	defcompat yes	35000:4	-	368E4:3	0	blocked	main/368E4: error: src/main/368E4.c:282: too few arguments to function `func_80044100'
game-local	func_80046BF4	void @(s32 *, u16 *, s32)	def		void @(s32 *, u16 *, s32) [src/main/368E4.c:521]	defcompat yes	2B344:2,9F9C:2	-	-	3	casts	3 call-site warnings
game-local	func_800486FC	s32 @(void)	def		s32 @(void) [src/main/368E4.c:1612]	defcompat yes	-	-	31D3C:4,32D04:1	0	blocked	main/31D3C: error: src/main/31D3C.c:561: too many arguments to function `func_800486FC'; main/32D04: error: src/main/32D04.c:45: too many arguments to function `func_800486FC'
game-local	func_8004A1FC	void @(Unk800F62E0Rec *)	def		void @(Unk800F62E0Rec *) [src/main/368E4.c:2500]	defcompat yes	31D3C:5,3AB48:3	-	-	0	ready	
game-local	func_80052C10	void @(void)	common			-	309CC:1,32D04:4,35000:2,368E4:8	-	2B344:3	0	blocked	main/2B344: error: src/main/2B344.c:2588: too many arguments to function `func_80052C10'
game-local	func_80053614	s32 @(s32 *, s32 *, s32, s32, s32)	def		s32 @(s32 *, s32 *, s32, s32, s32) [src/main/3AB48.c:438]	defcompat yes	17AFC:1,9F9C:12	-	-	27	casts	27 call-site warnings
game-local	func_8005C8A8	s32 @(s32, s32, s32, s32)	def		s32 @(s32, s32, s32, s32) [src/main/3AB48.c:4042]	defcompat yes	2B344:1,6CF8:2,9F9C:1	-	-	0	ready	
game-local	func_8005E54C	s32 @(u32, s32, s32)	def		s32 @(u32, s32, s32) [src/main/3AB48.c:4859]	defcompat yes	2B344:1,6CF8:1	-	-	1	casts	1 call-site warnings
game-local	func_800692C0	s32 @(u32 *, s32, s16 *, s16 *)	def		s32 @(u32 *, s32, s16 *, s16 *) [src/main/51268.c:3747]	defcompat yes	64FD8:4	-	-	0	ready	
game-local	func_8006E480	s32 @(s32, s32)	def		s32 @(s32, s32) [src/main/51268.c:6359]	defcompat yes	3AB48:11,5ED34:13,63D2C:2,64FD8:16	-	-	1	casts	1 call-site warnings
game-local	func_8007352C	s32 @(s32)	def		s32 @(s32) [src/main/63D2C.c:81]	defcompat yes	3AB48:45,51268:37,5ED34:16,64FD8:26	-	-	9	casts	9 call-site warnings
game-local	game_FrameLoop	void @(void)	def		void @(void) [src/main/cdrom.c:61]	defcompat yes	35000:2,3AB48:12,51268:3,5ED34:2,6CF8:2,9F9C:3	-	-	0	ready	
game-local	game_GetPlayerData	void * @(s32)	def		void * @(s32) [src/main/368E4.c:588]	defcompat yes	17AFC:3	9F9C:4	-	0	codegen	main/9F9C: asm-diff(4 lines) in func_800203B4
game-local	gte_MulMatrix0ClearTrans	void @(MATRIX *, MATRIX *, MATRIX *)	common			-	31D3C:1,368E4:3	-	-	0	ready	
game-local	math_RotMatrixYXZ	void @(u16 *, s16 *)	def		void @(u16 *, s16 *) [src/main/32D04.c:278]	defcompat yes	2B344:1,368E4:1	-	-	4	casts	4 call-site warnings
game-local	math_RotMatrixZYX	void @(s16 *, s32 *)	common			-	31548:4,32D04:0,35000:1,368E4:1	-	-	2	casts	2 call-site warnings
game-local	snd_VabFakeOpen	s32 @(s32, s16)	def		s32 @(s32, s16) [src/main/3AB48.c:3897]	defcompat yes	6CF8:1	309CC:1,35000:2	-	0	codegen	main/309CC: asm-diff(4 lines) in func_80040594; main/35000: asm-diff(10 lines) in func_80045AA4,func_80046048
game-local	stage_GetDataPtr	void * @(void)	def		void * @(void) [src/main/368E4.c:638]	defcompat yes	17AFC:1,3AB48:1,9F9C:4	-	-	0	ready	
game-proto	camera_GetBoneData	void * @(void)	def		void * @(void) [src/main/368E4.c:708]	defcompat yes	28708:1,9F9C:3	-	-	0	ready	
game-proto	file_GetFlag2	u32 @(void)	def		u32 @(void) [src/main/6CF8.c:163]	defcompat yes	9F9C:2	-	-	0	ready	
game-proto	func_80040510	s32 * @(s32)	def		s32 * @(s32) [src/main/309CC.c:176]	defcompat yes	-	-	2B344:1,9F9C:4	0	blocked	main/2B344: error: src/main/2B344.c:291: too many arguments to function `func_80040510'; main/9F9C: error: src/main/9F9C.c:1347: too many arguments to function `func_80040510'
game-proto	func_8004678C	s32 @(void)	def		s32 @(void) [src/main/368E4.c:368]	defcompat yes	17AFC:2	-	-	0	ready	
game-proto	func_80055138	void @(s32, u16 *, u16 *)	def		void @(s32, u16 *, u16 *) [src/main/3AB48.c:1033]	defcompat yes	9F9C:1	-	-	2	casts	2 call-site warnings
game-proto	func_8005B9FC	void @(s32)	def		void @(s32) [src/main/3AB48.c:3600]	defcompat yes	-	-	9F9C:1	0	blocked	main/9F9C: error: src/main/9F9C.c:1664: void value not ignored as it ought to be
game-proto	snd_StopAll	void @(void)	def		void @(void) [src/main/368E4.c:471]	defcompat yes	51268:1,5ED34:1,64FD8:1	-	-	0	ready	
header-local	func_80036EA8	s32 @(s32, s32)	def		s32 @(s32, s32) [src/main/cdrom.c:46]	defcompat yes	2B344:3,3AB48:7,51268:6,5ED34:1,6CF8:1,9F9C:3	-	-	0	ready	
sony-func	AddPrim	void @(void *, void *)	sotn	extern void AddPrim(void* ot, void* p); [sotn:include/psxsdk/libgpu.h:602]	void @(OTag *, OTag *) [src/main/psxsdk/libgpu/prim.c:87]	defcompat no: src/main/psxsdk/libgpu/prim.c:87: conflicting types for `AddPrim'	25C38:1,3AB48:30,51268:57,5ED34:29,63D2C:9,64FD8:24	-	-	266	def-retype	defcompat no: src/main/psxsdk/libgpu/prim.c:87: conflicting types for `AddPrim'
sony-func	ApplyMatrix	void @(MATRIX *, SVECTOR *, VECTOR *)	psyz			-	32D04:2,368E4:4	-	-	6	casts	6 call-site warnings
sony-func	ApplyRotMatrix	void @(SVECTOR *, VECTOR *)	psyz			-	51268:2,63D2C:1	-	-	4	casts	4 call-site warnings
sony-func	ApplyRotMatrixLV					-	-	-	-	0	no-reference	no SOTN/psyz/header spelling and no C definition
sony-func	CdGetSector	int @(void *, int)	sotn	int CdGetSector(void* madr, int size); [sotn:include/psxsdk/libcd.h:145]	s32 @(s32, s32) [src/main/psxsdk/libcd/sys.c:260]	defcompat no: src/main/psxsdk/libcd/sys.c:260: conflicting types for `CdGetSector'	267A8:2,psxsdk/libcd/cdread:2	-	-	4	def-retype	defcompat no: src/main/psxsdk/libcd/sys.c:260: conflicting types for `CdGetSector'
sony-func	CdInit	int @(void)	sotn	int CdInit(void); [sotn:include/psxsdk/libcd.h:119]	s32 @(void) [src/main/psxsdk/libcd/event.c:26]	defcompat yes	267A8:2,cdrom:1	-	-	0	ready	
sony-func	CdIntToPos	CdlLOC * @(int, CdlLOC *)	sotn	CdlLOC* CdIntToPos(int i, CdlLOC* p); [sotn:include/psxsdk/libcd.h:147]	u8 * @(s32, u8 *) [src/main/psxsdk/libcd/sys.c:280]	defcompat no: src/main/psxsdk/libcd/sys.c:280: conflicting types for `CdIntToPos'	cdrom:2	-	-	2	def-retype	defcompat no: src/main/psxsdk/libcd/sys.c:280: conflicting types for `CdIntToPos'
sony-func	CdMix	int @(CdlATV *)	sotn	int CdMix(CdlATV* vol ); [sotn:include/psxsdk/libcd.h:142]	s32 @(CdlATV *) [src/main/psxsdk/libcd/sys.c:253]	defcompat yes	26730:1,26940:1	-	-	0	ready	
sony-func	CdPosToInt	int @(CdlLOC *)	sotn	int CdPosToInt(CdlLOC* p); [sotn:include/psxsdk/libcd.h:148]	s32 @(u8 *) [src/main/psxsdk/libcd/sys.c:291]	defcompat no: src/main/psxsdk/libcd/sys.c:291: conflicting types for `CdPosToInt'	267A8:1,26940:3,cdrom:4,psxsdk/libcd/cdread:2	-	-	9	def-retype	defcompat no: src/main/psxsdk/libcd/sys.c:291: conflicting types for `CdPosToInt'
sony-func	CdReadyCallback	CdlCB @(CdlCB)	sotn	CdlCB CdReadyCallback(CdlCB func); [sotn:include/psxsdk/libcd.h:131]	s32 @(s32) [src/main/psxsdk/libcd/sys.c:96]	defcompat type-missing: CdlCB	-	-	267A8:1,26940:4,cdrom:1,psxsdk/libcd/cdread:6,psxsdk/libcd/event:1	0	blocked	main/267A8: type-missing: CdlCB; main/26940: type-missing: CdlCB; main/cdrom: type-missing: CdlCB; main/psxsdk/libcd/cdread: type-missing: CdlCB; main/psxsdk/libcd/event: type-missing: CdlCB | def: defcompat type-missing: CdlCB
sony-func	CdSetDebug	int @(int)	sotn	int CdSetDebug(int level); [sotn:include/psxsdk/libcd.h:125]	s32 @(s32) [src/main/psxsdk/libcd/sys.c:54]	defcompat yes	267A8:1	-	-	0	ready	
sony-func	CheckCallback	int @(void)	sotn	int CheckCallback(void); [sotn:include/psxsdk/libetc.h:26]	u32 @(void) [src/main/psxsdk/libetc/intr.c:57]	defcompat no: src/main/psxsdk/libetc/intr.c:57: conflicting types for `CheckCallback'	psxsdk/libcd/bios:3	-	-	0	def-retype	defcompat no: src/main/psxsdk/libetc/intr.c:57: conflicting types for `CheckCallback'
sony-func	ClearImage	int @(RECT *, u8, u8, u8)	sotn	extern int ClearImage(RECT* rect, u_char r, u_char g, u_char b); [sotn:include/psxsdk/libgpu.h:629]	void @(RECT *, u8, u8, u8) [src/main/psxsdk/libgpu/sys.c:386]	defcompat no: src/main/psxsdk/libgpu/sys.c:386: conflicting types for `ClearImage'	51268:2,6CF8:2	-	-	4	def-retype	defcompat no: src/main/psxsdk/libgpu/sys.c:386: conflicting types for `ClearImage'
sony-func	ClearOTagR	u32 * @(u32 *, int)	sotn	extern OT_TYPE* ClearOTagR(OT_TYPE* ot, int n); [sotn:include/psxsdk/libgpu.h:637]	u32 * @(u32 *, s32) [src/main/psxsdk/libgpu/sys.c:445]	defcompat yes	368E4:1,5ED34:1,64FD8:3,6CF8:3	-	-	5	casts	5 call-site warnings
sony-func	DMACallback	void (*)() @(int, void (*)())	sotn	Callback DMACallback(int dma, Callback f); [sotn:include/psxsdk/libetc.h:22]	void @(void) [src/main/psxsdk/libetc/intr.c:40]	defcompat no: src/main/psxsdk/libetc/intr.c:40: conflicting types for `DMACallback'	psxsdk/libcd/sys:1,psxsdk/libgpu/sys:3,psxsdk/libspu/s_dcb:1	-	-	3	def-retype	defcompat no: src/main/psxsdk/libetc/intr.c:40: conflicting types for `DMACallback'
sony-func	DeliverEvent	void @(u32, u32)	sotn	extern void DeliverEvent(unsigned long, unsigned long); [sotn:include/psxsdk/libapi.h:68]		-	psxsdk/libcd/event:3,psxsdk/libcomb/comb:7,psxsdk/libspu/spu:1	-	-	0	ready	
sony-func	EnterCriticalSection	void @(void)	sotn	void EnterCriticalSection(void); [sotn:include/psxsdk/kernel.h:86]		-	28708:2,cdrom:1,memcard:2,psxsdk/libapi/pad:4,psxsdk/libcard/init:2,psxsdk/libetc/intr:1,psxsdk/libsnd/ssend:1,psxsdk/libsnd/ssstart:2,psxsdk/libspu/s_ini:1,psxsdk/libspu/s_q:1	-	psxsdk/libcomb/comb:5	0	blocked	main/psxsdk/libcomb/comb: error: src/main/psxsdk/libcomb/comb.c:61: void value not ignored as it ought to be
sony-func	GetClut	u16 @(int, int)	sotn	u_short GetClut(int x, int y ); [sotn:include/psxsdk/libgpu.h:594]	u32 @(s32, s32) [src/main/psxsdk/libgpu/prim.c:69]	defcompat no: src/main/psxsdk/libgpu/prim.c:69: conflicting types for `GetClut'	63D2C:3,psxsdk/libgpu/ext:2	368E4:3	-	0	codegen	main/368E4: asm-diff(10 lines) in func_800477E8 | def: defcompat no: src/main/psxsdk/libgpu/prim.c:69: conflicting types for `GetClut'
sony-func	GetRCnt	s32 @(u32)	sotn	extern long GetRCnt(unsigned long); [sotn:include/psxsdk/libapi.h:84]	s32 @(s32) [src/main/psxsdk/libapi/counter.c:48]	defcompat no: src/main/psxsdk/libapi/counter.c:48: conflicting types for `GetRCnt'	28708:5,368E4:1,6CF8:1	-	-	0	def-retype	defcompat no: src/main/psxsdk/libapi/counter.c:48: conflicting types for `GetRCnt'
sony-func	InitPAD	int @(char *, int, char *, int)	psyz		void @(s32, s32, s32, s32) [src/main/psxsdk/libapi/pad.c:37]	defcompat no: src/main/psxsdk/libapi/pad.c:37: conflicting types for `InitPAD'	6CF8:1	-	-	0	def-retype	defcompat no: src/main/psxsdk/libapi/pad.c:37: conflicting types for `InitPAD'
sony-func	InterruptCallback	void @(void)	def		void @(void) [src/main/psxsdk/libetc/intr.c:36]	defcompat yes	psxsdk/libetc/intr_dma:0,psxsdk/libetc/intr_vb:0,psxsdk/libsnd/ssend:0	-	psxsdk/libcd/bios:2,psxsdk/libsnd/ssstart:2	0	blocked	main/psxsdk/libcd/bios: error: src/main/psxsdk/libcd/bios.c:501: too many arguments to function `InterruptCallback'; main/psxsdk/libsnd/ssstart: error: src/main/psxsdk/libsnd/ssstart.c:84: too many arguments to function `InterruptCallback'
sony-func	LoadImage	int @(RECT *, u32 *)	sotn	extern int LoadImage(RECT* rect, u_long* p); [sotn:include/psxsdk/libgpu.h:633]	void @(RECT *, u32 *) [src/main/psxsdk/libgpu/sys.c:396]	defcompat no: src/main/psxsdk/libgpu/sys.c:396: conflicting types for `LoadImage'	2B344:3,31D3C:1,368E4:6,3AB48:6,51268:3,5ED34:7,64FD8:1,6CF8:2,psxsdk/libgpu/ext:3	-	-	61	def-retype	defcompat no: src/main/psxsdk/libgpu/sys.c:396: conflicting types for `LoadImage'
sony-func	MoveImage	int @(RECT *, int, int)	sotn	extern int MoveImage(RECT* rect, int x, int y); [sotn:include/psxsdk/libgpu.h:635]	s32 @(RECT *, int, int) [src/main/psxsdk/libgpu/sys.c:407]	defcompat yes	2B344:1,51268:1,5ED34:1	-	-	3	casts	3 call-site warnings
sony-func	MulMatrix0	MATRIX * @(MATRIX *, MATRIX *, MATRIX *)	psyz			-	17AFC:2,32D04:1,368E4:2	-	-	6	casts	6 call-site warnings
sony-func	MulMatrix2					-	-	-	-	0	no-reference	no SOTN/psyz/header spelling and no C definition
sony-func	PCread	s32 @(s32, s32, s32)	def		s32 @(s32, s32, s32) [src/main/psxsdk/libsn/7407C.c:10]	defcompat yes	6CF8:2	-	-	2	casts	2 call-site warnings
sony-func	PutDispEnv	DISPENV * @(DISPENV *)	sotn	extern DISPENV* PutDispEnv(DISPENV* env); [sotn:include/psxsdk/libgpu.h:640]	DISPENV * @(DISPENV *) [src/main/psxsdk/libgpu/sys.c:503]	defcompat yes	51268:2,6CF8:3	-	-	0	ready	
sony-func	ResetGraph	int @(int)	sotn	extern int ResetGraph(int mode); [sotn:include/psxsdk/libgpu.h:613]	u32 @(s32) [src/main/psxsdk/libgpu/sys.c:251]	defcompat no: src/main/psxsdk/libgpu/sys.c:251: conflicting types for `ResetGraph'	6CF8:3,cdrom:1,psxsdk/libcomb/comb:1	-	-	0	def-retype	defcompat no: src/main/psxsdk/libgpu/sys.c:251: conflicting types for `ResetGraph'
sony-func	ResetRCnt	s32 @(u32)	sotn	extern long ResetRCnt(unsigned long); [sotn:include/psxsdk/libapi.h:86]	s32 @(s32) [src/main/psxsdk/libapi/counter.c:71]	defcompat no: src/main/psxsdk/libapi/counter.c:71: conflicting types for `ResetRCnt'	28708:4,2B344:1,6CF8:2,psxsdk/libsnd/ssstart:1	-	-	0	def-retype	defcompat no: src/main/psxsdk/libapi/counter.c:71: conflicting types for `ResetRCnt'
sony-func	RotMatrixX	MATRIX * @(s32, MATRIX *)	sotn	MATRIX* RotMatrixX(long r, MATRIX* m); [sotn:include/psxsdk/libgte.h:34]		-	17AFC:10,9F9C:2	-	-	12	casts	12 call-site warnings
sony-func	RotMatrixY	MATRIX * @(s32, MATRIX *)	sotn	MATRIX* RotMatrixY(long r, MATRIX* m); [sotn:include/psxsdk/libgte.h:35]		-	17AFC:12,9F9C:2	-	-	14	casts	14 call-site warnings
sony-func	RotMatrixZ	MATRIX * @(s32, MATRIX *)	sotn	MATRIX* RotMatrixZ(long r, MATRIX* m); [sotn:include/psxsdk/libgte.h:36]		-	17AFC:5,9F9C:2	-	-	7	casts	7 call-site warnings
sony-func	RotTrans	void @(SVECTOR *, VECTOR *, s32 *)	sotn	void RotTrans(SVECTOR* v0, VECTOR* v1, long* flag); [sotn:include/psxsdk/libgte.h:30]		-	51268:2,6CF8:1	-	-	4	casts	4 call-site warnings
sony-func	SetDefDispEnv	DISPENV * @(DISPENV *, int, int, int, int)	sotn	extern DISPENV* SetDefDispEnv(DISPENV* env, int x, int y, int w, int h); [sotn:include/psxsdk/libgpu.h:641]	s16 * @(s16 *, s16, s16, s16, s32) [src/main/psxsdk/libgpu/ext.c:72]	defcompat no: src/main/psxsdk/libgpu/ext.c:72: conflicting types for `SetDefDispEnv'	51268:2,6CF8:4	-	-	0	def-retype	defcompat no: src/main/psxsdk/libgpu/ext.c:72: conflicting types for `SetDefDispEnv'
sony-func	SetDefDrawEnv	DRAWENV * @(DRAWENV *, int, int, int, int)	sotn	extern DRAWENV* SetDefDrawEnv(DRAWENV* env, int x, int y, int w, int h); [sotn:include/psxsdk/libgpu.h:642]	s16 * @(s16 *, s16, s16, s16, s32) [src/main/psxsdk/libgpu/ext.c:45]	defcompat no: src/main/psxsdk/libgpu/ext.c:45: conflicting types for `SetDefDrawEnv'	51268:2,6CF8:3	-	-	0	def-retype	defcompat no: src/main/psxsdk/libgpu/ext.c:45: conflicting types for `SetDefDrawEnv'
sony-func	SetDrawArea	void @(DR_AREA *, RECT *)	psyz		void @(u8 *, s16 *) [src/main/psxsdk/libgpu/sys.c:608]	defcompat type-missing: DR_AREA	-	-	3AB48:2,51268:2,5ED34:4,64FD8:2	0	blocked	main/3AB48: type-missing: DR_AREA; main/51268: type-missing: DR_AREA; main/5ED34: type-missing: DR_AREA; main/64FD8: type-missing: DR_AREA | def: defcompat type-missing: DR_AREA
sony-func	SetDrawMode	void @(DR_MODE *, int, int, int, RECT *)	sotn	extern void SetDrawMode(DR_MODE* p, int dfe, int dtd, int tpage, RECT* tw); [sotn:include/psxsdk/libgpu.h:627]	void @(u8 *, s32, s32, u16, s32) [src/main/psxsdk/libgpu/sys.c:631]	defcompat type-missing: DR_MODE	-	-	3AB48:12,51268:30,5ED34:15,63D2C:2,64FD8:17	0	blocked	main/3AB48: type-missing: DR_MODE; main/51268: type-missing: DR_MODE; main/5ED34: type-missing: DR_MODE; main/63D2C: type-missing: DR_MODE; main/64FD8: type-missing: DR_MODE | def: defcompat type-missing: DR_MODE
sony-func	SetDrawOffset	void @(DR_OFFSET *, u16 *)	psyz		void @(u8 *, s16 *) [src/main/psxsdk/libgpu/sys.c:613]	defcompat type-missing: DR_OFFSET	-	-	51268:2,5ED34:4,64FD8:2	0	blocked	main/51268: type-missing: DR_OFFSET; main/5ED34: type-missing: DR_OFFSET; main/64FD8: type-missing: DR_OFFSET | def: defcompat type-missing: DR_OFFSET
sony-func	SetGraphDebug	int @(int)	sotn	int SetGraphDebug(int level); [sotn:include/psxsdk/libgpu.h:614]	u32 @(s32) [src/main/psxsdk/libgpu/sys.c:301]	defcompat no: src/main/psxsdk/libgpu/sys.c:301: conflicting types for `SetGraphDebug'	6CF8:1	-	-	0	def-retype	defcompat no: src/main/psxsdk/libgpu/sys.c:301: conflicting types for `SetGraphDebug'
sony-func	SetIntrMask	u16 @(u16)	def		u16 @(u16) [src/main/psxsdk/libetc/intr.c:88]	defcompat yes	-	psxsdk/libgpu/sys:9	-	0	codegen	main/psxsdk/libgpu/sys: asm-diff(14 lines) in _addque2,_exeque,_reset,get_alarm
sony-func	SetPolyFT4	void @(POLY_FT4 *)	psyz		void @(u8 *) [src/main/psxsdk/libgpu/prim.c:142]	defcompat no: src/main/psxsdk/libgpu/prim.c:142: conflicting types for `SetPolyFT4'	51268:4,63D2C:2	-	-	0	def-retype	defcompat no: src/main/psxsdk/libgpu/prim.c:142: conflicting types for `SetPolyFT4'
sony-func	SetPolyG4	void @(POLY_G4 *)	sotn	extern void SetPolyG4(POLY_G4* p); [sotn:include/psxsdk/libgpu.h:606]	void @(u8 *) [src/main/psxsdk/libgpu/prim.c:147]	defcompat no: src/main/psxsdk/libgpu/prim.c:147: conflicting types for `SetPolyG4'	25C38:1,3AB48:1,51268:2,5ED34:2	-	-	6	def-retype	defcompat no: src/main/psxsdk/libgpu/prim.c:147: conflicting types for `SetPolyG4'
sony-func	SetRCnt	s32 @(u32, u16, s32)	sotn	extern long SetRCnt(unsigned long, unsigned short, long); [sotn:include/psxsdk/libapi.h:82]	s32 @(s32, s32, s32) [src/main/psxsdk/libapi/counter.c:12]	defcompat no: src/main/psxsdk/libapi/counter.c:12: conflicting types for `SetRCnt'	psxsdk/libsnd/ssstart:1	368E4:1	-	0	codegen	main/368E4: asm-diff(2 lines) in rcnt_StartCnt1 | def: defcompat no: src/main/psxsdk/libapi/counter.c:12: conflicting types for `SetRCnt'
sony-func	SetRotMatrix	void @(MATRIX *)	sotn	void SetRotMatrix(MATRIX* m); [sotn:include/psxsdk/libgte.h:33]		-	51268:6,63D2C:1,6CF8:1	-	-	7	casts	7 call-site warnings
sony-func	SetSemiTrans	void @(void *, int)	sotn	extern void SetSemiTrans(void* p, int abe); [sotn:include/psxsdk/libgpu.h:608]	void @(u8 *, s32) [src/main/psxsdk/libgpu/prim.c:101]	defcompat no: src/main/psxsdk/libgpu/prim.c:101: conflicting types for `SetSemiTrans'	3AB48:16,51268:27,5ED34:8,63D2C:7,64FD8:3	-	-	12	def-retype	defcompat no: src/main/psxsdk/libgpu/prim.c:101: conflicting types for `SetSemiTrans'
sony-func	SetShadeTex	void @(void *, int)	sotn	extern void SetShadeTex(void* p, int tge); [sotn:include/psxsdk/libgpu.h:603]	void @(u8 *, s32) [src/main/psxsdk/libgpu/prim.c:109]	defcompat no: src/main/psxsdk/libgpu/prim.c:109: conflicting types for `SetShadeTex'	51268:4,63D2C:6	-	-	10	def-retype	defcompat no: src/main/psxsdk/libgpu/prim.c:109: conflicting types for `SetShadeTex'
sony-func	SetSprt	void @(SPRT *)	sotn	extern void SetSprt(SPRT* p); [sotn:include/psxsdk/libgpu.h:609]	void @(u8 *) [src/main/psxsdk/libgpu/prim.c:167]	defcompat type-missing: SPRT	-	-	63D2C:1	0	blocked	main/63D2C: type-missing: SPRT | def: defcompat type-missing: SPRT
sony-func	SetTile	void @(TILE *)	sotn	extern void SetTile(TILE* p); [sotn:include/psxsdk/libgpu.h:612]	void @(u8 *) [src/main/psxsdk/libgpu/prim.c:187]	defcompat type-missing: TILE	-	-	3AB48:15,51268:15,5ED34:4,63D2C:1,64FD8:3	0	blocked	main/3AB48: type-missing: TILE; main/51268: type-missing: TILE; main/5ED34: type-missing: TILE; main/63D2C: type-missing: TILE; main/64FD8: type-missing: TILE | def: defcompat type-missing: TILE
sony-func	SetTransMatrix	void @(MATRIX *)	sotn	void SetTransMatrix(MATRIX* m); [sotn:include/psxsdk/libgte.h:39]		-	51268:6,6CF8:1	-	-	6	casts	6 call-site warnings
sony-func	SpuClearReverbWorkArea	s32 @(s32)	sotn	extern long SpuClearReverbWorkArea(long rev_mode ); [sotn:include/psxsdk/libsnd.h:64]	s32 @(u32) [src/main/psxsdk/libspu/s_crwa.c:12]	defcompat no: src/main/psxsdk/libspu/s_crwa.c:12: conflicting types for `SpuClearReverbWorkArea'	3AB48:1,psxsdk/libspu/s_srmp:1	-	-	0	def-retype	defcompat no: src/main/psxsdk/libspu/s_crwa.c:12: conflicting types for `SpuClearReverbWorkArea'
sony-func	SpuSetCommonAttr	void @(SpuCommonAttr *)	psyz		void @(void *) [src/main/psxsdk/libspu/s_sca.c:10]	defcompat no: src/main/psxsdk/libspu/s_sca.c:10: conflicting types for `SpuSetCommonAttr'	psxsdk/libsnd/scsmvol:1,psxsdk/libsnd/scssattr:1,psxsdk/libsnd/scssvol:1	-	-	3	def-retype	defcompat no: src/main/psxsdk/libspu/s_sca.c:10: conflicting types for `SpuSetCommonAttr'
sony-func	SsInit	void @(void)	psyz		void @(void) [src/main/psxsdk/libsnd/ssinit_c.c:8]	defcompat yes	3AB48:1	-	-	0	ready	
sony-func	SsSetAutoKeyOffMode	void @(s16)	psyz		void @(u8) [src/main/psxsdk/libsnd/vs_auto.c:6]	defcompat no: src/main/psxsdk/libsnd/vs_auto.c:6: conflicting types for `SsSetAutoKeyOffMode'	3AB48:1	-	-	0	def-retype	defcompat no: src/main/psxsdk/libsnd/vs_auto.c:6: conflicting types for `SsSetAutoKeyOffMode'
sony-func	SsSetMVol	void @(s16, s16)	sotn	extern void SsSetMVol(short voll, short volr); [sotn:include/psxsdk/libsnd.h:49]	void @(s16, s16) [src/main/psxsdk/libsnd/scsmvol.c:9]	defcompat yes	3AB48:1	-	-	0	ready	
sony-func	SsSetSerialVol	void @(s16, s16, s16)	sotn	extern void SsSetSerialVol(short s_num, short voll, short volr); [sotn:include/psxsdk/libsnd.h:57]	void @(s16, s16, s16) [src/main/psxsdk/libsnd/scssvol.c:13]	defcompat yes	267A8:1	-	-	0	ready	
sony-func	SsSetTickMode	void @(s32)	sotn	void SsSetTickMode(long tick_mode ); [sotn:include/psxsdk/libsnd.h:93]	void @(s32) [src/main/psxsdk/libsnd/sstick.c:6]	defcompat yes	3AB48:1	-	-	0	ready	
sony-func	SsUtKeyOnV	s16 @(s16, s16, s16, s16, s16, s16, s16, s16)	sotn	short SsUtKeyOnV( short voice, short vabId, short prog, short tone, short note, short fine, short voll, short volr ); [sotn:include/psxsdk/libsnd.h:108]	s16 @(s16, s16, s16, s16, s16, s16, s16, s16) [src/main/psxsdk/libsnd/ut_keyv.c:12]	defcompat yes	3AB48:1	-	-	0	ready	
sony-func	SsUtReverbOff	void @(void)	psyz		void @(void) [src/main/psxsdk/libsnd/ut_roff.c:6]	defcompat yes	3AB48:5	-	-	0	ready	
sony-func	SsUtReverbOn	void @(void)	sotn	void SsUtReverbOn(void); [sotn:include/psxsdk/libsnd.h:174]	void @(void) [src/main/psxsdk/libsnd/ut_ron.c:6]	defcompat yes	3AB48:1	-	-	0	ready	
sony-func	SsUtSetReverbDepth	void @(s16, s16)	sotn	void SsUtSetReverbDepth( short ldepth, short rdepth ); [sotn:include/psxsdk/libsnd.h:177]	void @(s16, s16) [src/main/psxsdk/libsnd/ut_rdep.c:6]	defcompat yes	3AB48:6	-	-	0	ready	
sony-func	SsUtSetReverbType	void @(s16)	sotn	void SsUtSetReverbType(short type); [sotn:include/psxsdk/libsnd.h:170]	s16 @(s16) [src/main/psxsdk/libsnd/ut_rev.c:6]	defcompat no: src/main/psxsdk/libsnd/ut_rev.c:6: conflicting types for `SsUtSetReverbType'	-	-	3AB48:6	0	blocked	main/3AB48: error: src/main/3AB48.c:3740: void value not ignored as it ought to be | def: defcompat no: src/main/psxsdk/libsnd/ut_rev.c:6: conflicting types for `SsUtSetReverbType'
sony-func	SsVabFakeBody	s16 @(s16)	psyz		s16 @(s16) [src/main/psxsdk/libsnd/vs_vfb.c:6]	defcompat yes	3AB48:2	-	-	0	ready	
sony-func	SsVabFakeHead	s16 @(u8 *, s16, u32)	psyz		s16 @(s32, s16, s32) [src/main/psxsdk/libsnd/vs_vh.c:15]	defcompat no: src/main/psxsdk/libsnd/vs_vh.c:15: conflicting types for `SsVabFakeHead'	-	3AB48:2	-	2	codegen	main/3AB48: asm-diff(52 lines) in snd_VabFakeOpen | def: defcompat no: src/main/psxsdk/libsnd/vs_vh.c:15: conflicting types for `SsVabFakeHead'
sony-func	SsVabOpenHeadSticky	s32 @(u8 *, u32, u32)	sotn	s32 SsVabOpenHeadSticky( u_char* addr, u_long vabid, u_long sbaddr ); [sotn:include/psxsdk/libsnd.h:149]	s16 @(s32, s16, s32) [src/main/psxsdk/libsnd/vs_vh.c:11]	defcompat no: src/main/psxsdk/libsnd/vs_vh.c:11: conflicting types for `SsVabOpenHeadSticky'	3AB48:1	-	-	1	def-retype	defcompat no: src/main/psxsdk/libsnd/vs_vh.c:11: conflicting types for `SsVabOpenHeadSticky'
sony-func	SsVabTransBody	s16 @(u8 *, s16)	psyz		s16 @(s32, s16) [src/main/psxsdk/libsnd/vs_vtb.c:6]	defcompat no: src/main/psxsdk/libsnd/vs_vtb.c:6: conflicting types for `SsVabTransBody'	3AB48:1	-	-	1	def-retype	defcompat no: src/main/psxsdk/libsnd/vs_vtb.c:6: conflicting types for `SsVabTransBody'
sony-func	StartRCnt	s32 @(u32)	sotn	extern long StartRCnt(unsigned long); [sotn:include/psxsdk/libapi.h:83]	s32 @(s32) [src/main/psxsdk/libapi/counter.c:55]	defcompat no: src/main/psxsdk/libapi/counter.c:55: conflicting types for `StartRCnt'	368E4:1	-	-	0	def-retype	defcompat no: src/main/psxsdk/libapi/counter.c:55: conflicting types for `StartRCnt'
sony-func	StoreImage	int @(RECT *, u32 *)	sotn	extern int StoreImage(RECT* rect, u_long* p); [sotn:include/psxsdk/libgpu.h:634]	void @(RECT *, u32 *) [src/main/psxsdk/libgpu/sys.c:401]	defcompat no: src/main/psxsdk/libgpu/sys.c:401: conflicting types for `StoreImage'	2B344:1,31D3C:1,368E4:1	-	-	6	def-retype	defcompat no: src/main/psxsdk/libgpu/sys.c:401: conflicting types for `StoreImage'
sony-func	SysDeqIntRP					-	-	-	-	0	no-reference	no SOTN/psyz/header spelling and no C definition
sony-func	SysEnqIntRP					-	-	-	-	0	no-reference	no SOTN/psyz/header spelling and no C definition
sony-func	VSync	int @(int)	sotn	int VSync(int mode); [sotn:include/psxsdk/libetc.h:19]	s32 @(s32) [src/main/psxsdk/libetc/vsync.c:24]	defcompat yes	267A8:1,26940:4,28708:7,2B344:8,6CF8:4,9F9C:2,cdrom:5,psxsdk/libcd/bios:2,psxsdk/libcd/cdread:9,psxsdk/libgpu/sys:2	-	-	0	ready	
sony-func	_comb_control	s32 @(u32, u32, u32)	psyz		s32 @(u32, u32, u32) [src/main/psxsdk/libcomb/comb.c:190]	defcompat yes	28708:17,2B344:3	-	-	0	ready	
sony-func	_exeque	s32 @(void)	def		s32 @(void) [src/main/psxsdk/libgpu/sys.c:1192]	defcompat yes	-	-	-	0	ready	
sony-func	_memcpy	void @(char *, char *, u32)	def		void @(char *, char *, u32) [src/main/psxsdk/libspu/s_srmp.c:29]	defcompat no: src/main/psxsdk/libcd/bios.c:75: conflicting types for `_memcpy' (TU defines it; not in census defs);defcompat yes	-	-	-	0	def-retype	defcompat no: src/main/psxsdk/libcd/bios.c:75: conflicting types for `_memcpy' (TU defines it; not in census defs); defcompat yes
sony-func	func_800858D0	void @(void)	def		void @(void) [src/main/psxsdk/libsnd/760D0.c:11]	defcompat yes	-	-	3AB48:19	0	blocked	main/3AB48: error: src/main/3AB48.c:3341: too many arguments to function `func_800858D0'
sony-func	func_80086130	s32 @(s16, s16, s16)	def		s32 @(s16, s16, s16) [src/main/psxsdk/libsnd/ut_vvol.c:42]	defcompat yes	3AB48:1	-	-	0	ready	
sony-func	get_alarm	s32 @(void)	def		s32 @(void) [src/main/psxsdk/libcd/bios.c:283]	defcompat yes;defcompat yes (TU defines it; not in census defs)	-	-	-	0	ready	
sony-func	memcpy	void * @(void *, const void *, size_t)	sotn	extern void* memcpy(void*, const void*, size_t); [sotn:include/psxsdk/libc.h:12]	u8 * @(u8 *, u8 *, s32) [src/main/psxsdk/libc2/memcpy.c:6]	defcompat type-missing: size_t	-	-	6CF8:1,9F9C:3,psxsdk/libgpu/sys:3	0	blocked	main/6CF8: type-missing: size_t; main/9F9C: type-missing: size_t; main/psxsdk/libgpu/sys: type-missing: size_t | def: defcompat type-missing: size_t
sony-func	memmove	void * @(u8 *, u8 *, int)	psyz		u8 * @(u8 *, u8 *, s32) [src/main/psxsdk/libc2/memmove.c:9]	defcompat no: src/main/psxsdk/libc2/memmove.c:9: conflicting types for `memmove'	psxsdk/libc2/sprintf:1	-	-	0	def-retype	defcompat no: src/main/psxsdk/libc2/memmove.c:9: conflicting types for `memmove'
sony-func	printf	int @(char *, ...)	sotn	int printf(char*, ...); [sotn:include/psxsdk/libc.h:23]	void @(s32, s32, s32, s32) [src/main/psxsdk/libc2/printf.c:6]	defcompat no: src/main/psxsdk/libc2/printf.c:6: conflicting types for `printf'	17AFC:1,35000:1,3AB48:3,51268:1,6CF8:4,psxsdk/libcd/bios:7,psxsdk/libcd/event:1,psxsdk/libetc/intr:2,psxsdk/libetc/intr_dma:2,psxsdk/libgpu/sys:3,psxsdk/libspu/spu:3	-	-	26	def-retype	defcompat no: src/main/psxsdk/libc2/printf.c:6: conflicting types for `printf'
sony-func	putchar	void @(s8)	def		void @(s8) [src/main/psxsdk/libc2/putchar.c:11]	defcompat yes	-	psxsdk/libc2/prnt:11,psxsdk/libc2/puts:1	-	0	codegen	main/psxsdk/libc2/prnt: asm-diff(71 lines) in prnt; main/psxsdk/libc2/puts: asm-diff(7 lines) in puts
sony-func	puts	void @(char *)	sotn	extern void puts(char*); [sotn:include/psxsdk/libc.h:5]	void @(void *) [src/main/psxsdk/libc2/puts.c:18]	defcompat no: src/main/psxsdk/libc2/puts.c:18: conflicting types for `puts'	psxsdk/libcd/bios:3,psxsdk/libcd/cdread:3,psxsdk/libetc/vsync:1	-	-	7	def-retype	defcompat no: src/main/psxsdk/libc2/puts.c:18: conflicting types for `puts'
sony-func	rand	int @(void)	sotn	extern int rand(void); [sotn:include/psxsdk/libc.h:18]	s32 @(void) [src/main/psxsdk/libc2/rand.c:7]	defcompat yes	17AFC:3,24F08:1,25C38:1,2B344:1,3AB48:26,6CF8:3	51268:17	9F9C:4	0	blocked	main/9F9C: error: src/main/9F9C.c:1291: too many arguments to function `rand'
sony-func	ratan2	s32 @(s32, s32)	sotn	long ratan2(long y, long x); [sotn:include/psxsdk/libgte.h:79]	s32 @(s32, s32) [src/main/psxsdk/libgte/ratan.c:10]	defcompat yes	17AFC:28,2B344:1,31D3C:2,32D04:3,368E4:4,3AB48:9,9F9C:16	-	-	0	ready	
sony-func	rcos	int @(int)	sotn	int rcos(int a); [sotn:include/psxsdk/libgte.h:77]	s32 @(s32) [src/main/psxsdk/libgte/geo_01.c:11]	defcompat yes	31D3C:1,32D04:1,35000:2,368E4:2,5ED34:2	51268:4	-	0	codegen	main/51268: asm-diff(10 lines) in func_80065800
sony-func	rsin	int @(int)	sotn	int rsin(int a); [sotn:include/psxsdk/libgte.h:78]	s32 @(s32) [src/main/psxsdk/libgte/geo_00.c:7]	defcompat yes	31D3C:1,32D04:1,35000:2,368E4:2,5ED34:8,63D2C:4,64FD8:4	51268:18	-	0	codegen	main/51268: asm-diff(14 lines) in func_80065800
sony-func	set_alarm	void @(char *)	def		void @(char *) [src/main/psxsdk/libcd/bios.c:275]	defcompat yes;defcompat no: src/main/psxsdk/libgpu/sys.c:1291: conflicting types for `set_alarm' (TU defines it; not in census defs)	-	-	-	0	def-retype	defcompat yes; defcompat no: src/main/psxsdk/libgpu/sys.c:1291: conflicting types for `set_alarm' (TU defines it; not in census defs)
sony-func	startIntrDMA	s32 @(void)	def		s32 @(void) [src/main/psxsdk/libetc/intr_dma.c:33]	defcompat yes	psxsdk/libetc/intr:1	-	-	0	ready	
sony-func	startIntrVSync	s32 @(void)	def		s32 @(void) [src/main/psxsdk/libetc/intr_vb.c:17]	defcompat yes	psxsdk/libetc/intr:1	-	-	0	ready	
sony-func	write	s32 @(s32, void *, s32)	sotn	extern long write(long, void*, long); [sotn:include/psxsdk/libapi.h:44]		-	28708:1,memcard:1,psxsdk/libc2/putchar:1	-	-	1	casts	1 call-site warnings
