vein	kind	addr	current_name	proposed_name	verdict	evidence_class	class_status	confidence	decisive_evidence	wrong_reading_ruled_out	hazards
v3_audit	func	0x80021974	mario_test_get_guard_power	func_80021974	RESET	contradicted-by-body	ACCEPTED	HIGH	Matched C src/code6cac_tu2.c:3553-3557: returns D_801027B0[rec.unk_4A][0] + D_800A3860[rec.unk_4A]->f4E[rec.unk_84] * 2, an address in the character's u16 move-script stream (include/code6cac.h:34-43, 181-197). func_80021904 (:3548-3552) computes the identical expression from unk_86. All 6 call sites (src/code6cac_tu2.c:1227, 1243, 1902, 1913, 1935, 1940) pass the result straight to func_80021A98(i, (MoveScript *)v, 0). func_80021A98 stores it as the record's current move (s0->unk_50 = arg1, :3573; asm/funcs/func_80021A98.s:28 sw a1,0x50(s0)) and dereferences it as a MoveScript: arg1->unk_04, the bank row (:3575; asm :29 lhu 0x4(a1)), and ->unk_06, the first frame (:3598; asm :65 lbu 0x6).	\"The 09-25 keep said 'returns a pointer computed from tables; \"\"get\"\" fits, rest unproven'. NEW: the MoveScript typing of the only consumer proves the value is a move-record pointer that becomes the fighter's current move. A 'guard power' (a stat) is not a pointer into the move stream, and the same computation over unk_86 already carries an unrelated name.\"	Registry-only: named_syms.txt:2702 alias.
v3_audit	func	0x800219E4	mario_test_get_charm_bonus	func_800219E4	RESET	contradicted-by-body	ACCEPTED	HIGH	Matched C src/code6cac_tu2.c:3558-3560: returns D_80102760 + D_800A3860[rec.unk_4A]->f16 * 2, an address in the common move stream D_80102760. Both call sites (src/code6cac_tu2.c:1921, 1926) pass it to func_80021A98(i, (MoveScript *)v, 1). func_80021A98 stores it as rec->unk_50, the current move, and reads ->unk_04 and ->unk_06 (src/code6cac_tu2.c:3573-3606; asm/funcs/func_80021A98.s:28-29, 65). arg2 = 1 selects the common bank D_80102764/D_80102768 (:3578-3580).	\"The 09-25 keep said 'returns D_80102760 + 2*field; \"\"get\"\" fits, rest unproven'. NEW: the consumer's typing proves the value is a MoveScript pointer installed as the current move, which contradicts 'charm bonus' (a scalar).\"	Registry-only: named_syms.txt:2703 alias.
v3_audit	func	0x80023F08	cpu_calc_move_pattern_trajectory	func_80023F08	RESET	contradicted-by-body	ACCEPTED	HIGH	func_8001E878 (matched C src/code6cac_tu2.c:2090-2105; asm/funcs/func_8001E878.s:40-49) calls func_8001BE20(i,&buf) and then func_80023F08(i,&buf) for i = 0 AND i = 1 every frame (also :2152-2153 and :2256-2257). func_8001BE20 (src/code6cac_tu2.c:1119-1140) hands the pad to the CPU synthesizer func_80055B60 ONLY when rec->unk_06 != 0. Otherwise it copies *arg1 = D_80102788. D_80102788 is the PadState that func_80019568 (src/code6cac.c:1221-1360) builds from g_pad_buf, the buffer passed to InitPAD [VERIFIED libscan-verbatim] in sys_Init (src/ings.c:276-279): byte 0 status, byte 1 >> 4 type, ~(byte2<<8 | byte3) buttons, then held/pressed/released/unheld. So func_80023F08(arg0, PadState *pad) (src/code6cac_tu2.c:4705) processes the human player's physical pad input in the same call that serves the CPU player.	The 09-29 keep said 'brackets its body with scratchpad_Save/Restore; game body, not contradicted'. NEW: the PadState typing proves its pad argument is the real controller record for a non-CPU fighter. The function is the shared per-fighter frame update (move scripts, motion frames, bones), not CPU logic. The 'cpu' claim is concretely false; 'move pattern trajectory' is at best partial.	Registry-only: named_syms.txt:2707 alias (glabel and C are func_80023F08). CASCADE: about 17 cpu_helper_* aliases (named_syms.txt:2885, 2897-2916, 2922, 2934) give '<-cpu_calc_move_pattern_trajectory_8002...' as their only basis; see the family row.
v3_audit	func	0x80030A2C	cpu_set_move_command_and_dir	func_80030A2C	RESET	contradicted-by-body	ACCEPTED	HIGH	Matched C src/code6cac_b_tu2.c:4855-4875 (asm/funcs/cpu_set_move_command_and_dir.s): p = func_80030580(a0,a1), the Obj80106A78 spawner (include/code6cac.h:472-474; asm :8). Then p->unk_2C (position) = *a2; p->unk_44 (velocity) = three values derived from rng_Next() (:4862-4864; asm :18-23); p->unk_5C (angular speeds) = random (:4865-4872; asm :43-44); p->unk_0B = a0->unk_12. The sole call site src/code6cac_tu2.c:5402 passes rec, a kind from D_8008D90C, and bones[0x12]->t, a bone translation from game_GetPlayerData. The caller func_80023F08 runs every frame for BOTH fighter records (func_8001E878.s:43/49), and this call is not gated on rec->unk_06, the CPU flag (src/code6cac_tu2.c:1129).	The 09-29 re-check noted 'random velocity/spin confirmed; not contradicted'. NEW: the types now pin the written object as a freshly spawned Obj80106A78 record, one of the 12 physics objects func_80030D7C integrates, not the fighter a0. a0's move fields (unk_50 / unk_7C MoveScript*, the move command list) are untouched. There are two independent contradictions: no move command is set (the body spawns an object at a bone position with random velocity and spin), and it is not CPU-only (it runs on the shared per-fighter path).	C name + glabel: asm/funcs/cpu_set_move_command_and_dir.s (glabel and filename together), src/code6cac_b_tu2.c:4855 definition, src/code6cac_tu2.c:5402 call, the include/m2c_context.h prototype, the jal in asm/funcs/func_80023F08.s, tools/rename_funcs.py, and the named_syms.txt alias.
v3_audit	func	0x80030BA8	check_dodge_kawashi	func_80030BA8	RESET	contradicted-by-body	ACCEPTED	HIGH	Matched C src/code6cac_b_tu2.c:4911-4957: scans Obj80106A78 D_80106A78[12] (:4916). It skips free objects (kind -1), kinds 0x12..0x1D and moving objects (unk_50 != 0 = moving, include/code6cac.h:493). It keeps an object within +-0x64 of the fighter's height (unk_B8.vy) and within squared radius 0xF423F of its position unk_F4 (:4928-4942). If func_80030B10(rec, kind) accepts it, the body frees the object (p->unk_02 = -1, :4948), fires effect event 0x2F or 0x11 (:4950/:4952) and RETURNS THE OBJECT'S KIND (:4954). Both callers (src/code6cac_tu2.c:5425, :5428) compare that result with rec->unk_14, the fighter's own object kind (include/code6cac.h:209).	The 09-25 keep said 'game body; not contradicted'. NEW: the typed records show the body picks up a resting object near the fighter: the object is consumed and its kind returned, keyed by the fighter's own kind field. An evasion check ('dodge' / kawashi) would read the opponent or an incoming attack. This reads only resting objects (velocity flag 0) and deletes the one it finds. The registry comment itself (named_syms.txt:3257) already says 'scan the 12 D_80106A78 records for in-range valid object near fighter'.	Registry-only: named_syms.txt:3257 alias (glabel and C are already func_80030BA8). Keep the descriptive comment.
v3_audit	func	0x80030D7C	cpu_ai_pick_move_for_situation	func_80030D7C	RESET	contradicted-by-body	ACCEPTED	HIGH	Matched C src/code6cac_b_tu2.c:4979-5160 (= asm/funcs/func_80030D7C.s): loops i<12 over Obj80106A78 D_80106A78[12] (:4990-4991; asm :7-8 %hi/%lo(D_80106A78), :745 slti fp,0xC); per record: previous position unk_38 = unk_2C (:5008); gravity unk_44.y += 13 (:5048; asm :281 addiu 0xD); position+velocity into scratch (:5049-5051); collision probe func_8005344C (:5054; asm :300); velocity reflected off the returned normal and scaled by restitution D_8008E194[kind].unkA (:5064-5076); spin unk_54 += unk_5C with 15/16 or 63/64 damping (:5037-5047); rest detection on small velocity (:5119); then func_80030208 (:5159; asm :748). include/code6cac.h:472-498 types the records (position / previous position / velocity / rotation angles / angular speeds) and says 'func_80030D7C moves them'. The body has zero references to g_practice_menu_table, MoveScript or PadState.	The 09-25 keep ('709-insn AI selector (ratan2, rng_Next, event dispatch)') read only the size and the callee list. NEW: the typed C shows ratan2 and rng_Next are used to turn the velocity and randomise the spin of the 12 free objects. The only 'event' calls are func_80032854 effect events on a bounce. No fighter record is read, no move is chosen, and nothing is CPU-specific (it is called once per frame, unconditionally, from func_8001E878.s:53). A projectile/rigid-body integrator cannot be 'AI pick move for situation'.	Registry-only: named_syms.txt:2709 alias (glabel and C are already func_80030D7C). The cpu_helper_80030208 tag (named_syms.txt:2919) is derived from this name; see the family row.
v3_audit	func	0x80032C50	cpu_check_special_move_input	func_80032C50	RESET	contradicted-by-body	ACCEPTED	HIGH	Matched C src/code6cac_b_tu2.c:5834, void func_80032C50(s32 obj, s32 kind): no return value; switch(kind) dispatches to effect/event calls (func_800325E0, func_80032854, func_80061A3C), as the 09-29 held.csv row records. Its only caller is cpu_check_same_dir_timer (src/code6cac_b_tu2.c:6043), which passes kind = (event byte - 1). That byte comes from the current move's frame-event list, read when the list's frame byte equals PracticeMenuRec.unk_40, the current move frame (include/code6cac.h:218). No pad field (PracticeMenuRec.unk_24 / unk_3D0, D_80102788) is read.	09-29 held this RESET at MEDIUM because 'input' might be read as the kind argument. NEW: the provenance of the kind argument is now typed. It comes from the move script's frame-triggered event list (see the 0x8003339C row), not from any input, and the caller runs for human and CPU fighters alike. 'check' (void, no result), 'special move input' and 'cpu' are all contradicted.	Registry-only: named_syms.txt:2711 alias (glabel and C are func_80032C50). The cpu_helper_80061A3C tag (named_syms.txt:3000) is derived from this name.
v3_audit	func	0x8003339C	cpu_check_same_dir_timer	func_8003339C	RESET	contradicted-by-body	ACCEPTED	HIGH	Matched C src/code6cac_b_tu2.c:5997-6062: walks the byte list at (*(rec+0x58))+4. rec+0x58 is PracticeMenuRec.unk_58 (u8*), set by func_80021A98 from the move bank (src/code6cac_tu2.c:3580/3584). 0xFF entries test bit rec->unk_0A (class index, +0xA) of a 32-bit mask (:6018-6025). Every other entry compares its next byte with *(s16*)(rec+0x40) = PracticeMenuRec.unk_40, typed 'current frame of the move' (include/code6cac.h:218) and initialised from MoveScript.unk_06 'first frame' (src/code6cac_tu2.c:3598/3606). On equality the body calls func_80032C50(rec, entry-1) (:6043). Callers: src/code6cac_tu2.c:5441, inside func_80023F08 and gated only by unk_46 == 0 and unk_6A, not by the CPU flag unk_06; and src/code6cac_c_mid.c:1521.	\"The 09-25 keep said '\"\"check same dir\"\" fits the comparison; \"\"timer\"\" unsupported'. NEW: the compared field is now typed. +0x40 is the move's current frame number, not a direction, and the list is the current move's per-frame event table (frame byte -> event kind). It runs for human and CPU fighters alike. 'dir' and 'cpu' are both false; 'timer' is at most a loose reading of 'frame'.\"	C name + glabel: asm/funcs/cpu_check_same_dir_timer.s (glabel and filename), src/code6cac_b_tu2.c:5997 definition, calls at src/code6cac_tu2.c:5441 and src/code6cac_c_mid.c:1521, the include/m2c_context.h prototype, the jals in asm/funcs/func_80023F08.s and func_8003993C.s, tools/rename_funcs.py, and the named_syms.txt alias.
v3_audit	func	0x800455AC	efc_particle_queue_entry	func_800455AC	RESET	contradicted-by-body	ACCEPTED	HIGH	Matched C src/text1a_c_tu2.c:532-545: frees slot a0 (func_800453E0), appends {id a0, base = heap cursor D_800A33A0, cb 0} to the 16-byte slot table D_800EED10[D_800A33AC++], and RETURNS the cursor pointer. 25b CONFIRMed the table and cursor as the Marionation heap (func_800451D0, src/text1a_c_tu2.c:375-387: 10 slots, cursor = &D_800A9D10, free = 0x45000). Callers use the returned pointer as a load buffer: slot 6 -> func_80044F50 (src/text1a_c_tu2.c:776-781), slot 7 -> func_80044F30 (src/text1b.c:93-99), slot chan -> func_80044F80 (src/text1b.c:422-423), slot 0xA -> func_80044FA0 (src/text1b.c:477-478), slot a0+3 -> func_80044ED8 (src/text1a_c_tu2.c:687-692). All of these reach func_80044E74 (src/text1a_c_tu2.c:254-258), which is cdrom_StartReadAt [CORROBORATED] of D_800963EC[id], the NDATA.INF sector table (25b). The remaining site (src/text1a_c_tu2.c:672) uses the block as a record of 0x1A88+ bytes.	\"The 09-25 keep said '\"\"particle\"\" unsupported, but the body alone does not contradict it'. NEW (callers are now matched C): the returned block is a disc-file destination at 5 of 6 sites and a record at the sixth. Nothing particle-like is queued. This is the heap-slot allocator, which is also the 25b verifier's own reading ('func_800455AC(id) frees id then appends {id, base=cursor, cb=0}').\"	Registry-only: named_syms.txt:2729 alias (glabel and C are func_800455AC). No positive name proposed: no admitted class covers 'heap' for a game allocator.
v1_func	func	0x8004C388	satan_helper (alias satan_helper_8004C388; glabel func_8004C388)	math_MidpointS16x3U8x2	RENAME	computation-restatement	ACCEPTED	HIGH	EXE words 0x8004C388..0x8004C3FC (asm/funcs/func_8004C388.s:2-31, whole-body canonical inline_asm_canonical.txt:346; C src/text1b_tu1b.c:74 INCLUDE_ASM): lh +0/+2/+4 of a0 and a1 (:2-7), trapping add pairwise (:8-10), sra 1 (:11-13), sh to a2+0/+2/+4 (:14-16); lhu +6 of a0/a1 (:17-18), low bytes (andi 0xFF) summed and srl 1 then andi 0xFF, high bytes (andi 0xFF00) summed, srl 1, andi 0xFF00, or, sh a2+6 in the jr delay slot (:19-31). Leaf: no call, no gp, no lui, only a0/a1/a2 memory. Effect: out.s16[i] = (a.s16[i] + b.s16[i]) >> 1 (floor) for i=0..2; out.u8[6] = (a.u8[6]+b.u8[6])>>1; out.u8[7] = (a.u8[7]+b.u8[7])>>1. EMULATION (tmp/naming3/v1_func/emu.py = own R3000A interpreter on raw EXE words: branch+load delay slots, load-delay-conflict detection, add/addi/sub overflow traps, strict reads of unprovided bytes trap; harness test_v1.py, seed 20261002, output test_v1.out): 120000 cases (121 s16 edge pairs from {0,+-1,+-2,0x7FFF,-0x8000,0x7FFE,-0x7FFF,+-0x4000} x random edge bytes {0,1,0x7F,0x80,0xFE,0xFF}, 36 byte-pair edge cases, rest random 8-byte pairs), random 2-aligned a0/a1/a2, garbage in t0/t1: 0 mismatches vs own reference, 0 writes outside a2[0..8); in-place a2==a0: 2000 cases 0 mismatches. No trap reachable (s16+s16 and u8+u8 cannot overflow).	Name restates only the arithmetic over the byte layout it proves (three s16 then two u8); it claims no texture/vertex/game meaning. Current alias 'satan_helper' (named_syms.txt:2974 'first-pass subsystem tag (satan)') is a vacuous INFERRED tag: no 'satan' identity in the body. Prior record: 2026-09-25 misc/keep and 09-29 inferred keep both said 'computation-restatement name possible, emulation not run' - this row supplies the emulation (the only new evidence). Rejected alternatives: '...UV' (bytes 6/7 reach POLY_FT3 u/v slots via func_8004BB68.s:15-23 +0xC/+0x14/+0x1C under tag 0x07000000, but that consumer is the GPU, not verified Sony code - the 09-29 gpu_AddPolyG4_640x240 precedent); plain 'Midpoint3' (false: halfword 3 is averaged bytewise, not as s16).	asm/funcs/func_8004C388.s glabel (stays func_8004C388 or renamed with the file); src/text1b_tu1b.c:74 INCLUDE_ASM + :75 PAD_NOPS comment; include/m2c_context.h:686 prototype (typed GameObj* x3 - pre-existing mistype); named_syms.txt:2974 alias; inline_asm_canonical.txt:346 key func_8004C388 (name-keyed authorization); jal sites asm/funcs/func_8004BB68.s:47,51,58 and func_8004C1F4.s:54,58,62,73,84,95 (both whole-body canonical, inline_asm_canonical.txt:183-184). Collision check: name absent from census/registries/src/include/asm.
v2_data	data	0x800A1510	g_ings2_vsync_block_ptr; D_800A1510	g_vsync_gpu_stat_reg	RENAME	hardware-role	ACCEPTED	HIGH	EXE .data word (disc/SLUS_006.63 @ vaddr-0x80010000+0x800, read 2026-10-02) = 0x1F801814 (GPUSTAT, psx-spx GPU I/O map). Only reader VSync [VERIFIED libscan-verbatim LIBETC] src/ings2.c:54,64,91,95 (`*D_800A1510`, declared volatile s32 *). Same role as the LIBGPU pointer g_gpu_stat_reg (named_syms.txt:37), hence the vsync_ prefix to avoid a collision.	'pointer to a vsync timing block' (named_syms.txt:1150) is false: the initialised value is the GPU status register address and nothing writes it (no store to 0x800A1510 in asm/funcs). LIBETC VSYNC .data carries no OBJ symbol (09-29 rejected/lib.md:88), so no Sony name exists to prefer.	named_syms.txt:1150 alias + :1651 comment; undefined_syms_auto.txt:882; src/ings2.c:54,64,91,95 spell D_800A1510.
v2_data	data	0x800A1514	g_vsync_counter_ptr; D_800A1514	g_vsync_rcnt1_count_reg	RENAME	hardware-role	ACCEPTED	HIGH	EXE .data word (disc/SLUS_006.63 @ vaddr-0x80010000+0x800, read 2026-10-02) = 0x1F801110 (root counter 1 current value, psx-spx timers). VSync [VERIFIED] src/ings2.c:65 `(*D_800A1514 - Hcount) & 0xFFFF` and :103 `Hcount = *D_800A1514`; Hcount is the 09-29 Sony XDEF at 0x800A1518.	Registry comment 'pointer to hardware vblank counter register' (named_syms.txt:1652) is false: 0x1F801110 is timer 1's counter value, not a vblank counter. Initialised pointer, never written.	named_syms.txt:1652; undefined_syms_auto.txt:883; src/ings2.c:55,65,103 (D_ spelling).
v2_data	data	0x800A2604	g_sys_irq_vtable_plus_4; D_800A2604	g_intr_i_stat_reg	RENAME	hardware-role	ACCEPTED	HIGH	EXE .data word (disc/SLUS_006.63 @ vaddr-0x80010000+0x800, read 2026-10-02) = 0x1F801070 (I_STAT). All users are VERIFIED LIBETC INTR code: startIntr src/ings2.c:200 (ack all), trapIntr :245/:249/:256/:261 (pending mask, per-bit ack), :314. Declared `volatile u16 *` (src/ings2.c:177).	'+4 of g_sys_irq_vtable' is false: a separate pointer static with its own initial value 0x1F801070, not an element of the 0x800A25E0 table that 0x800A2600 points to.	named_syms.txt:2205; undefined_syms_auto.txt:888; src/ings2.c:177 + uses (D_ spelling).
v2_data	data	0x800A2608	g_sys_irq_counter; g_irq_counter_ptr	g_intr_i_mask_reg	RENAME	hardware-role	ACCEPTED	HIGH	EXE .data word (disc/SLUS_006.63 @ vaddr-0x80010000+0x800, read 2026-10-02) = 0x1F801074 (I_MASK). GetIntrMask [VERIFIED] returns *it (src/ings2.c:160); SetIntrMask [VERIFIED] swaps it (:187-191); startIntr :200 zeroes it; trapIntr :246/:256 ANDs I_STAT with it.	'irq counter' (named_syms.txt:94,438; symbol_addrs.txt:117 'interrupt counter register') is false: it points at the interrupt MASK register that the VERIFIED GetIntrMask/SetIntrMask read and write. No counter semantics anywhere.	named_syms.txt:94,438; symbol_addrs.txt:117; undefined_syms_auto.txt:1030; src/ings2.c:15,160,188,200,246,256,259,277,278,301,312,314 (C name: manual lane, oracle + layer-2).
v2_data	data	0x800A260C	g_sys_irq_counter_plus_4; D_800A260C	g_intr_dpcr_reg	RENAME	hardware-role	ACCEPTED	HIGH	EXE .data word (disc/SLUS_006.63 @ vaddr-0x80010000+0x800, read 2026-10-02) = 0x1F8010F0 (DMA DPCR). startIntr src/ings2.c:201 `*D_800A260C = 0x33333333`; :313 saved, :315 `&= 0x77777777` (DPCR channel enables, psx-spx DMA).	'+4 of g_sys_irq_counter' is false: a separate pointer static to the DMA control register.	named_syms.txt:2206; undefined_syms_auto.txt:889; src/ings2.c:178 + uses (D_ spelling).
v2_data	data	0x800FF610	g_gte_vector_template	D_800FF610	RESET	contradicted-by-body	ACCEPTED	HIGH	Declared `extern MATRIX D_800FF610` (src/text1a_c.c:510). Only writer: MulMatrix0 [VERIFIED; = 0x8007E4DC] as the product output, src/text1a_c.c:1248 (asm/funcs/func_80044504.s:22-23 a2=&X). Readers: func_800430E4 copies all 0x20 bytes to scratchpad 0x1F8003A0 (src/text1a_c.c:522; asm/funcs/func_800430E4.s:16-33); func_8004A4E0 keeps &X in $fp/$s6 (asm/funcs/func_8004A4E0.s:20-25).	Registry comment 'vector template for func_8007E4DC' (named_syms.txt:1968) is backwards: 0x8007E4DC is MulMatrix0 and this object is its MATRIX output, rewritten on every call: neither a vector nor a template. No positive name (the operands are INFERRED objects).	named_syms.txt:1968 only (C/asm already spell D_800FF610).
v3_audit	func	0x800194F4	replay_camera_helper	func_800194F4	RESET	contradicted-by-body	ACCEPTED	MEDIUM	Matched C src/code6cac.c:1208-1215: writes only D_80102788, the PadState (unk_00[0..1] = 4, held = pressed = released = 0, unheld = -1). D_80102788 is the pad input record that func_80019568 fills from g_pad_buf, the InitPAD [VERIFIED] buffer (src/code6cac.c:1221-1360, src/ings.c:276-279). Callers: func_80019534 (sys_GameInit path) and func_8003ACB8.	The only object touched is the controller-input record; no camera state is touched. MEDIUM because 09-25 and 09-29 treated *_helper tags as vacuous, and named_syms.txt:2882 shows the tag came from caller-name propagation ('<-replay_camera_wait_for_play...').	Registry-only: named_syms.txt:2882.
v3_audit	func	0x8001E404	cpu_init_stage_and_camera_setup	func_8001E404	RESET	contradicted-by-body	ACCEPTED	MEDIUM	Called unconditionally once per game frame from func_8001E878 (asm/funcs/func_8001E878.s:33), plus func_8001EA84 and func_8001EFA0. Body src/code6cac_tu2.c:1968-2037: picks one of two 0x44-byte view records, calls SetGeomScreen [VERIFIED](math_FovToScreenDist(0x2D|0x50)), calls func_80041688 for both fighter indices, then func_80046BF4 / func_8001A538 / func_80061064 on the view record. It never tests the CPU flag unk_06.	'init' for a function that runs every frame, and 'cpu' for one that treats both fighters symmetrically, are both contradicted IF func_8001E878 is the per-frame handler. That premise rests on the 09-25 mode_ui reading of the D_8008D090 dispatcher, and the handler's own name is only INFERRED. MEDIUM.	Registry-only: named_syms.txt:2699 alias. The cpu_helper_8003F3D4 tag (named_syms.txt:2948) is derived from it.
v3_audit	func	0x800218C8	mario_test_move_to_inventory	func_800218C8	RESET	contradicted-by-body	ACCEPTED	MEDIUM	Matched C src/code6cac_tu2.c:3545-3547: rec.unk_86 = rec.unk_84. Both fields are row indices into Tbl800A3860Entry.f4E, the move-script index table (include/code6cac.h:34-39, 'f4E[rec+0x84] / f4E[rec+0x86]'). func_80021974 turns unk_84, and func_80021904 turns unk_86, into the MoveScript pointer that func_80021A98 installs (see the 0x80021974 row). At its call sites it immediately precedes func_80021974 + func_80021A98 (src/code6cac_tu2.c:1225-1229, 1242-1245, 1900-1904, 1912-1915, 1932-1945).	'inventory' claims an item store, but the copied fields are move-table indices. MEDIUM because the 09-25 verdict judged 'inventory unproven but not contradicted by the body' and 'move' happens to be literally true. The NEW fact is the f4E typing of both fields.	Registry-only: named_syms.txt:2701 alias. The mario_helper comments at named_syms.txt:2891-2892 reference it.
v3_audit	func	0x80021A3C	hirahira_helper	func_80021A3C	RESET	contradicted-by-body	ACCEPTED	MEDIUM	Matched C src/code6cac_tu2.c:3561-3563: returns D_80102760 + f18[a1]*2, an address in the common move stream (class row a1). The sole call site, src/code6cac_tu2.c:2233-2236, passes it to func_80021A98(idx, ret, 1), which installs it as the fighter's current move (MoveScript typing; see the 0x800219E4 row).	'hirahira' (flutter: a cloth / falling-petal effect) claims an effect subsystem, but the function is a move-script lookup for a fighter. MEDIUM because 09-25 and 09-29 ruled '*_helper' names vacuous; the subsystem tag was its only claim, and named_syms.txt:2902 shows the tag came from caller-name propagation ('<-hirahira_w_frie2').	Registry-only: named_syms.txt:2902.
v1_func	func	0x800274BC	calc_NormVector (alias calc_NormVector_800274BC; C func_800274BC)	math_NegNormalizeVector	RENAME	computation-restatement	ACCEPTED	MEDIUM	C src/code6cac_b_tu2.c:160-197 (matched; LZCS/LZCR island canonical inline_asm_canonical.txt:263): s = v.x^2+v.y^2+v.z^2 (u32, s32 VECTOR at a0); r = s<0x400 ? g_sqrt_table_u8[s]>>3 : table sqrt via GTE leading-zero count; out[i] = (s16)((-v[i] << 12) / r) to s16[3] at a1. g_sqrt_table_u8 = floor(8*sqrt(i)) proven 2026-09-29 (data_manifest; include/code6cac.h:11-14) - NEW since the 09-25b hold. Only memory: a0[0..0xC), a1[0..6), one stack word, the constant table. EMULATION (own emu.py, raw words incl. mtc2 LZCS/swc2 LZCR modelled per psx-spx; test_v1.out + test_norm_bands.out): 113298 in-domain cases (edge products + random), 0 traps, dot(out,v) < 0 in all; error vs exact -4096*v/|v| by |v| band (6000 random directions each): [1,8) 1731/4096, [8,32) 455, [32,128) 124, [128,1024) 36.4, [1024,4096) 36.5, [4096,16384) 37.5, [16384,46340) 36.0 - i.e. <=0.92% (<=37.5/4096 per component, | |out|-4096 | <= 39.2) for |v| >= 128. v == 0 traps (break 7, divide by zero, 0x80027584). Domain: |v|^2 < 2^31, |v| >= 128 for the stated bound.	The computation is the opposite-direction unit vector in 4.12 (approximate). Why MEDIUM, not HIGH: (1) below |v|=128 the result is far from unit length (|v|=sqrt3 gives (-4096,-4096,-4096)), so 'Normalize' is false on part of the input space; ruling 2026-09-25 s2 admitted plain names for approximations whose error is bounded with 0 error at small inputs (math_Distance3D), and the same ruling refused gte_NormalizeIR (approximate normalization, though chiefly because its name was false) - an owner/verifier call whether a domain-limited approximate normalization qualifies. (2) The current name's 'Norm' reading is not false, so this RENAME is a precision gain (sign flip made explicit, 'calc_' prefix dropped), not a correction. Callers pass velocities (src/code6cac_b_tu2.c:1948, :2058 &other->unk_114[i]; :5309 obj->unk_44) - not claimed.	src/code6cac_b_tu2.c:160 definition (spelled func_800274BC) + calls :1948 :2058 :5309 + comment mentions :5466 :5583 :5621; include/m2c_context.h:332 prototype; named_syms.txt:2750 alias calc_NormVector_800274BC; inline_asm_canonical.txt:263 key func_800274BC. Collision check: none.
v3_audit	func	0x8002C61C	cpu_exec_main_game_loop_frame	func_8002C61C	RESET	contradicted-by-body	ACCEPTED	MEDIUM	Matched C src/code6cac_b_tu2.c:2372-2470: treats g_practice_menu_table[0] and [1] symmetrically (s1/s0, :2382-2383). It runs the hit/contact passes func_8002872C, func_800288C8, func_80029454, func_8002C22C and func_8002AB08, and copies scratchpad points to both records (:2438-2455). It never tests the CPU flag unk_06. Called once per frame from func_8001E878.s:51, right after the two per-fighter updates.	'cpu' is contradicted the same way as for 0x80023F08: both fighters are processed, the human included. MEDIUM because 'main game loop frame' is roughly right; the owner should decide whether a wrong subsystem prefix alone warrants a RESET.	Registry-only: named_syms.txt:2708 alias. The cpu_helper tags at named_syms.txt:2914 and :2916 are derived from it.
v3_audit	func	0x80046934	snd_AllocSe (C name; glabel func_80046934)	func_80046934	RESET (C-name desync)	link-map-desync	ACCEPTED	MEDIUM	Census row: the glabel is func_80046934 (AUTO), but src/text1b.c:454 still defines snd_AllocSe (LINK-MAP DESYNC). Body: func_800455AC(9), which allocates heap slot 9 at the cursor (see the 0x800455AC row). named_syms.txt:65 already records 'MISNAMED: 1-line wrapper func_800455AC(9)'. 25b proved only slots 7/8/10 sound-free; what slot 9 holds is not established, so 'Se' is unproven rather than false.	This is not a positive contradiction of 'Se'. The action finishes an already-recorded retirement (the registry says MISNAMED and the linker glabel is func_) by respelling the C definition to match the glabel. 'Alloc' is accurate.	src/text1b.c:454 definition and the tools/rename_funcs.py entry. No registry alias is left (named_syms.txt:65 is a comment only).
v1_func	func	0x8006920C	efc_ptr_array_offset_apply (alias efc_ptr_array_offset_apply_8006920C; C func_8006920C)	mem_RelocPtrArray	RENAME	computation-restatement	ACCEPTED	MEDIUM	C src/text1b_tu1c.c:3863-3872 / asm/funcs/func_8006920C.s:2-20 (17 insns, leaf, no gp/lui): p = (u32*)a1; while (*p != 0) { if (*p != 0xFFFFFFFF) *p += a0; p++; }. EMULATION (own emu.py, test_v1.out): 20000 cases (0..40 entries incl. 0xFFFFFFFF / 0x80000000 / random, base in {0,1,0x80100000,0xFFFFFFFF,random}, random word after the terminator): 0 mismatches, 0 writes outside the entries before the 0 terminator; the -1 entries and the terminator are never written.	Mechanics exact for every input; the old 'efc_' subsystem prefix is unsupported (09-25 gfx keep). MEDIUM because 'Reloc'/'Ptr' interpret the words as offsets made absolute by a base (callers pass a loaded block base a0 and the block's own table pointers, src/text1b_b.c:1236-1245, :2376-2380, src/text1b_tu1c.c:3856) - a usage reading, not part of the computation; and the 09-25 misc vein rejected a coined reloc_* name for the sibling 0x8006E440 as not worth the false-positive risk (2026-09-25 gfx note: a mechanical RENAME here 'would be admissible ... but low value'). Neutral fallback if the verifier prefers: mem_AddToWordsSkipNeg1.	src/text1b_tu1c.c:3863 definition + :3850 extern + :3856 call; src/text1b_b.c:72-73 externs, :1236-1245, :2374-2380 calls; named_syms.txt:2731 alias; callers func_8006919C, func_8006EA28, func_80076FF8, func_80077D10. Collision check: none.
v2_data	data	0x800A1578	g_ings2_u16_buf_a1578	D_800A1578	RESET	contradicted-by-body	ACCEPTED	MEDIUM	Declared intrEnv_t (0x1068 bytes; src/ings2.c:168-179): memclr'd as 0x41A words by startIntr [VERIFIED] (:202); +0x38 is the jmp_buf passed to setjmp / HookEntryInt [both VERIFIED] (:203/:207); +0x04 is an 11-entry handler table (trapIntr :250).	'u16 buf' names a buffer of 2-byte elements; the object is a mixed struct (flags, handler table, jmp_buf, 4 KB stack). The SOTN spelling intrEnv is not Sony OBJ evidence (INTR .data has no OBJ symbol, 09-29 rejected/lib.md:87), so no positive name.	named_syms.txt:2589; undefined_syms_auto.txt:886.
v2_data	data	0x800A3378	g_text1a_record_ptr	g_dr_move_cursor	RENAME	apiscan-restatement	ACCEPTED	MEDIUM	static DR_MOVE *D_800A3378 (src/text1a_pre.c:42); sole user gpu_AddDrawMove [CORROBORATED]: set to D_800A9830[parity] (:54), bounded by +10 (:57), packet arg of SetDrawMove [VERIFIED] (:69), linked into the OT (:70-75), then ++ (sizeof DR_MOVE = 0x18) (:77).	'record ptr' is vague rather than false. The cursor role is pinned by the VERIFIED SetDrawMove packet argument plus the post-increment. MEDIUM because 'cursor' restates the ++ pattern, which no prior sweep has ruled on (cf. held g_hira_packet_cursor).	named_syms.txt:1276; static in src/text1a_pre.c:42 (.sbss per Q65; renaming the static is a C edit).
v2_data	data	0x800A36DC	D_800A36DC	g_tile_cursor	NEW	apiscan-restatement	ACCEPTED	MEDIUM	extern Tile *D_800A36DC (src/text1b_tu1c.c:5428; Tile = TILE layout :5421-5426); set to D_800F1498 + parity*4 (:5449); SetTile [VERIFIED] (:5461), SetSemiTrans [VERIFIED] (:5464/:5467), r0/g0/b0/x0/y0/w/h stores (:5469-5475), AddPrim [VERIFIED] (:5476), ++ (:5477). Only asm ref motion_draw_tilemap.	SetTile writes the TILE code, so the element type is Sony-pinned; no other use. MEDIUM for 'cursor' as above. Companion pools D_800F1438 (DR_MODE[2][4]) and D_800F1498 (TILE[2][4]) could take g_dr_mode_buf / g_tile_buf on the same evidence.	undefined_syms_auto.txt:1054 (add a registry name); src/text1b_tu1c.c:5428.
v2_data	data	0x800A36E0	g_text1b_ot_prim_cursor; D_800A36E0	g_dr_mode_cursor	RENAME	apiscan-restatement	ACCEPTED	MEDIUM	Set to D_800F1438 + parity*0x30 (src/text1b_tu1c.c:5448); used only as SetDrawMode [VERIFIED] arg0 (:5414) and AddPrim [VERIFIED] (:5415), then += 12 = sizeof(DR_MODE) (:5416). Asm refs only in the same two functions.	The current name is under-specified, not false; the DR_MODE element type is pinned by SetDrawMode plus the 12-byte stride. MEDIUM for the 'cursor' restatement (see 0x800A3378).	named_syms.txt:2358; undefined_syms_auto.txt:1055; src/text1b_tu1c.c:5366,6563.
v2_data	data	0x800A9830	g_shadow_record_a_table_240; g_sprite_data_bank_a	g_dr_move_buf	RENAME	apiscan-restatement	ACCEPTED	MEDIUM	Declared `DR_MOVE D_800A9830[2][10]` (include/gpu.h:177); only code reference gpu_AddDrawMove (src/text1a_pre.c:54,57), whose elements become SetDrawMove [VERIFIED] packets (:69): two 10-packet banks selected by D_800A36AC & 1.	Both aliases are contradicted for these bytes: no shadow record and no sprite data, only DR_MOVE packets. MEDIUM: the verifier must run the base-register raw-EXE scan over 0x800A9830..0x800A9A0F (incl. the D_800A9920 = [1] spelling in the registry comment).	named_syms.txt:918,1865; undefined_syms_auto.txt:228; include/gpu.h:177.
v3_audit	data	0x80101EC8	g_practice_menu_table (and typedef PracticeMenuRec)	D_80101EC8	RESET	contradicted-by-body	ACCEPTED	MEDIUM	include/code6cac.h:199-428: each 0x44C-byte record holds one fighter's live state. That covers PadState input (unk_24, unk_3D0), the current and buffered MoveScript* (unk_50 / unk_7C), the current move frame (unk_40) and the decoded MotionFrame (unk_290). It also holds bone-derived positions (unk_198, unk_1EC), hit-point copies from SPAD (unk_210 / 234 / 25C) and the CPU route (cpu_route). func_80023F08 and func_8002C61C update it every game frame for both fighters (func_8001E878.s:43-51), and unk_00 points at the opponent's record (:200).	A 'practice menu' table would hold menu state; this is the two fighters' per-frame simulation state, used in every sub-mode that D_800A38DC distinguishes. MEDIUM: 'menu' is the contradicted word, but this row does not decide whether 'practice' could still describe a mode. The typedef name PracticeMenuRec inherits the same claim (a C rename; owner call).	named_syms.txt alias g_practice_menu_table; the include/code6cac.h:428 extern and typedef PracticeMenuRec (about 100 uses in src/); docs/naming/CHAR_STRUCT_SCHEMA.md. The data rename needs data_wave.py plus a C type rename (manual lane).
v3_audit	func	0x800414FC	save_vc_ctrl	(no change)	HOLD	kengo-derived (SUSPECT)	ACCEPTED	-	Census SUSPECT row (kengo-derived). docs/naming/action-overrides.csv EXCLUDES it from waves (owner ruling 2026-08-07). It is hand-written buildable asm.	Status check only, per the directive.	The action-overrides.csv row stands.
v3_audit	func	0x80046954	empty_stub / snd_SeNullCallback (C name)	(no change)	HOLD	link-map-desync	ACCEPTED	-	src/text1b.c:458 defines snd_SeNullCallback with an empty body; func_8004695C registers it as the slot-9 callback (func_80045694(9, snd_SeNullCallback), src/text1b.c:464). Registry alias: empty_stub_80046954 (named_syms.txt:275). The 25b verifier REFUTED a RESET (it is the heap slot 9 relocation callback), and ruling 2026-09-25 item 5 defers the C name to the manual lane after a verifier pass.	No new evidence on what slot 9 holds. Status unchanged: an owner-deferred manual-lane item.	src/text1b.c:458/464; named_syms.txt:275.
v4_newclass	func	0x800194F4	replay_camera_helper	pad_ResetState	RENAME	typed-restatement	NEW-CLASS-PROPOSED	HIGH	Matched C src/code6cac.c:1208-1215: D_80102788 (g_pad_state).unk_00[0] = unk_00[1] = 4; held = pressed = released = 0; unheld = -1. Only object touched is g_pad_state (data row below).	Current INFERRED name 'replay_camera_helper' is contradicted: the body touches only the pad record (no camera/replay object). New name restates the whole effect: type words to 4 (the value the builder uses for an absent or folded pad type) and bit words cleared; unk_00[2..3] untouched, so not 'Clear'.	glabel/C still func_800194F4; alias replay_camera_helper in named_syms/symbol_addrs to retire. Callers sys_helper (0x80019534), func_8003ACB8. Overlaps V3 (RESET audit) - V3 may only RESET; this row gives the replacement.
v4_newclass	func	0x8001BE08	func_8001BE08	pad_ClearStateBits	NEW	typed-restatement	NEW-CLASS-PROPOSED	HIGH	Matched C src/code6cac_tu2.c:1112-1117 on a PadState * (include/code6cac.h:97-103): held = pressed = released = 0; unheld = -1. PadState admitted via the g_pad_state data row below (InitPAD [VERIFIED] receive buffers g_pad_buf, src/ings.c:276-279; CONFIRM docs/naming/sweep-2026-09-24/data_manifest.csv:14).	Stores exactly the four bit words (unk_00[] untouched), each to the value the builder (src/code6cac.c:1345-1350) produces when no bit is set (held=0 => pressed=released=0, unheld=~0). 'Clear'+'StateBits' names only those words; no purpose claimed.	Depends on the PadState/g_pad_state rows. Callers mode_helper, func_8001EA84, mode_handler_17 (INFERRED names, not relied on).
v4_newclass	func	0x80036F28	func_80036F28	cdrom_GetFileSize	NEW	typed-restatement	NEW-CLASS-PROPOSED	HIGH	Matched C src/code6cac_b5_post.c:73-75 = `return (&g_cd_file_table_plus_0x4)[arg0*2]` (asm/funcs/func_80036F28.s, 6 insns, leaf): returns the +4 word of 8-byte entry arg0 of g_cd_file_table. Admitting row docs/naming/sweep-2026-09-24/data_manifest.csv:18-19 (CONFIRM data-api-restatement): entries are {CdlLOC; u32 size}; 159/159 sizes equal the ISO9660 data length of the disc file, so the +4 column is the file size.	T4 whole effect: no store, one load, returned; 'Get' = side-effect-free read. 'FileSize' is the CONFIRMed column meaning, not inferred from callers. The 2026-09-25 sys_snd_io rejection ('no admitted class for table reads') is exactly the gap this class closes; nothing beyond the CONFIRMed table is claimed.	C def src/code6cac_b5_post.c:73 + 7 call sites (src/text1b_tu1b.c:3835/3874/3880/3909/3955/5731/5974). Depends on the 09-24 table row - re-derive if that row is ever reset. Type follow-up: CdFileEntry member row below.
v4_newclass	func	0x80037AA4	func_80037AA4	memcard_CountFreeBlocks	NEW	typed-restatement	NEW-CLASS-PROPOSED	HIGH	\"Matched C src/code6cac_c.c:285-315: s = sum over i < g_memcard_file_count of *(s32 *)(g_memcard_file_list + i*0x28 + 0x18); return 15 - s/8192 (signed div, +0x1FFF fixup). Admitting rows docs/naming/sweep-2026-09-24/data_manifest.csv:47-48: g_memcard_file_list = DIRENTRY[] filled by firstfile/nextfile [VERIFIED] over the wildcard \"\"bu%1d%1d:*\"\" in memcard_CountFiles [CORROBORATED] src/code6cac_c.c:268-283; +0x18 = DIRENTRY.size (kernel.h: name[20], attr, size, next, head, system[4]; sizeof 0x28); the list object is exactly 15 DIRENTRYs (next object _svm_vab_used at +0x258). 8192 = card block size, 15 = usable blocks (psx-spx memory card; BIOS).\"	Reads only the admitted list + count; no store. 'Count files' is ruled out (it sums sizes, not entries). Free = 15 - used is exact when file sizes are whole blocks (BIOS files are). Caller corroborates, not relied on: src/code6cac_c_mid.c:472-484 treats 0 as 'cannot create' (error 7).	Domain note: equals free blocks for a fresh wildcard listing (its sole caller lists first, code6cac_c_mid.c:471-472 / 500-501). extern code6cac_c_mid.c:173.
v4_newclass	func	0x80037B00	func_80037B00	memcard_HasFileNamePrefix	NEW	typed-restatement	NEW-CLASS-PROPOSED	HIGH	Matched C src/code6cac_c.c:316-365: for each of g_memcard_file_count DIRENTRYs in g_memcard_file_list, compares C string arg0 byte-by-byte with DIRENTRY.name (bytes 0..0x14); returns 1 as soon as arg0's NUL is reached (or 21 bytes compared equal) without a mismatch, else 0. Admitting rows as for memcard_CountFreeBlocks (data_manifest.csv:47-48).	The listed name's own terminator is never checked, so the test is 'arg0 is a prefix of a listed name': an exact-match name (memcard_FileExists / FindFile) would be false. 'Has' because it returns 0/1, not an entry. No store.	Corner case for the verifier note: compares up to 21 bytes (one past DIRENTRY.name[20]). extern code6cac_c_mid.c:174; callers :473 / :502.
v4_newclass	func	0x8005B6FC	func_8005B6FC	snd_CloseVab1	NEW	typed-restatement	NEW-CLASS-PROPOSED	HIGH	Matched C src/text1b_tu1b.c:3750-3754: SsVabClose(1) [VERIFIED]; g_vab_rec_ptr[1] = 0; g_vab_vb_sbaddr[1] = 0 (the _plus_0x4 spellings = element [1]). Admitting rows docs/naming/sweep-2026-09-24/data_manifest.csv:50-51, 64, 70 (u32[16] tables indexed by VAB id, CONFIRM).	The apiscan objection ('a name would have to assert which VAB is which', docs/naming/apiscan/README.md 'deliberately left out') does not apply: the literal id is the name, no bank role is claimed. Clearing both slots is the same post-close bookkeeping snd_Init/snd_Quit/snd_VabFakeOpen [CORROBORATED] do.	2 callers. Siblings func_8005B644/B6AC/B72C call func_800858D0 [AUTO] and fail T2.
v4_newclass	func	0x8005BDF0	func_8005BDF0	snd_CloseListedVabs	NEW	typed-restatement	NEW-CLASS-PROPOSED	HIGH	Matched C src/text1b_tu1b.c:4010-4021: for each of the 3 ids in D_8009AD18: SsVabClose(id) [VERIFIED]; g_vab_rec_ptr[id] = 0; g_vab_vb_sbaddr[id] = 0. Depends on data row g_vab_id_list below.	List-driven twin of snd_CloseVab1; claims no bank roles. Answers the 09-29 api rejection ('a VAB-id list from a data table is still which VABs') by naming the list mechanically.	Apply after g_vab_id_list.
v4_newclass	data	0x8009AD18	D_8009AD18	g_vab_id_list	NEW	typed-restatement	NEW-CLASS-PROPOSED	HIGH	u8[3] = {7,3,6} + 1 pad byte (asm/data/7D920.data.s:21730-21737). Every read passes an element as a VAB id: SsVabClose [VERIFIED] + g_vab_* table index (src/text1b_tu1b.c:3948-3950 func_8005BA8C, :4016-4018 func_8005BDF0), func_8005C2A8's id arg (:3974) and the snd_VabFakeOpen [CORROBORATED] id (:3980, :4001). Raw refs: only func_8005BA8C / func_8005BD30 / func_8005BDF0.	'list' and 'vab_id' are what the bytes are used as at every site; nothing about bank contents. May also qualify under the accepted data-api-restatement (overlap with V2).	3 TU externs (text1b_tu1b.c:3926).
v4_newclass	data	0x80102788	D_80102788	g_pad_state	NEW	typed-restatement	NEW-CLASS-PROPOSED	HIGH	Type PadState (include/code6cac.h:97-103). Sole builder src/code6cac.c:1221-1350 (func_80019568): per port reads the 8-byte InitPAD receive buffers g_pad_buf / +0x24 (src/ings.c:276-279 InitPAD(base,8,base+0x24,8) [VERIFIED]; CONFIRM data_manifest.csv:14), bits = ~((buf[2]<<8)|buf[3]) (the active-low PAD button bytes), then held = bits, pressed = bits & ~old, released = ~bits & old, unheld = ~bits (:1345-1350). Other writers only reset it (func_800194F4 / func_80019534). Asm refs to 0x80102788..0x8010279F (tmp/naming3/datarefs.json): func_80019568, func_800194F4, func_80019534, func_8001BE20 (whole copy), readers func_800693CC / func_80035828 / func_80055B60 and ~20 mode handlers reading .pressed.	Bit-position corroboration (not relied on): menu code tests 0x08000800 (Start, both halves) and 0x400040 (Cross), the PAD protocol positions after the byte swap. Bits pass through func_8001B138 [AUTO] masking before the store, so the name says 'pad state', not 'raw pad data'.	Interior splat symbols D_8010278A/8C/8E/90/94/98/9C (undefined_syms_auto.txt, asm) must move with the base (data_wave _plus_0xN). Registry alias g_practice_lesson_flag_b_plus_1 was RESET 09-29.
v4_newclass	member	Obj80106A78.unk_06 (+0x6)	unk_06	owner	NEW	typed-restatement	NEW-CLASS-PROPOSED	HIGH	Spawn: obj->unk_06 = arg0->unk_04 (the spawning record's own index, :4754); used as the game_GetPlayerData(unk_06 < 1) selector and compared with rec->unk_04 (text1b_tu1b.c:1582).	Index of the spawning record - mechanical.	Struct include/code6cac.h:477-498; C users code6cac_b_tu2.c (func_8002FF20..func_80031B24) + text1b_tu1b.c:1578; asm refs func_80030208 / 30580 / 30D7C / 31B24 / 55B60 (verifier still owes the base-register raw scan).
v4_newclass	member	Obj80106A78.unk_0A (+0xA)	unk_0A	slot	NEW	typed-restatement	NEW-CLASS-PROPOSED	HIGH	Writers: func_8003043C code6cac_b_tu2.c:4706 (=0xFF for all 12), func_80030580 :4747-4749 (first record with kind == -1 && unk_0A == 0xFF gets unk_0A = i, its own array index), func_80030D7C :5001-5002 (=0xFF when kind == -1); read by func_800300B4 :4642 (passed to func_800393C8).	Its own index once allocated, 0xFF = unallocated; the allocator test proves the role.	Struct include/code6cac.h:477-498; C users code6cac_b_tu2.c (func_8002FF20..func_80031B24) + text1b_tu1b.c:1578; asm refs func_80030208 / 30580 / 30D7C / 31B24 / 55B60 (verifier still owes the base-register raw scan).
v4_newclass	member	Obj80106A78.unk_0C (+0xC)	unk_0C	mtx	NEW	typed-restatement	NEW-CLASS-PROPOSED	HIGH	func_8002FF20 :4491-4504: identity, RotMatrixX/Y/Z(unk_54[i], &unk_0C) [VERIFIED], MulMatrix0(M, &unk_0C, &unk_0C) [VERIFIED]; func_800300B4 :4637 MulMatrix0(mat, &unk_0C, mtx).	Sony MATRIX built only by VERIFIED matrix calls.	Struct include/code6cac.h:477-498; C users code6cac_b_tu2.c (func_8002FF20..func_80031B24) + text1b_tu1b.c:1578; asm refs func_80030208 / 30580 / 30D7C / 31B24 / 55B60 (verifier still owes the base-register raw scan).
v4_newclass	member	Obj80106A78.unk_2C (+0x2C)	unk_2C	pos	NEW	typed-restatement	NEW-CLASS-PROPOSED	HIGH	Updater func_80030D7C code6cac_b_tu2.c:5049-5051 then :5117 pos = pos + vel, or the collision point (:5070) from func_8005344C; spawn :4755-4767; spawners func_80030900 / cpu_set_move_command_and_dir copy a Vec3i32 arg into it.	Kinematic relation pos += vel proven over the updater; 'pos' is that relation's noun, no game role.	Struct include/code6cac.h:477-498; C users code6cac_b_tu2.c (func_8002FF20..func_80031B24) + text1b_tu1b.c:1578; asm refs func_80030208 / 30580 / 30D7C / 31B24 / 55B60 (verifier still owes the base-register raw scan).
v4_newclass	member	Obj80106A78.unk_38 (+0x38)	unk_38	prev_pos	NEW	typed-restatement	NEW-CLASS-PROPOSED	HIGH	Only writes: spawn :4768 and updater :5008 (unk_38 = unk_2C before the step); read as heading source ratan2(pos - prev) text1b_tu1b.c:1584.	Exact copy-before-update relation.	Struct include/code6cac.h:477-498; C users code6cac_b_tu2.c (func_8002FF20..func_80031B24) + text1b_tu1b.c:1578; asm refs func_80030208 / 30580 / 30D7C / 31B24 / 55B60 (verifier still owes the base-register raw scan).
v4_newclass	member	Obj80106A78.unk_44 (+0x44)	unk_44	vel	NEW	typed-restatement	NEW-CLASS-PROPOSED	HIGH	Added to pos each update (:5049-5051), y += 13 per update (:5048), reflected off the collision normal (:5064-5069), damped / zeroed when small (:5074-5129).	'vel' restates 'added to pos every step'.	Struct include/code6cac.h:477-498; C users code6cac_b_tu2.c (func_8002FF20..func_80031B24) + text1b_tu1b.c:1578; asm refs func_80030208 / 30580 / 30D7C / 31B24 / 55B60 (verifier still owes the base-register raw scan).
v4_newclass	member	Obj80106A78.unk_54 (+0x54)	unk_54	rot	NEW	typed-restatement	NEW-CLASS-PROPOSED	HIGH	Angle argument of RotMatrixX/Y/Z [VERIFIED] (:4500-4502); += unk_5C each update (:5045-5047).	Sony rotation angles (4096 per turn).	Struct include/code6cac.h:477-498; C users code6cac_b_tu2.c (func_8002FF20..func_80031B24) + text1b_tu1b.c:1578; asm refs func_80030208 / 30580 / 30D7C / 31B24 / 55B60 (verifier still owes the base-register raw scan).
v4_newclass	member	Obj80106A78.unk_5C (+0x5C)	unk_5C	rot_vel	NEW	typed-restatement	NEW-CLASS-PROPOSED	HIGH	Added to unk_54 every update (:5045-5047); decayed x15/16 or x63/64 (:5037-5043); set at spawn from D_8008E194 (:4772-4788) or rng_Next (func_80030900 / cpu_set_move_command_and_dir).	Angular step per update.	Struct include/code6cac.h:477-498; C users code6cac_b_tu2.c (func_8002FF20..func_80031B24) + text1b_tu1b.c:1578; asm refs func_80030208 / 30580 / 30D7C / 31B24 / 55B60 (verifier still owes the base-register raw scan).
v4_newclass	member	PracticeMenuRec.unk_00 (+0x0)	unk_00	other	NEW	typed-restatement	NEW-CLASS-PROPOSED	HIGH	Writer src/code6cac_tu2.c:3896 (func_80022580, the record initializer): p->unk_00 = idx ? &tbl[0] : &tbl[1]. Readers dereference it as the opposing record (e.g. :3906, text1b_tu1b.c:1573).	Mechanical self-relation, no game noun. The verifier must run a base-register raw scan for any other store to +0x0 through a record pointer (C grep finds none).	Rename only PracticeMenuRec's member (unk_00 is used by many structs); byte-neutral.
v4_newclass	member	PracticeMenuRec.unk_04 (+0x4)	unk_04	index	NEW	typed-restatement	NEW-CLASS-PROPOSED	HIGH	Writer src/code6cac_tu2.c:3897: p->unk_04 = idx where p = &g_practice_menu_table[idx]; Obj80106A78.unk_06 copies it as the owner (code6cac_b_tu2.c:4754), compared obj->unk_06 != rec->unk_04 (text1b_tu1b.c:1582).	States only 'own index in the table'.	As unk_00.
v4_newclass	member	g_cd_file_table[].size (+0x4) [new type CdFileEntry {CdlLOC loc; u32 size;}]	g_cd_file_table_plus_0x4	CdFileEntry.size	NEW	typed-restatement	NEW-CLASS-PROPOSED	HIGH	data_manifest.csv:18-19 CONFIRM (+0 CdlLOC passed to CdControl(CdlSetloc) / CdPosToInt [VERIFIED]; +4 = ISO9660 data length, 159/159). Readers func_80036F28, cdrom_StartRead, cdrom_StartAudio index X+4+i*8.	Pure type restatement of a CONFIRMed table; retires the _plus_0x4 extern (completion-bar item 4, existing types).	C change in matched TUs (code6cac_b5_post.c etc.): byte-neutral by construction but needs the oracle; manual lane.
v4_newclass	func	0x80019534	sys_helper	pad_ResetStateMarkValid	RENAME	typed-restatement	NEW-CLASS-PROPOSED	MEDIUM	Matched C src/code6cac.c:1216-1220: func_800194F4() (pad_ResetState); g_pad_state.unk_00[2] = unk_00[3] = 1. unk_00[2..3] = per-port 'InitPAD buffer status byte == 0' flags (builder src/code6cac.c:1243-1290: o[2] = 1 iff rec[0] == 0).	'sys_helper' claims nothing; the new name restates both steps. MEDIUM because it leans on the MEDIUM member row valid[2].	As pad_ResetState; sole caller sys_GameInit.
v3_audit	func	0x8001B690;0x8001F938;0x800200DC;0x80021424;0x80021A98;0x8002304C;0x80023648;0x80023CB4;0x80023D08;0x80023D28;0x80023DB8;0x80023E40;0x80026DA4;0x8002798C;0x80029454;0x80030208;0x80032064;0x80039680;0x8003F3D4;0x80061A3C	cpu_helper_<ADDR> (20 aliases)	func_<ADDR>	RESET (cascade)	basis-withdrawn (proposed)	NEW-CLASS-PROPOSED	MEDIUM	named_syms.txt:2885-2948 and :3000: every cpu_helper_* comment gives as its only basis a 'first-pass subsystem tag (cpu)' propagated from a caller's name: '<-cpu_calc_move_pattern_trajectory_8002...', '<-cpu_exec_main_game_loop_frame_8002C61C', '<-cpu_ai_pick_move_for_situation_80030D...', '<-cpu_init_stage_and_camera_setup_8001E...', '<-cpu_check_special_move_input_80032C50'. Once those parents are RESET, the tags have no basis left. One tag is also false on its own: 0x80021A98 installs the current move for records 0 AND 1 from the mode-init paths (src/code6cac_tu2.c:1229, 1245, 1904, 1915).	Proposed decisive test for the class: an alias whose recorded sole provenance is another name, where that other name is RESET, is itself RESET. This class is not admitted today (09-25 and 09-29 kept *_helper names as vacuous), so it needs an owner ruling.	Registry-only: named_syms.txt:2885, 2897-2916, 2922, 2934, 2948, 3000.
v4_newclass	func	0x8005B98C	func_8005B98C	snd_VabFakeOpen8And4	NEW	typed-restatement	NEW-CLASS-PROPOSED	MEDIUM	Matched C src/text1b_tu1b.c:3885-3888: snd_VabFakeOpen(a0, 8); snd_VabFakeOpen(a0, 4).	As above; call order 8 then 4 is in the name.	1 caller.
v4_newclass	func	0x8005BA6C	func_8005BA6C	snd_VabFakeOpen9	NEW	typed-restatement	NEW-CLASS-PROPOSED	MEDIUM	Matched C src/text1b_tu1b.c:3913-3915: snd_VabFakeOpen(a0, 9) [CORROBORATED apiscan-restatement].	Pure literal-argument wrapper: callee + literal (house precedent rcnt_StartCnt1Wrapper). MEDIUM: low information gain.	1 caller.
v4_newclass	member	Obj80106A78.unk_00 (+0x0)	unk_00	age	NEW	typed-restatement	NEW-CLASS-PROPOSED	MEDIUM	Spawn sets 0 (:4791); updater ++ while unk_50 != 0 (:5009-5010); compared >= 14 (:5013).	Counts updater calls while moving. MEDIUM: 'age' presumes one call per frame.	Struct include/code6cac.h:477-498; C users code6cac_b_tu2.c (func_8002FF20..func_80031B24) + text1b_tu1b.c:1578; asm refs func_80030208 / 30580 / 30D7C / 31B24 / 55B60 (verifier still owes the base-register raw scan).
v4_newclass	member	Obj80106A78.unk_02 (+0x2)	unk_02	kind	NEW	typed-restatement	NEW-CLASS-PROPOSED	MEDIUM	Spawn sets it to arg1 (code6cac_b_tu2.c:4750), which indexes D_8008E194 (:4758) and D_8008EB80 (:4640); -1 = free (alloc test :4747; releases :4733, :4962, updater).	Neutral 'kind' (the header comment already uses it); no game meaning.	Struct include/code6cac.h:477-498; C users code6cac_b_tu2.c (func_8002FF20..func_80031B24) + text1b_tu1b.c:1578; asm refs func_80030208 / 30580 / 30D7C / 31B24 / 55B60 (verifier still owes the base-register raw scan).
v4_newclass	member	PadState.unk_00[0..1] (+0x0)	unk_00[0..1]	type[2]	NEW	typed-restatement	NEW-CLASS-PROPOSED	MEDIUM	Builder src/code6cac.c:1243-1290: o[0] = buf[1] >> 4 (InitPAD buffer byte 1 high nibble = terminal type, Sony pad buffer format), forced to 4 for types 5/7 and when the status byte != 0; copied to unk_00[0..1] at :1331-1343.	Not a raw terminal type (5/7/absent fold to 4), hence generic 'type'. MEDIUM: relies on the documented buffer layout, not on Sony code in the EXE consuming it.	Splitting s16 unk_00[4] into type[2]+valid[2] touches func_80019568's pointer walk (base_addr + 2): needs a re-match; alternative is to keep the array and only document.
v4_newclass	member	PadState.unk_00[2..3] (+0x4)	unk_00[2..3]	valid[2]	NEW	typed-restatement	NEW-CLASS-PROPOSED	MEDIUM	Builder: o[2] = 1 iff buffer status byte buf[0] == 0, else 0 (src/code6cac.c:1243-1290); pad_ResetStateMarkValid sets both to 1; func_80019568 :1305-1323 ORs the Start bits 0x08000800 into the state when a flag is 0 (modes D_800A38DC 0..6).	Literal relation 'status byte == 0'; 'connected' would add a hardware claim, 'valid' does not.	Same split hazard as type[2].
v4_newclass	member	PracticeMenuRec.unk_24 (+0x24)	unk_24	pad	NEW	typed-restatement	NEW-CLASS-PROPOSED	MEDIUM	Typed PadState; written by func_80023F08 src/code6cac_tu2.c:4740 (rec->unk_24 = *pad) with direction-bit remaps :4742-4752; read as held/pressed/unheld/released :4781-4854.	Name = its admitted type role. MEDIUM: the source *pad is either g_pad_state-derived or the record func_80055B60 synthesizes (unk_3D0), so 'pad input', not 'controller'.	Depends on PadState admission.
