summary (class, size%16==0): {('?', False): 3, ('asm', True): 77, ('C', False): 64, ('C', True): 41, ('?/asm', True): 2, ('?', True): 5}
total modules: 192
lib	mod	start	size	size%16	class	xdefs
LIBSPU	S_CB	0x800469A0	0x24	4	?	_SpuCallback
LIBGS	GS_008	0x80046B20	0x24	4	?	GsGetVcount
LIBGS	GS_009	0x80046B20	0x24	4	?	GsClearVcount
LIBAPI	C67	0x80078948	0x10	0	asm	Exec
LIBAPI	C112	0x80078958	0x10	0	asm	_bu_init
LIBCARD	C112	0x80078958	0x10	0	asm	_bu_init
LIBAPI	C159	0x80078968	0x10	0	asm	SetMem
LIBAPI	A08	0x80078978	0x10	0	asm	OpenEvent
LIBAPI	A09	0x80078988	0x10	0	asm	CloseEvent
LIBAPI	A11	0x80078998	0x10	0	asm	TestEvent
LIBAPI	A12	0x800789A8	0x10	0	asm	EnableEvent
LIBAPI	A36	0x800789B8	0x10	0	asm	EnterCriticalSection
LIBAPI	A37	0x800789C8	0x10	0	asm	ExitCriticalSection
LIBAPI	A39	0x800789D8	0x10	0	asm	SetSp
LIBAPI	A50	0x800789E8	0x10	0	asm	open
LIBAPI	A52	0x800789F8	0x10	0	asm	read
LIBAPI	A53	0x80078A08	0x10	0	asm	write
LIBAPI	A54	0x80078A18	0x10	0	asm	close
LIBAPI	A65	0x80078A28	0x10	0	asm	format
LIBAPI	A66	0x80078A38	0x10	0	asm	firstfile
LIBAPI	A67	0x80078A48	0x10	0	asm	nextfile
LIBAPI	A91	0x80078A58	0x10	0	asm	ChangeClearPAD
LIBAPI	COUNTER	0x80078A68	0x178	8	C	SetRCnt,GetRCnt,StartRCnt,StopRCnt,ResetRCnt
LIBAPI	PAD	0x80078BE0	0x320	0	C	SetInitPadFlag,ReadInitPadFlag,PAD_init,InitPAD,StartPAD,StopPAD
LIBAPI	A18	0x80078F00	0x10	0	asm	InitPAD2
LIBAPI	A19	0x80078F10	0x10	0	asm	StartPAD2
LIBAPI	A20	0x80078F20	0x10	0	asm	StopPAD2
LIBAPI	A21	0x80078F30	0x10	0	asm	PAD_init2
LIBAPI	L02	0x80078F40	0x10	0	asm	SysEnqIntRP
LIBAPI	L03	0x80078F50	0x10	0	asm	SysDeqIntRP
LIBAPI	PATCH	0x80078F60	0x90	0	asm	EnablePAD,DisablePAD,_patch_pad
LIBAPI	C68	0x80078FF0	0x10	0	asm	FlushCache
LIBAPI	SENDPAD	0x80079000	0xc0	0	?/asm	_SendPAD,_send_pad
LIBAPI	CHCLRPAD	0x800790C0	0x60	0	asm	_remove_ChgclrPAD
LIBC2	MEMCPY	0x80079120	0x34	4	C	memcpy
LIBC2	RAND	0x80079154	0x40	0	C	rand,srand
LIBC2	STRCPY	0x80079194	0x44	4	C	strcpy
LIBC2	STRLEN	0x800791D8	0x30	0	C	strlen
LIBC2	PRINTF	0x80079208	0x3c	12	C	printf
LIBC2	PRNT	0x80079244	0x688	8	C	prnt
LIBC2	CTYPE	0x800798CC	0x60	0	C	toupper,tolower
LIBC2	MEMCHR	0x8007992C	0x50	0	C	memchr
LIBC2	PUTCHAR	0x8007997C	0xb4	4	C	putchar
LIBC	SPRINTF	0x80079A30	0x85c	12	C	sprintf
LIBC2	SPRINTF	0x80079A30	0x85c	12	C	sprintf
LIBC	MEMMOVE	0x8007A28C	0x6c	12	C	memmove
LIBC2	MEMMOVE	0x8007A28C	0x6c	12	C	memmove
LIBCARD	C171	0x8007A2F8	0x10	0	asm	_card_info
LIBCARD	C172	0x8007A308	0x10	0	asm	_card_load
LIBCARD	CARD	0x8007A318	0x38	8	C	_card_clear
LIBCARD	A78	0x8007A350	0x10	0	asm	_card_write
LIBCARD	A80	0x8007A360	0x10	0	asm	_new_card
LIBCARD	INIT	0x8007A370	0xb8	8	C	InitCARD,StartCARD,StopCARD
LIBCARD	A74	0x8007A428	0x10	0	asm	InitCARD2
LIBCARD	A75	0x8007A438	0x10	0	asm	StartCARD2
LIBCARD	A76	0x8007A448	0x10	0	asm	StopCARD2
LIBCARD	END	0x8007A458	0x80	0	asm	_ExitCard
LIBGPU	EXT	0x8007A4D8	0x2b0	0	C	LoadTPage,LoadClut,LoadClut2,SetDefDrawEnv,SetDefDispEnv
LIBGPU	PRIM	0x8007A788	0x6f4	4	C	GetTPage,GetClut,DumpTPage,DumpClut,NextPrim,IsEndPrim,AddPrim,AddPrims,CatPrim,TermPrim,SetSemiTrans,SetShadeTex,SetPolyF3,SetPolyFT3,SetPolyG3,SetPolyGT3,SetPolyF4,SetPolyFT4,SetPolyG4,SetPolyGT4,SetSprt8,SetSprt16,SetSprt,SetTile1,SetTile8,SetTile16,SetTile,SetLineF2,SetLineG2,SetLineF3,SetLineG3,SetLineF4,SetLineG4,SetDrawTPage,SetDrawMove,SetDrawLoad,MargePrim,DumpDrawEnv,DumpDispEnv
LIBGPU	SYS	0x8007AE7C	0x3094	4	C	ResetGraph,SetGraphReverse,SetGraphDebug,SetGraphQueue,GetGraphType,GetGraphDebug,DrawSyncCallback,SetDispMask,DrawSync,ClearImage,ClearImage2,LoadImage,StoreImage,MoveImage,ClearOTag,ClearOTagR,DrawPrim,DrawOTag,PutDrawEnv,DrawOTagEnv,GetDrawEnv,PutDispEnv,GetDispEnv,GetODE,SetTexWindow,SetDrawArea,SetDrawOffset,SetPriority,SetDrawMode,SetDrawEnv
LIBAPI	C73	0x8007DF10	0x10	0	asm	GPU_cw
LIBGTE	GEO_00	0x8007DF20	0xcc	12	C	rsin,sin_1
LIBGTE	GEO_01	0x8007DFEC	0xa0	0	C	rcos
LIBGTE	MSC00	0x8007E08C	0x90	0	asm	InitGeom
LIBGTE	MSC01	0x8007E11C	0x90	0	asm	SquareRoot0
LIBGTE	MSC06	0x8007E1AC	0x290	0	asm	LoadAverage12,LoadAverage0,LoadAverageShort12,LoadAverageShort0,LoadAverageByte,LoadAverageCol
LIBGTE	MSC09	0x8007E43C	0xa0	0	asm	SquareRoot12
LIBGTE	MTX_000	0x8007E4DC	0x110	0	asm	MulMatrix0
LIBGTE	MTX_003	0x8007E5EC	0x160	0	asm	CompMatrix
LIBGTE	MTX_004	0x8007E74C	0x160	0	asm	ApplyMatrixLV
LIBGTE	MTX_005	0x8007E8AC	0x30	0	asm	ApplyRotMatrix
LIBGTE	MTX_00A	0x8007E8DC	0x130	0	asm	ScaleMatrixL
LIBGTE	MTX_01	0x8007EA0C	0x140	0	asm	ApplyRotMatrixLV
LIBGTE	MTX_03	0x8007EB4C	0x110	0	asm	MulMatrix
LIBGTE	MTX_04	0x8007EC5C	0x110	0	asm	MulMatrix2
LIBGTE	MTX_05	0x8007ED6C	0x50	0	asm	ApplyMatrix
LIBGTE	MTX_08	0x8007EDBC	0x130	0	asm	ScaleMatrix
LIBGTE	MTX_09	0x8007EEEC	0x30	0	asm	SetRotMatrix
LIBGTE	MTX_11	0x8007EF1C	0x30	0	asm	SetColorMatrix
LIBGTE	MTX_12	0x8007EF4C	0x20	0	asm	SetTransMatrix
LIBGTE	REG04	0x8007EF6C	0x20	0	asm	ReadSZfifo3
LIBGTE	REG09	0x8007EF8C	0x10	0	C	ReadGeomScreen
LIBGTE	REG10	0x8007EF9C	0x20	0	C	SetBackColor
LIBGTE	REG11	0x8007EFBC	0x20	0	C	SetFarColor
LIBGTE	REG12	0x8007EFDC	0x20	0	C	SetGeomOffset
LIBGTE	REG13	0x8007EFFC	0x10	0	C	SetGeomScreen
LIBGTE	SMP_00	0x8007F00C	0x210	0	asm	LightColor,DpqColorLight,DpqColor3,Intpl,Square12,Square0,AverageZ3,AverageZ4,OuterProduct12,OuterProduct0,Lzc
LIBGTE	SMP_02	0x8007F21C	0x30	0	asm	RotTransPers
LIBGTE	SMP_03	0x8007F24C	0x60	0	asm	RotTransPers3
LIBGTE	SMP_04	0x8007F2AC	0x30	0	asm	RotTrans
LIBGTE	CMB_00	0x8007F2DC	0x80	0	asm	RotTransPers4
LIBGTE	FGO_01	0x8007F35C	0x290	0	asm	RotMatrix
LIBGTE	FGO_03	0x8007F5EC	0x290	0	asm	RotMatrixZYX
LIBGTE	FGO_04	0x8007F87C	0x1a0	0	asm	RotMatrixX
LIBGTE	FGO_05	0x8007FA1C	0x1a0	0	asm	RotMatrixY
LIBGTE	FGO_06	0x8007FBBC	0x1a0	0	asm	RotMatrixZ
LIBGTE	RATAN	0x8007FD5C	0x180	0	C	ratan2
LIBGTE	PATCHGTE	0x8007FEDC	0xa0	0	asm	_patch_gte
LIBCD	EVENT	0x8007FF7C	0x110	0	C	CdInit
LIBAPI	A07	0x8008008C	0x10	0	asm	DeliverEvent
LIBCD	SYS	0x8008009C	0x78c	12	C	CdStatus,CdMode,CdLastCom,CdLastPos,CdReset,CdFlush,CdSetDebug,CdComstr,CdIntstr,CdSync,CdReady,CdSyncCallback,CdReadyCallback,CdControl,CdControlF,CdControlB,CdMix,CdGetSector,CdGetSector2,CdDataCallback,CdDataSync,CdIntToPos,CdPosToInt
LIBCD	BIOS	0x80080828	0x17d8	8	C	CD_sync,CD_ready,CD_cw,CD_vol,CD_flush,CD_initvol,CD_initintr,CD_init,CD_datasync,CD_getsector,CD_getsector2,CD_set_test_parmnum
LIBC2	PUTS	0x80082000	0x50	0	C	puts
LIBCD	CDREAD	0x80082050	0x87c	12	C	CdReadBreak,CdRead,CdReadSync,CdReadCallback,CdReadMode
LIBETC	VSYNC	0x800828CC	0x1e4	4	C	VSync
LIBAPI	L10	0x80082AB0	0x10	0	asm	ChangeClearRCnt
LIBETC	INTR	0x80082AC0	0x710	0	C	ResetCallback,InterruptCallback,DMACallback,VSyncCallback,VSyncCallbacks,StopCallback,RestartCallback,CheckCallback,GetIntrMask,SetIntrMask
LIBAPI	C114	0x800831D0	0x20	0	asm	_96_remove
LIBAPI	A23	0x800831F0	0x10	0	asm	ReturnFromException
LIBAPI	A24	0x80083200	0x10	0	asm	ResetEntryInt
LIBAPI	A25	0x80083210	0x10	0	asm	HookEntryInt
LIBC2	SETJMP	0x80083220	0x80	0	?/asm	setjmp,longjmp
LIBETC	INTR_VB	0x800832A0	0x128	8	C	startIntrVSync
LIBETC	INTR_DMA	0x800833C8	0x2a8	8	C	startIntrDMA
LIBETC	VMODE	0x80083670	0x28	8	C	SetVideoMode,GetVideoMode
LIBAPI	C57	0x8008386C	0x10	0	asm	InitHeap
LIBSND	SSEND	0x80083954	0xc4	4	C	SsEnd
LIBSND	SSINIT_C	0x80083A18	0x30	0	C	SsInit
LIBSND	SSINIT_H	0x80083A18	0x30	0	?	SsInitHot
LIBSND	SSINIT	0x80083A48	0xe8	8	C	_SsInit
LIBAPI	SEND	0x80083B30	0x20	0	?	SendPAD
LIBGS	GS_106	0x80083B30	0x20	0	?	GsSetProjection
LIBSND	SSNOFF	0x80083B30	0x20	0	?	SsSetNoiseOff
LIBSND	SSQUIT	0x80083B30	0x20	0	C	SsQuit
LIBSND	SSSATTR	0x80083B50	0x94	4	C	SsSetSerialAttr
LIBSND	SSSMV	0x80083BE4	0x50	0	C	SsSetMVol
LIBSND	SSSTART	0x80083C34	0x338	8	C	SsStart,SsStart2
LIBSND	SSCALL	0x80083F6C	0x274	4	C	SsSeqCalledTbyT
LIBSND	PAUSE	0x800848AC	0x9c	12	C	_SsSndPause
LIBSND	PLAY	0x80084948	0x2c	12	C	_SsSndPlay
LIBSND	MIDITIME	0x80085064	0xb0	0	C	_SsReadDeltaValue
LIBSND	NEXT	0x80085114	0xfc	12	C	_SsSndNextSep
LIBSND	REPLAY	0x80085210	0x60	0	C	_SsSndReplay
LIBSND	PLAY	0x8008541C	0x2c	12	C	_SsSndPlay
LIBSND	SSSV	0x80085448	0xfc	12	C	SsSetSerialVol
LIBSND	SSTICK	0x80085544	0x16c	12	C	SsSetTickMode
LIBSND	TEMPO	0x800856B0	0x220	0	C	_SsSndTempo
LIBSND	UT_GVBA	0x800859F0	0x50	0	C	SsUtGetVBaddrInSB
LIBSND	UT_RDEP	0x80085E4C	0x98	8	C	SsUtSetReverbDepth
LIBSND	UT_REV	0x80085EE4	0xb4	4	C	SsUtSetReverbType,SsUtGetReverbType
LIBSND	UT_ROFF	0x80085F98	0x20	0	C	SsUtReverbOff
LIBSPU	S_I	0x80085F98	0x20	0	C	SpuInit
LIBSND	UT_RON	0x80085FB8	0x20	0	C	SsUtReverbOn
LIBSPU	S_IH	0x80085FB8	0x20	0	?	SpuInitHot
LIBSND	VM_N2P	0x80086B38	0x1c0	0	C	note2pitch,note2pitch2
LIBSND	VM_VSU	0x80087E3C	0xc4	4	C	_SsVmVSetUp
LIBSND	VS_AUTO	0x80087F00	0x10	0	C	SsSetAutoKeyOffMode
LIBSND	VS_MONO	0x80087F10	0x24	4	C	SsSetMono,SsSetStereo
LIBSND	VS_SRV	0x80087F34	0x30	0	C	SsSetReservedVoice
LIBSND	VS_VAB	0x80087F64	0x84	4	C	SsVabClose
LIBSND	VS_VFB	0x80087FE8	0x70	0	C	SsVabFakeBody
LIBSND	VS_VH	0x80088058	0x46c	12	C	SsVabOpenHead,SsVabOpenHeadSticky,SsVabFakeHead
LIBSND	VS_VTB	0x800884C4	0xc0	0	C	SsVabTransBody
LIBSND	VS_VTC	0x80088584	0x28	8	C	SsVabTransCompleted
LIBSND	UT_ROFF	0x800885AC	0x20	0	C	SsUtReverbOff
LIBSPU	S_I	0x800885AC	0x20	0	C	SpuInit
LIBSPU	S_INI	0x800885CC	0x174	4	C	_SpuInit,SpuStart
LIBSPU	SPU	0x80088740	0xb94	4	C	_spu_init,_spu_FiDMA,_spu_Fr_,_spu_t,_spu_Fw,_spu_Fr,_spu_FsetRXX,_spu_FsetRXXa,_spu_FgetRXXa,_spu_FsetPCR,_spu_Fw1ts
LIBSPU	S_DCB	0x800892D4	0x24	4	C	_SpuDataCallback
LIBSPU	S_Q	0x800892F8	0x7c	12	C	SpuQuit
LIBAPI	A13	0x80089374	0x10	0	asm	DisableEvent
LIBSPU	S_M_INIT	0x80089384	0x54	4	C	SpuInitMalloc
LIBSPU	S_M_M	0x800893D8	0x2c8	8	C	SpuMalloc
LIBSPU	S_M_INT	0x800896A0	0x308	8	C	_spu_gcSPU
LIBSPU	S_M_F	0x800899A8	0x7c	12	C	SpuFree
LIBSPU	S_SNV	0x80089A24	0x24	4	C	SpuSetNoiseVoice
LIBSPU	S_SNC	0x80089D10	0x50	0	C	SpuSetNoiseClock
LIBSPU	S_SR	0x80089D60	0xd0	0	C	SpuSetReverb
LIBSPU	S_M_UTIL	0x80089E30	0x10c	12	C	_SpuIsInAllocateArea,_SpuIsInAllocateArea_
LIBSPU	S_SRMP	0x80089F3C	0x4f8	8	C	SpuSetReverbModeParam
LIBSPU	S_SRA	0x8008A434	0x4d0	0	C	_spu_setReverbAttr
LIBSPU	S_SRV	0x8008A904	0x24	4	C	SpuSetReverbVoice
LIBSPU	S_CRWA	0x8008A928	0x19c	12	C	SpuClearReverbWorkArea
LIBAPI	A10	0x8008AAC4	0x10	0	asm	WaitEvent
LIBSPU	S_SK	0x8008AAD4	0x1fc	12	C	SpuSetKey
LIBSPU	S_GKS	0x8008ACD0	0x94	4	C	SpuGetKeyStatus
LIBSPU	S_R	0x8008AD64	0x60	0	C	SpuRead
LIBSPU	S_W	0x8008AD64	0x60	0	C	SpuWrite
LIBSPU	S_R	0x8008ADC4	0x60	0	C	SpuRead
LIBSPU	S_W	0x8008ADC4	0x60	0	C	SpuWrite
LIBSPU	S_STSA	0x8008AE24	0x58	8	C	SpuSetTransferStartAddr
LIBSPU	S_STM	0x8008AE7C	0x34	4	C	SpuSetTransferMode
LIBSPU	S_ITC	0x8008AEB0	0xa8	8	C	SpuIsTransferCompleted
LIBSPU	S_IT	0x8008AF58	0x44	4	C	_spu_setInTransfer,_spu_getInTransfer
LIBSPU	S_SCA	0x8008AF9C	0x394	4	C	SpuSetCommonAttr
LIBSPU	SR_GAKS	0x8008B330	0x158	8	C	SpuRGetAllKeysStatus,SpuGetAllKeysStatus
LIBSPU	S_N2P	0x8008BA94	0x2f4	4	C	_spu_2pitch,_spu_note2pitch,_spu_pitch2note
LIBSPU	S_GVV	0x8008BD88	0x60	0	C	SpuGetVoiceVolume
LIBSPU	S_GVEX	0x8008BDE8	0x1c	12	C	SpuGetVoiceEnvelope
LIBCOMB	COMB	0x8008BE04	0x124c	12	C	AddCOMB,DelCOMB,ChangeClearSIO,_comb_control
LIBAPI	A71	0x8008D050	0x10	0	asm	AddDrv
LIBAPI	A72	0x8008D060	0x10	0	asm	DelDrv
