addr,current_name,proposed_name,final_name,verdict,evidence_class,verifier_note
0x80034708,mode_handler_03_NoOp,func_80034708,func_80034708,CONFIRM,reset-contradicted,"0x8008D090 handler table re-read from EXE words (exe.py words 8008D090 34): [3]=0x80034708 [5]=0x8003993C [9]=0x80035828; main.s 80017320-8001733C lh D_800A3834 / sll 2 / lw D_8008D090(at) / jalr, inside the loop that returns to .L8001727C after VSync/DrawSync/PutDispEnv/PutDrawEnv/DrawOTag. Body: 544 insns, 23 jal (16x func_8003D52C, 5x func_8005C650, rand [VERIFIED], func_800344B4), 47 stores, jump tables. named_syms.txt:1591 says ""empty body -- no-op"": false. Table slot 03 is right but no admitted class names a slot, so RESET. Hazard: named_syms alias only; mode_helper_* comments in named_syms cite the old name."
0x8003993C,mode_handler_05_NoOp,func_8003993C,func_8003993C,CONFIRM,reset-contradicted,"0x8008D090 handler table re-read from EXE words (exe.py words 8008D090 34): [3]=0x80034708 [5]=0x8003993C [9]=0x80035828; main.s 80017320-8001733C lh D_800A3834 / sll 2 / lw D_8008D090(at) / jalr, inside the loop that returns to .L8001727C after VSync/DrawSync/PutDispEnv/PutDrawEnv/DrawOTag. Body: 526 insns, 30 jal (incl. game_StageInit, func_80049718 x3, func_80049A2C x2), 47 stores, and sh D_800A3834 at .s:549 (it writes the dispatch index itself). ""empty body -- no-op"" (named_syms.txt:1592) is false. Hazard: named_syms alias only."
0x80035828,mode_handler_09_NoOp,func_80035828,func_80035828,CONFIRM,reset-contradicted,"0x8008D090 handler table re-read from EXE words (exe.py words 8008D090 34): [3]=0x80034708 [5]=0x8003993C [9]=0x80035828; main.s 80017320-8001733C lh D_800A3834 / sll 2 / lw D_8008D090(at) / jalr, inside the loop that returns to .L8001727C after VSync/DrawSync/PutDispEnv/PutDrawEnv/DrawOTag. Body: 360 insns, 46 jal (func_800372C0 x7, rand, ...), 31 stores, 4 stores to D_800A3834 (.s:117,185,368,380). ""empty body -- no-op"" (named_syms.txt:1594) is false. Hazard: named_syms alias only."
0x80046EA0,game_InitStageSound,func_80046EA0,func_80046EA0,CONFIRM,reset-contradicted,"Body: func_8003E6D8(a0); func_8003DA8C(stage_GetId(), a0). My own closure (verify/closure.py, output closure_80046EA0.txt) over it plus every indirect target: g_stage_init_tbl slot +4 hooks read from EXE 0x800948BC (8-byte entries; +4 = 8004748C,800474D0,80047510,800477D4,80047550,800475A4,8004775C,8004779C,800477C4; only dispatch site func_8003E6D8.s:283-296) and the D_800F66A0 fn-ptr table (only writer func_80042E90: func_8004A348, math_RotMatrixZXY/YXZ/XYZ). The VERIFIED callees it reaches are all libgte/libgpu plus rand/ratan2 (ApplyMatrix, ApplyRotMatrixLV, MulMatrix0/2, ReadGeomScreen, RotMatrix, RotTransPers, ScaleMatrixL, SetDrawMove, SetPolyFT4, SetRotMatrix, SetSemiTrans, SetShadeTex, SetTransMatrix, rand, ratan2). No Ss*/Spu*/snd call, no sound-named symbol, no SPU register. Its argument is the view distance (see the 0x800A33C0 row), which func_8003DA8C subtracts from 0x6590/0x55F0. Nothing about sound is initialised. Same standard as the 2026-09-24 sys_InitSound RESET. Hazard: src/sound.c:334 (call) + :380 (definition); named_syms.txt:551 alias game_InitStageSound_80046EA0 and the :550 comment."
0x8004748C,game_EffCleanup,func_8004748C,func_8004748C,CONFIRM,reset-contradicted,"Only reference: EXE word 0x800948E0 = g_stage_init_tbl[4] +4, which func_8003E6D8 calls on every pass (code6cac_c2.c:2011-2012). That pass runs from game_StageInit, which mode handler 01 (func_8001E878.s:91) calls unconditionally each time it runs. Body = func_80044800(). For each 0x68-byte record at *D_800A9D04 whose +0x58 frame is >= 0: while frame < count it reads the keyframe, calls func_8004A348/func_800417D0/MulMatrix2 [VERIFIED], integrates +0x2C/+0x30/+0x34, and stores frame+1 (.s:109-116). It then appends the record to the D_800A3820 draw list (.s:184-191). CORRECTION to the miner: once frame reaches count, it fades +0x60 by 0x40 per call and at 0 sets +0x58 = -2, except for type 4 (.s:167-183). So it does retire finished records, but only as part of an update that moves and submits every active record each pass. Not a cleanup routine. Its slot+0 partner (0x8004746C -> func_8004473C) is the setup. Hazard: src/sound.c:530 definition; named_syms alias game_EffCleanup_8004748C."
0x80047510,game_EffCleanup2,func_80047510,func_80047510,CONFIRM,reset-contradicted,"Only reference: EXE word 0x800948F8 = g_stage_init_tbl[7] +4. Body = func_80044800(), the per-pass keyframe step + fade + draw-list append described in the 0x8004748C row. Records still animating are advanced, not cleaned up. Hazard: src/sound.c:546 definition."
0x8004779C,game_EffStop,func_8004779C,func_8004779C,CONFIRM,reset-contradicted,"Only reference: EXE word 0x80094950 = g_stage_init_tbl[18] +4. Body = func_80044800(): on every pass it advances each active record's frame, position and matrix and appends it to the D_800A3820 draw list. Only a record that has finished and fully faded is retired (+0x58 = -2). A routine that advances the records it is supposedly stopping contradicts 'Stop'. Hazard: src/sound.c:624 definition."
0x800474D0,game_AnimCleanup,func_800474D0,func_800474D0,CONFIRM,reset-contradicted,"Only reference: EXE word 0x800948E8 = g_stage_init_tbl[5] +4, dispatched on each func_8003E6D8 pass. Body = func_80048FFC(0). Over 3 iterations it builds 2 DR_MOVE packets each with SetDrawMove [VERIFIED] (6 total) in a buffer picked by the D_800A36AC&1 frame-parity bit, and links each into the ordering table at *D_800A378C+0x3FFC with the 24-bit tag splice. It then does rec[0] += (s16)params[+0xC] and, if the result >= params[+6], takes it modulo params[+6] (.s 80049308-80049364). That queues VRAM moves and advances a phase: an update, not a cleanup. Slot+0 partner 0x800474AC -> func_80048F58(0,0) zeroes rec[0] and copies 7 halfword params. Hazard: src/sound.c:538 definition; named_syms alias game_AnimCleanup_800474D0."
0x8004775C,game_AnimStop,func_8004775C,func_8004775C,CONFIRM,reset-contradicted,"Only reference: EXE word 0x80094930 = g_stage_init_tbl[14] +4. Body = func_80048FFC(0): 6 SetDrawMove [VERIFIED] packets linked into the OT, then the phase word advances with a modulo wrap (see the 0x800474D0 row). Nothing stops. Hazard: src/sound.c:616 definition."
0x8003F1C8,game_GetMode,func_8003F1C8,func_8003F1C8,CONFIRM,reset-contradicted,"Body: return *(s32*)0x800A336C. A full ref scan of the address (verify/refs.py + basescan.py, incl. base-register forms; no EXE word holds 0x800A336C) finds exactly one writer, func_8003E6D8.s:66 sw v0 after jal ratan2 [VERIFIED] (code6cac_c2.c:1919-1920 ang = ratan2(res[0],res[2])). That is the heading of the GTE-rotated (0,0,0x1000) vector. The only other reader is this getter. A ratan2 angle is not a mode; the main loop's mode index is D_800A3834. No jal caller and its address is not in the EXE. Hazard: this is a GLABEL name (asm/funcs/func_8003F1C8.s glabel game_GetMode); src/config.c:48; sdata_funcs.txt; alias stub_8003F1C8."
0x8003F1E4,game_SetControllerPorts,func_8003F1E4,func_8003F1E4,CONFIRM,reset-contradicted,"Body: a0 ? (D_800F6656=3, D_800F6658=2) : (0, 1). Every access to both halfwords, incl. base-register forms (basescan.py over the D_800F6608/D_800F65F8/D_800F6498 bases: no hits at +0x4E/+0x50), is render code. D_800F6658 is used ONLY as a shift count: func_8004A940.s:766-773 srav of the three position deltas before ctc2/mvmva, and func_8004C404.s:16-18,39+ (3-v to scratch 0x1F8001C6; srav by v+16). D_800F6656 is read only for bit 0 (func_8003E6D8 mask-table select, func_8003DA8C edge detect, func_8003DBE4) and bit 1 is cleared by func_8003E2AC. No pad call or pad-buffer read. The caller func_8001A820.s:300-312 passes a0 = !(rec+0x18 < 0x55F1 or 0x558D), a distance threshold, not a port. Hazard: GLABEL name; src/config.c:56, src/code6cac.c, src/code6cac_c2.c, include/code6cac.h (callers/decls); named_syms alias set_global_8003F1E4."
0x8001B138,single_game_UpdateVoiceMask,func_8001B138,func_8001B138,CONFIRM,reset-contradicted,"Body (asm): makes no calls. It zeroes D_800FF5C8/CC/D0, D_800FF5D8/DA/DC and D_800FF5E0. If D_800A38BA and D_800A3834==1 and *a0 bit0: sets D_800A37E0=1, D_800A3710 += 0x4CC (bit3) / -= 0x4CC (bit1), clamps to [-0x1C00,0x7400], and clears bits 2|3. Then D_800FF5E0 = D_800A3710/16 and *a0 &= ~0x10001. Where *a0 comes from: the sole caller func_80019568 (code6cac.c:1005-1070) builds it from g_pad_buf, the buffer passed to InitPAD [VERIFIED] at func_80016A18 (InitPAD(g_pad_buf,8,g_pad_buf+0x24,8)), using ~(rec[2]<<8|rec[3]) = the pad button bytes. The zeroed globals are added to the camera record fields passed to func_80046BF4 (code6cac.c:2085-2091), which applies ApplyMatrixLV [VERIFIED] to (0,0,-dist). The ""mask"" is a pad-button word and the outputs are camera offsets. No SPU/libsnd call or voice state anywhere, so ""Voice"" is contradicted. Hazard: named_syms alias single_game_UpdateVoiceMask_8001B138. Follow-up: the caller's C locals voice_mask/voice2/voice_state (src/code6cac.c:985+) carry the same false claim."
0x80038734,game_input_tick,func_80038734,func_80038734,CONFIRM,reset-contradicted,"Body (src/code6cac_c_mid.c:608, byte-matched, = asm): if D_800A31F4<2: D_800A31F8 = func_80037D14(0,0); func_800383A4(); func_80038658(); return D_800A379E. Closure: func_80037D14 (C) calls only _card_info/_card_load/_card_clear [VERIFIED] and memcard_PollSwEventsTimeout/AckHwEvents/AckSwEvents/WaitHwEvent [CORROBORATED, each C body = TestEvent only]. The asm callees of 800383A4/80038658/80037F40/8003800C/80038148/80038170/80037AA4/80037B00 reach only memcard_CountFiles/ReadFile/WriteFile/Format/PollSwEvents (C bodies: firstfile/nextfile/sprintf/open/read/write/close/format/TestEvent) plus strcpy/close. No InitPAD/StartPAD/ChangeClearPAD [VERIFIED], no g_pad_buf read, no other pad access. It is a memory-card state-machine tick; ""input"" (controller) is contradicted. Hazard: named_syms alias game_input_tick_80038734 only."
0x8003A6FC,single_game_helper,math_Popcount32,math_Popcount32,CONFIRM,computation-restatement,"Re-emulated with a fresh interpreter written for this verify (verify/t_compute.py; decodes the raw EXE words and models branch delay slots; the leaf has no loads or stores). Reference is bin(x).count(""1""), over 30,075 inputs (fixed edge words, every single bit, every low mask 0..32, 25,000 random 32-bit, 5,000 random 16-bit): 0 mismatches. The code loops i=0..31 with srlv/andi 1, so it is valid for every 32-bit a0. Leaf with no memory access and no game globals. No collision (grep of named_syms, symbol_addrs, census, src)."
0x8001A4F0,disppracticemenutex_DivideAngle,math_WrapAngleDiv,math_SignExt12Div,CONFIRM,computation-restatement,"Re-emulated with the fresh interpreter (t_compute.py) against my own reference: v = a0 & 0xFFF; if v >= 0x800 then v -= 0x1000; return v / a1 (truncating). That is exactly sign-extending the low 12 bits (result range verified -2048..2047), then a signed divide. 30,240 pairs (240 edge pairs incl. a0 in {0,+-1,0x7FF,0x800,0xFFF,0x1000,0x17FF,+-INT_MAX/INT_MIN}, a1 in {+-1,+-2,3,7,16,0x800,0x801,+-0x1000,INT_MAX,INT_MIN,5000}; 20,000 random full-range pairs; 10,000 with small a1): 0 mismatches. a1 == 0 traps with break 7. The break-6 guard cannot fire because |v| <= 0x800. Domain: any a0, a1 != 0. NAME CORRECTED: ""Angle"" is a unit convention the formula does not show; callers (code6cac.c:1523-1524) are not evidence. ""Wrap12"" is ambiguous with a plain &0xFFF. SignExt12 is the exact standard term for the step, so it claims no more than the code. No collision."
0x80020DDC,disppracticemenutex_InitReplay,cdrom_LoadCommonBbm,,PLAUSIBLE,api-restatement (not met),"Facts re-derived: idx = func_80036EA8(1,1) = D_8008F12C[1]+1 = 2+1 = 3 (C body code6cac_b2_post.c:270; halfwords read from EXE [0,2,21,119,...]). cdrom_StartRead(3, D_800A3830); game_FrameLoop(); then D_80102760 = buf+0x14, D_80102764 = buf+[buf+4], D_80102768 = buf+[buf+8], D_80102770 = buf+[buf+0x10], D_800A3880 = 1. g_cd_file_table[3] checked by my own ISO9660 walk of ""Bushido Blade 2 (USA).bin"" (verify/iso_entry.py): 00:38:32 -> LBA 2732, length 0x287E4 = /MOTION/COMMON.BBM (the only file of that size; disc/MOTION/COMMON.BBM is 165,860 bytes). NOT ADMITTED: api-restatement needs VERIFIED callees, but cdrom_StartRead is CORROBORATED, game_FrameLoop INFERRED and func_80036EA8 INFERRED. The file identity comes from a data table, not a VERIFIED call or an in-function string. Owner decision. RESET not independently justified either: the body does no GPU work, but ""practice-menu tex"" and ""Replay"" are unsupported rather than contradicted, since a replay/menu setup could plausibly load this bundle. Keep as is pending the owner."
0x800A336C,g_game_mode,D_800A336C,D_800A336C,CONFIRM,reset-contradicted,"All references (refs.py %lo/%hi/gp_rel over asm/funcs + basescan.py base-register pass, window 0x200; no EXE word holds the address): writer func_8003E6D8.s:66 (sw v0 right after jal ratan2 [VERIFIED]), reader 0x8003F1C8 (dead getter). The value is a ratan2 heading, used in-register as ((a>>6)&0x3F) to pick one of 64 mask tables. Not a game mode. Hazard: named_syms.txt:128, symbol_addrs.txt:160, undefined_syms_auto.txt:1503, sdata_syms.txt:316 (D_800A336C already at :73, so the gp gate list must not end up with a duplicate), src/config.c:20,49."
0x800F6656,g_game_p1_ctrl,D_800F6656,D_800F6656,CONFIRM,reset-contradicted,"All references incl. base-register (func_8003E2AC addiu base -> lhu/sh 0($v1)): writers 0x8003F1E4 (3/0), game_Init func_80046B44.s:34 (0), func_8003E2AC (clears bit 1). Readers use only bit 0: func_8003E6D8.s:79,239 (mask-table select / AND), func_8003DA8C.s:35,61 (edge detect against D_80090608), func_8003DBE4.s:24. The value set is {0,3}, written together with a shift count (0x800F6658 row), and nothing in pad code reads it. The ""P1 controller port"" claim (symbol_addrs.txt:163) is contradicted. Hazard: named_syms.txt:131, symbol_addrs.txt:163, undefined_syms_auto.txt:1504, src/config.c:31,58,61, src/sound.c:101,264, src/code6cac_c2.c:1665-1667."
0x800F6658,g_game_p2_ctrl,D_800F6658,D_800F6658,CONFIRM,reset-contradicted,"All references incl. the base-register pass (no hits): writers 0x8003F1E4 (2/1) and game_Init func_80046B44.s:36 (2). Readers are only func_8004A940.s:766 (lh s5; srav t0/t1/t2 by s5 on position deltas before ctc2/mvmva) and func_8004C404.s:16 (3-v to scratch 0x1F8001C6; addi v+16 then srav). A shift count is not a controller port. Hazard: named_syms.txt:132, symbol_addrs.txt:164, include/game.h:13, src/config.c:59,62, src/sound.c:265. Derived alias g_game_p2_ctrl_plus_2 (named_syms.txt:2500, 0x800F665A) inherits the false base; its only access is the game_Init store (func_80046B44.s:27). Reset it to D_800F665A in the same wave."
0x800A33C0,g_snd_stage_bgm,D_800A33C0,D_800A33C0,CONFIRM,reset-contradicted,"All references (gp_rel + base-register pass, window 0x200; no EXE pointer): writer func_80046BF4.s:88 (sw s3 = a2), reader func_80046DA8.s:6 (game_StageInit -> 0x80046EA0). In func_80046BF4 (sound.c:270-321, byte-matched) the same a2 goes into trans[2] = -a2 before ApplyMatrixLV [VERIFIED], and callers pass the camera record's dist field + D_800FF5E0. The downstream consumer func_8003DA8C computes 0x6590/0x55F0 - a2 and clamps against 0x1770, and the 0x80046EA0 closure has no sound call. It is a view distance, not a BGM id. Hazard: named_syms.txt:139, symbol_addrs.txt:173 ('stage BGM id'), undefined_syms_auto.txt:1537, sdata_syms.txt:324, src/sound.c:55,321,334."
