addr,current_names,proposed_name,kind,evidence,verdict,verifier_note
0x80102788,D_80102788,g_pad_state,typed-restatement,"PadState (include/code6cac.h). Raw-EXE store scan over 0x80102788..0x8010279F: only func_80019568 (builder: per port reads the InitPAD [VERIFIED] receive buffers g_pad_buf / +0x24, CONFIRM sweep-2026-09-24 data_manifest.csv:14; bits = ~((buf[2]<<8)|buf[3]); held = bits, pressed = bits & ~old, released = ~bits & old, unheld = ~bits), func_800194F4 / func_80019534 (resets). All other refs read. 'pad' is the admitted noun of the source buffers; 'state' claims no role.",CONFIRM,Q103 re-verification (default refute) 2026-10-03
0x8010278A,D_8010278A,g_pad_state_plus_0x2,member,"positional member of g_pad_state (0x80102788, PadState, 0x18 bytes): offset +0x2 (unk_00[1])",CONFIRM,Q103 re-verification (default refute) 2026-10-03
0x8010278C,g_practice_lesson_init_done; D_8010278C,g_pad_state_plus_0x4,member,"positional member of g_pad_state (0x80102788, PadState, 0x18 bytes): offset +0x4 (unk_00[2])",CONFIRM,Q103 re-verification (default refute) 2026-10-03
0x8010278E,g_practice_lesson_init_done_plus_2; D_8010278E,g_pad_state_plus_0x6,member,"positional member of g_pad_state (0x80102788, PadState, 0x18 bytes): offset +0x6 (unk_00[3])",CONFIRM,Q103 re-verification (default refute) 2026-10-03
0x80102790,D_80102790,g_pad_state_plus_0x8,member,"positional member of g_pad_state (0x80102788, PadState, 0x18 bytes): offset +0x8 (held)",CONFIRM,Q103 re-verification (default refute) 2026-10-03
0x80102794,g_pad_input_combined,g_pad_state_plus_0xC,member,"positional member of g_pad_state (0x80102788, PadState, 0x18 bytes): offset +0xC (pressed)",CONFIRM,Q103 re-verification (default refute) 2026-10-03
0x80102798,g_pad_input_combined_plus_4,g_pad_state_plus_0x10,member,"positional member of g_pad_state (0x80102788, PadState, 0x18 bytes): offset +0x10 (released)",CONFIRM,Q103 re-verification (default refute) 2026-10-03
0x8010279C,g_pad_input_combined_plus_8,g_pad_state_plus_0x14,member,"positional member of g_pad_state (0x80102788, PadState, 0x18 bytes): offset +0x14 (unheld)",CONFIRM,Q103 re-verification (default refute) 2026-10-03
0x8009AD18,D_8009AD18,g_vab_id_list,typed-restatement,"u8[3] = {7,3,6} + pad (asm/data/7D920.data.s). No store anywhere; raw refs only func_8005BA8C / func_8005BD30 / snd_CloseListedVabs, and every read passes the byte as a VAB id: SsVabClose [VERIFIED] + g_vab_rec_ptr / g_vab_vb_sbaddr index (CONFIRM per-VAB-id tables), func_8005C2A8's id argument, snd_VabFakeOpen [CORROBORATED] id.",CONFIRM,Q103 re-verification (default refute) 2026-10-03
0x80101EC8,g_practice_menu_table,D_80101EC8,reset,"Owner ruling Q103 item 3: the two 0x44C-byte records are the fighters' per-frame state (other-record pointer, own index, pad copy, MoveScript pointers, move frame), updated every game frame for both; 'practice menu' is false and the name (80796420e) recorded no evidence. No accepted class yields a positive name (game nouns barred).",CONFIRM,Q103 re-verification (default refute) 2026-10-03
0x8010231A,g_practice_menu_table_p2_plus_6,D_8010231A,basis-withdrawn,"Alias spelled from g_practice_menu_table (record 1 + 6); its only basis is that name, RESET in this batch.",CONFIRM,Q103 re-verification (default refute) 2026-10-03
0x800A3748,g_practice_menu_index,D_800A3748,basis-withdrawn,"named_syms.txt: 'index into g_practice_menu_table'. Its only noun derives from that table name, RESET in this batch (the index relation itself holds: src/code6cac_c2.c:750).",CONFIRM,Q103 re-verification (default refute) 2026-10-03
0x8009AD1C,g_byte_lookup_table_256_plus_4,D_8009AD1C,basis-withdrawn,"Registry alias spelled from g_byte_lookup_table_256 (0x8009AD18), which this batch retires as contradicted (a u8[3] VAB-id list, now g_vab_id_list); no other basis. C already spells it D_8009AD1C (src/text1b_tu1b.c). Applied by hand (registry line only) after the data_wave run.",CONFIRM,Q103 re-verification (default refute) 2026-10-03
