addr,glabel,current_name,proposed_name,action,evidence_class,evidence,verdict,verifier_note
0x80036F28,func_80036F28,func_80036F28,cdrom_GetFileSize,RENAME,typed-restatement,"T1 matched C src/code6cac_b5_post.c:70-72 `return g_cd_file_table[arg0].b` (6-insn leaf, no call). T2 1 statement. T3 g_cd_file_table CONFIRM (sweep-2026-09-24 data_manifest.csv:18-19: {CdlLOC; u32 size}, 159/159 sizes = ISO9660 data length). T4 Get: one load returned, no store. T6 'cdrom'/'File'/'Size' are the admitted table's nouns.",CONFIRM,"Q103 re-verification (default refute, T1-T6) 2026-10-03"
0x8001BE08,func_8001BE08,func_8001BE08,pad_ClearStateBits,RENAME,typed-restatement,"T1 matched C src/code6cac_tu2.c:1111-1116 on a PadState *: held = pressed = released = 0, unheld = -1. T2 4 statements, leaf. T3 PadState bit words admitted by the g_pad_state row (builder func_80019568 src/code6cac.c:1222-1368 from the InitPAD [VERIFIED] buffers g_pad_buf). T4 Clear: exactly the four bit words, each to the builder's no-button value (held 0 => pressed/released 0, unheld ~0); unk_00[] untouched.",CONFIRM,"Q103 re-verification (default refute, T1-T6) 2026-10-03"
0x800194F4,func_800194F4,replay_camera_helper,pad_ResetState,RENAME,typed-restatement,"T1 matched C src/code6cac.c:1209-1216: g_pad_state unk_00[0] = unk_00[1] = 4; held = pressed = released = 0; unheld = -1. T2 6 statements, leaf. T3 only g_pad_state (raw scan: stores to 0x80102788..0x8010279F only in func_80019568 / func_800194F4 / func_80019534). T4 Reset: the store list is the record's type words and bit words. Supersedes the v3 RESET of 'replay_camera_helper' (no camera/replay object touched; owner ruling Q103 item 4).",CONFIRM,"Q103 re-verification (default refute, T1-T6) 2026-10-03"
0x8005B6FC,func_8005B6FC,func_8005B6FC,snd_CloseVab1,RENAME,typed-restatement,"T1 matched C src/text1b_tu1b.c:3701-3705: SsVabClose(1) [VERIFIED]; g_vab_rec_ptr[1] = 0; g_vab_vb_sbaddr[1] = 0 (the _plus_0x4 spellings). T2 3 statements, one direct jal. T3 g_vab_rec_ptr / g_vab_vb_sbaddr CONFIRM (sweep-2026-09-24 data_manifest.csv:50-51,64,70: per-VAB-id tables set on open). T4 Close restates the VERIFIED call; the two stores clear VAB id 1's open-state entries, the bookkeeping snd_VabFakeOpen [CORROBORATED] reads. Literal id in the name; no bank role claimed.",CONFIRM,"Q103 re-verification (default refute, T1-T6) 2026-10-03"
0x8005BDF0,func_8005BDF0,func_8005BDF0,snd_CloseListedVabs,RENAME,typed-restatement,"T1 matched C src/text1b_tu1b.c:3961-3972: for each of the 3 ids in D_8009AD18 (g_vab_id_list row): SsVabClose(id) [VERIFIED]; g_vab_rec_ptr[id] = 0; g_vab_vb_sbaddr[id] = 0. T2 loop of 4 statements, direct jal only. T3 g_vab_* CONFIRM + g_vab_id_list (typed-restatement data row, u8[3] {7,3,6}, read-only, every read used as a VAB id). T4 list-driven twin of snd_CloseVab1.",CONFIRM,"Q103 re-verification (default refute, T1-T6) 2026-10-03"
0x8005BA6C,func_8005BA6C,func_8005BA6C,snd_VabFakeOpen9,RENAME,typed-restatement,"T1 matched C src/text1b_tu1b.c:3864-3866: snd_VabFakeOpen(a0, 9) [CORROBORATED apiscan-restatement]. T2 1 statement. T3 no global touched. T4 callee + literal id restated (precedent rcnt_StartCnt1Wrapper).",CONFIRM,"Q103 re-verification (default refute, T1-T6) 2026-10-03"
0x8005B98C,func_8005B98C,func_8005B98C,snd_VabFakeOpen8And4,RENAME,typed-restatement,"T1 matched C src/text1b_tu1b.c:3836-3839: snd_VabFakeOpen(a0, 8); snd_VabFakeOpen(a0, 4) [CORROBORATED]. T2 2 statements. T4 both calls restated in call order. Registry note 'MISNAMED: not motion-pre-calc' (named_syms.txt) agrees.",CONFIRM,"Q103 re-verification (default refute, T1-T6) 2026-10-03"
0x8001B690,func_8001B690,cpu_helper_8001B690,func_8001B690,RESET,basis-withdrawn,"named_syms.txt 'cpu_helper_8001B690' comment: only basis 'first-pass subsystem tag (cpu); <-cpu_calc_move_pattern_trajectory_80023F08', a parent name RESET in c934e38db (sweep-2026-10-03 func_manifest.csv, reset-contradicted).",CONFIRM,"Q103 re-verification (default refute, T1-T6) 2026-10-03"
0x8001F938,func_8001F938,cpu_helper_8001F938,func_8001F938,RESET,basis-withdrawn,"named_syms.txt 'cpu_helper_8001F938' comment: only basis 'first-pass subsystem tag (cpu); <-cpu_calc_move_pattern_trajectory_80023F08', a parent name RESET in c934e38db (sweep-2026-10-03 func_manifest.csv, reset-contradicted).",CONFIRM,"Q103 re-verification (default refute, T1-T6) 2026-10-03"
0x800200DC,func_800200DC,cpu_helper_800200DC,func_800200DC,RESET,basis-withdrawn,"named_syms.txt 'cpu_helper_800200DC' comment: only basis 'first-pass subsystem tag (cpu); <-cpu_calc_move_pattern_trajectory_80023F08', a parent name RESET in c934e38db (sweep-2026-10-03 func_manifest.csv, reset-contradicted).",CONFIRM,"Q103 re-verification (default refute, T1-T6) 2026-10-03"
0x80021424,func_80021424,cpu_helper_80021424,func_80021424,RESET,basis-withdrawn,"named_syms.txt 'cpu_helper_80021424' comment: only basis 'first-pass subsystem tag (cpu); <-cpu_side_move_dir;<-cpu_calc_move_pattern_trajectory_80023F08 (cpu_side_move_dir is itself retired: no live definition)', a parent name RESET in c934e38db (sweep-2026-10-03 func_manifest.csv, reset-contradicted).",CONFIRM,"Q103 re-verification (default refute, T1-T6) 2026-10-03"
0x80021A98,func_80021A98,cpu_helper_80021A98,func_80021A98,RESET,basis-withdrawn,"named_syms.txt 'cpu_helper_80021A98' comment: only basis 'first-pass subsystem tag (cpu); <-cpu_side_move_dir;<-cpu_calc_move_pattern_trajectory_80023F08 (cpu_side_move_dir is itself retired: no live definition; the body also installs the move for records 0 and 1 from the mode-init paths)', a parent name RESET in c934e38db (sweep-2026-10-03 func_manifest.csv, reset-contradicted).",CONFIRM,"Q103 re-verification (default refute, T1-T6) 2026-10-03"
0x8002304C,func_8002304C,cpu_helper_8002304C,func_8002304C,RESET,basis-withdrawn,"named_syms.txt 'cpu_helper_8002304C' comment: only basis 'first-pass subsystem tag (cpu); <-cpu_calc_move_pattern_trajectory_80023F08', a parent name RESET in c934e38db (sweep-2026-10-03 func_manifest.csv, reset-contradicted).",CONFIRM,"Q103 re-verification (default refute, T1-T6) 2026-10-03"
0x80023648,func_80023648,cpu_helper_80023648,func_80023648,RESET,basis-withdrawn,"named_syms.txt 'cpu_helper_80023648' comment: only basis 'first-pass subsystem tag (cpu); <-cpu_calc_move_pattern_trajectory_80023F08', a parent name RESET in c934e38db (sweep-2026-10-03 func_manifest.csv, reset-contradicted).",CONFIRM,"Q103 re-verification (default refute, T1-T6) 2026-10-03"
0x80023CB4,func_80023CB4,cpu_helper_80023CB4,func_80023CB4,RESET,basis-withdrawn,"named_syms.txt 'cpu_helper_80023CB4' comment: only basis 'first-pass subsystem tag (cpu); <-cpu_calc_move_pattern_trajectory_80023F08', a parent name RESET in c934e38db (sweep-2026-10-03 func_manifest.csv, reset-contradicted).",CONFIRM,"Q103 re-verification (default refute, T1-T6) 2026-10-03"
0x80023D08,func_80023D08,cpu_helper_80023D08,func_80023D08,RESET,basis-withdrawn,"named_syms.txt 'cpu_helper_80023D08' comment: only basis 'first-pass subsystem tag (cpu); <-cpu_calc_move_pattern_trajectory_80023F08', a parent name RESET in c934e38db (sweep-2026-10-03 func_manifest.csv, reset-contradicted).",CONFIRM,"Q103 re-verification (default refute, T1-T6) 2026-10-03"
0x80023D28,func_80023D28,cpu_helper_80023D28,func_80023D28,RESET,basis-withdrawn,"named_syms.txt 'cpu_helper_80023D28' comment: only basis 'first-pass subsystem tag (cpu); <-cpu_calc_move_pattern_trajectory_80023F08', a parent name RESET in c934e38db (sweep-2026-10-03 func_manifest.csv, reset-contradicted).",CONFIRM,"Q103 re-verification (default refute, T1-T6) 2026-10-03"
0x80023DB8,func_80023DB8,cpu_helper_80023DB8,func_80023DB8,RESET,basis-withdrawn,"named_syms.txt 'cpu_helper_80023DB8' comment: only basis 'first-pass subsystem tag (cpu); <-cpu_calc_move_pattern_trajectory_80023F08', a parent name RESET in c934e38db (sweep-2026-10-03 func_manifest.csv, reset-contradicted).",CONFIRM,"Q103 re-verification (default refute, T1-T6) 2026-10-03"
0x80023E40,func_80023E40,cpu_helper_80023E40,func_80023E40,RESET,basis-withdrawn,"named_syms.txt 'cpu_helper_80023E40' comment: only basis 'first-pass subsystem tag (cpu); <-cpu_calc_move_pattern_trajectory_80023F08', a parent name RESET in c934e38db (sweep-2026-10-03 func_manifest.csv, reset-contradicted).",CONFIRM,"Q103 re-verification (default refute, T1-T6) 2026-10-03"
0x8002798C,func_8002798C,cpu_helper_8002798C,func_8002798C,RESET,basis-withdrawn,"named_syms.txt 'cpu_helper_8002798C' comment: only basis 'first-pass subsystem tag (cpu); <-cpu_calc_move_pattern_trajectory_80023F08', a parent name RESET in c934e38db (sweep-2026-10-03 func_manifest.csv, reset-contradicted).",CONFIRM,"Q103 re-verification (default refute, T1-T6) 2026-10-03"
0x80032064,func_80032064,cpu_helper_80032064,func_80032064,RESET,basis-withdrawn,"named_syms.txt 'cpu_helper_80032064' comment: only basis 'first-pass subsystem tag (cpu); <-cpu_calc_move_pattern_trajectory_80023F08', a parent name RESET in c934e38db (sweep-2026-10-03 func_manifest.csv, reset-contradicted).",CONFIRM,"Q103 re-verification (default refute, T1-T6) 2026-10-03"
0x80039680,func_80039680,cpu_helper_80039680,func_80039680,RESET,basis-withdrawn,"named_syms.txt 'cpu_helper_80039680' comment: only basis 'first-pass subsystem tag (cpu); <-cpu_calc_move_pattern_trajectory_80023F08', a parent name RESET in c934e38db (sweep-2026-10-03 func_manifest.csv, reset-contradicted).",CONFIRM,"Q103 re-verification (default refute, T1-T6) 2026-10-03"
0x80030208,func_80030208,cpu_helper_80030208,func_80030208,RESET,basis-withdrawn,"named_syms.txt 'cpu_helper_80030208' comment: only basis 'first-pass subsystem tag (cpu); <-cpu_ai_pick_move_for_situation_80030D7C', a parent name RESET in c934e38db (sweep-2026-10-03 func_manifest.csv, reset-contradicted).",CONFIRM,"Q103 re-verification (default refute, T1-T6) 2026-10-03"
0x80061A3C,func_80061A3C,cpu_helper_80061A3C,func_80061A3C,RESET,basis-withdrawn,"named_syms.txt 'cpu_helper_80061A3C' comment: only basis 'first-pass subsystem tag (cpu); <-cpu_check_special_move_input_80032C50', a parent name RESET in c934e38db (sweep-2026-10-03 func_manifest.csv, reset-contradicted).",CONFIRM,"Q103 re-verification (default refute, T1-T6) 2026-10-03"
