addr,current_name,proposed_name,evidence_class,evidence,verdict,verifier_note
0x80089A48,func_80089A48,_SpuSetAnyVoice,libscan-xref,"Verbatim LIBSPU/S_SNV@0x80089A24 (SpuSetNoiseVoice) and LIBSPU/S_SRV@0x8008A904 (SpuSetReverbVoice) both carry a REL26 XREF `_SpuSetAnyVoice`; the EXE jal at those relocations targets 0x80089A48 = this function's start. Body: 4.1 S_SAV matches 145/176 words from +0xC (drifted head), 4.0 S_SAV 66/130; unique placement.",CONFIRM,"verifier 2026-09-07: LIBSPU/S_SNV@0x80089A24 and S_SRV@0x8008A904 both 0/9 mismatch, unique, manifest CONTRADICTED/FILL; each has REL26 XREF `_SpuSetAnyVoice` at +0xC; EXE words 0x80089A30 and 0x8008A910 = `0C022692` = jal 0x80089A48 = func_80089A48 start. Body reads `_spu_env&1` then picks `_spu_RQ`/`_spu_RXX` and or-builds a 32-bit voice mask from a2/a3 (mode 0/1/8), consistent with the 4.1 S_SAV body (145/176 from "
0x800841E0,func_800841E0,_SsSndCrescendo,libscan-xref,"Verbatim LIBSND/SSCALL@0x80083F6C (SsSeqCalledTbyT, mid-function XDEF per boundary_fixes.md) XREF `_SsSndCrescendo` -> EXE jal 0x800841E0 = function start. Hunt 2026-07-10 had CRES (4.1 196w) as PROBABLE by size at exactly this gap. Retires alias DispStuff_helper_800841E0.",CONFIRM,"verifier 2026-09-07: LIBSND/SSCALL 0/157 at 0x80083F6C (matches.json single verbatim placement; second-best 135), XREF `_SsSndCrescendo` at +0xF8; EXE 0x80084064 = `0C021078` = jal 0x800841E0 = function start. Body clears seq flag with `addiu a0,-0x11` (~0x10) = psyz cres.c, while func_80084500 uses ~0x20 = decres.c, so the pair is not swappable."
0x80084500,func_80084500,_SsSndDecrescendo,libscan-xref,"Same SSCALL module, XREF `_SsSndDecrescendo` -> EXE jal 0x80084500 = function start (DECRES 232w fits the gap to 0x800848AC). Retires alias DispStuff_helper_80084500.",CONFIRM,"verifier 2026-09-07: Same SSCALL module, XREF `_SsSndDecrescendo` at +0x120; EXE 0x8008408C = `0C021140` = jal 0x80084500 = function start; body uses ~0x20 flag (`addiu a0,-0x21`) = decres.c."
0x800863CC,spu_ResetCounter,_SsVmDamperOff,libscan-xref,"LIBSND/SSSTOP@0x80085270 (4.0 Jun-06 build, bit-verbatim, proven 2026-07-10) XREF `_SsVmDamperOff` -> EXE jal 0x800863CC = function start. Live C definition is named spu_ResetCounter (src) with alias set_global_800863CC; both retired.",CONFIRM,"verifier 2026-09-07: LIBSND/SSSTOP (4.0U) 0/118 at 0x80085270, unique (second 102); XREF `_SsVmDamperOff` at +0xC8; EXE 0x80085338 = `0C0218F3` = jal 0x800863CC = spu_ResetCounter start. C body is `D_800F66F8 = 0`, and D_800F66F8 is `_svm_damper` in the UT_KEYV/VM_ALOC2 HI/LO reloc web, so the body IS ""damper off""."
0x800863DC,func_800863DC,_SsVmFlush,libscan-xref,SSCALL XREF `_SsVmFlush` -> EXE jal 0x800863DC = function start (VM_F fits 0x800863DC..0x80086818).,CONFIRM,"verifier 2026-09-07: SSCALL XREF `_SsVmFlush` at +0x44; EXE 0x80083FB0 = `0C0218F7` = jal 0x800863DC = func_800863DC start. Body: `_svm_envx_ptr=(p+1)&0xF; _svm_envx_hist[p]=0; loop i<_SsVmMaxVoice calling SpuGetVoiceEnvelope` = psyz vm_f.c `_SsVmFlush`. Also called from func_80086818 (_SsVmInit), as in Sony's tree."
0x80086818,func_80086818,_SsVmInit,libscan-xref,Verbatim LIBSND/SSINIT@0x80083A48 (SsInit) XREF `_SsVmInit` -> EXE jal 0x80086818 = function start; 4.0 VM_INIT best-aligns here (hunt).,CONFIRM,"verifier 2026-09-07: LIBSND/SSINIT 0/58 at 0x80083A48 (manifest FILL, second 49); XREF `_SsVmInit` at +0x80; EXE 0x80083AC8 = `0C021A06` = jal 0x80086818 = func_80086818 start. Body: `_spu_setInTransfer(0); _svm_damper=0; SpuInitMalloc(0x20, rec+8); clear 0xC0 halfwords of _svm_sreg_buf; clear 24 dirty bytes` = psyz vm_init.c line for line."
0x80087DA0,spu_NotifyChannel,_SsVmSeqKeyOff,libscan-xref,"LIBSND/PAUSE@0x800848AC (_SsSndPause, verbatim) and SSSTOP@0x80085270 both XREF `_SsVmSeqKeyOff` -> EXE jal 0x80087DA0 = function start. Live C name spu_NotifyChannel + alias find_id_in_table_80087DA0 retired.",CONFIRM,"verifier 2026-09-07: PAUSE 0/39 at 0x800848AC (XREF at +0x58, EXE 0x80084904) and SSSTOP (XREF at +0xC0, EXE 0x80085330) both = `0C021F68` = jal 0x80087DA0 = spu_NotifyChannel start. Extra: the 4.0 VM_SEQ sub-function `_SsVmSeqKeyOff` places 4/38 at exactly 0x80087DA0. C body loops voices, matches `_svm_voice[i]` seq id, sets `_svm_cur.voice` and calls func_800871D4(0) (= _SsVmKeyOffNow)."
0x80085A40,func_80085A40,SsUtKeyOnV,libscan-near,"LIBSND/UT_KEYV (4.0J = 4.0U) 255/259 words at 0x80085A40, unique (second-best 235 mismatches); XDEF SsUtKeyOnV at +0 = function start. The 4 differing words are one paired edit at 0x80085CA4-0x80085CB4: sll 1->3, addu->subu x2, sll 2->1 = the _svm_voice record stride change 52->54 bytes (the identical edit appears between 4.0 VM_NOWOF and the EXE, and 4.1 VM_NOWOF already carries the EXE form); identity unchanged. Its own XREFs resolve to _SsVmVSetUp (verified) and note2pitch2 (verified) exactly. SsUtKeyOffV XDEF at +0x394 = 0x80085DD4 is a second entry point (boundary follow-up, not renamed).",CONFIRM,"verifier 2026-09-07: UT_KEYV 4.0J/4.0U 4/259 at 0x80085A40, second-best 235 at 0x8002F8EC; XDEF SsUtKeyOnV+0 = function start. The 4 diffs (0x80085CA4..CB4) recompute a voice index: lib `(3v)<<2+v)<<2` = 52·v, EXE `((8v-v)<<2 - v)<<1` = 54·v. **Attribution correction:** this is the `_svm_voice` element-stride change between 4.0 and 4.1 (the identical 4-word edit appears in VM_NOWOF 4.0-vs-EXE at 0x8008720C, and VM_NOW"
0x800871D4,func_800871D4,_SsVmKeyOffNow,libscan-near,"LIBSND/VM_NOWOF 4.1: 50/52 words, the 2 diffs are `jr ra`/`sh v0` swapped (delay-slot scheduling, same semantics); 4.0: 48/52. Unique (second-best 33). XDEF at +0 = function start. Also pinned as callee: UT_KEYV (255/259) XREF `_SsVmKeyOffNow` -> EXE jal 0x800871D4. Supersedes the 2026-08-18 HELD-BY-POLICY row.",CONFIRM,"verifier 2026-09-07: VM_NOWOF 4.1/4.2 2/52 at 0x800871D4 (second 34); the 2 diffs are `jr ra`/`sh v0,0(at)` order (lib fills the delay slot with the store, EXE stores then `jr ra; nop`), same semantics. 4.0 build differs only by the 4-word stride edit above. XDEF +0 = function start. Independently pinned by UT_KEYV XREF at +0x3E8 (EXE jal 0x800871D4) and body = psyz vm_nowof.c (okof1/okof2 or-in, okon1/okon2 mask)."
0x800861BC,func_800861BC,_SsVmDoAllocate,libscan-near,"UT_KEYV (255/259 verbatim-near caller) XREF `_SsVmDoAllocate` -> EXE jal 0x800861BC = function start. Body vs 4.0 VM_ALOC2: 100/133 at -4 (a different build of the same routine); references _svm_voice/_svm_cur/_svm_sreg_buf/_svm_damper exactly like the module. Identity from the caller, not the body.",CONFIRM,"verifier 2026-09-07: Caller-pinned: UT_KEYV REL26 at +0x310 names `_SsVmDoAllocate` in ALL six builds (the callee name sequence is identical 4.0J..4.4), and the EXE jal there targets 0x800861BC = function start; the game has exactly one jal to it (from func_80085A40). Body: 4.0 VM_ALOC2 33/132 at -4 (register renumbering, lui-at addressing, the same stride edit); data refs _svm_voice/_svm_cur/_svm_sreg_buf/_svm_damper"
0x80086CF8,func_80086CF8,vmNoiseOn,libscan-near,UT_KEYV XREF `vmNoiseOn` -> EXE jal 0x80086CF8 = function start (the hunt guessed _SsVmKeyOn here by link order; the caller's XREF says vmNoiseOn). Retires alias AllocBukiRmd_helper_80086CF8.,CONFIRM,"verifier 2026-09-07: UT_KEYV +0x32C XREF `vmNoiseOn` (all 6 builds) -> EXE jal 0x80086CF8 = function start; sole caller in the image is func_80085A40. Body calls SpuSetNoiseClock + SpuSetNoiseVoice and touches _svm_cur (18 refs), _svm_voice, _svm_sreg_buf, _svm_sreg_dirty — a noise key-on, not an allocator. No body fit in any build (BB2's build of VM_NOISE is not among the six). Retire AllocBukiRmd_helper_80086CF8."
0x800872A4,func_800872A4,_SsVmKeyOnNow,libscan-near,UT_KEYV XREF `_SsVmKeyOnNow` -> EXE jal 0x800872A4 = function start (VM_NOWON; hunt PROBABLE by link order). Retires alias AllocBukiRmd_helper_800872A4.,CONFIRM,"verifier 2026-09-07: UT_KEYV +0x348 XREF `_SsVmKeyOnNow` (all 6 builds) -> EXE jal 0x800872A4 = function start (sole caller func_80085A40; VM_NOWOF ends at 0x800872A0 with `nop`, so it is the next linked module = VM_NOWON, matching Sony link order). Body: leaf, 26 _svm_cur refs, writes _svm_sreg_buf/_svm_sreg_dirty. Retire AllocBukiRmd_helper_800872A4."
0x80085FD8,func_80085FD8,SsUtGetDetVVol,libscan-near,"LIBSND/UT_VVOL 4.3 (16 words): 15/16 at 0x80085FD8, the only diff is the trailing pad word vs the next function's prologue; unique (second-best 9/16). XDEF at +0 = function start; XREF SpuGetVoiceVolume -> EXE jal 0x8008BD88 = SpuGetVoiceVolume (verified). C body (src/main.c:1020): if (voice < 24) SpuGetVoiceVolume(voice) else -1.",CONFIRM,"verifier 2026-09-07: Stronger than claimed: the SsUtGetDetVVol sub-function of UT_VVOL in 4.1, 4.2, 4.3, 4.4 places 0/14 at 0x80085FD8 (second-best 8); 4.3 UT_VVOL3 whole module 1/16 with the only diff the trailing pad vs func_80086014's prologue. XREF SpuGetVoiceVolume -> jal 0x8008BD88 = SpuGetVoiceVolume. C body passes voice (a1/a2 pointers fall through) to SpuGetVoiceVolume, else -1 = LIBSND.H `SsUtGetDetVVol(shor"
0x80086080,func_80086080,SsUtGetVVol,libscan-near,"LIBSND/UT_VVOL3 4.3 (44 words): 42/44, diffs = `jr ra`/`addiu sp` epilogue swap; unique (second-best 38). XDEF at +0 = function start; XREF SpuGetVoiceVolume OK.",CONFIRM,"verifier 2026-09-07: 4.3 UT_VVOL3 2/44 at 0x80086080 and 4.1 UT_VVOL:SsUtGetVVol sub-function 3/43 (second 37); diffs are the epilogue `jr ra`/`addiu sp,40` delay-slot order only. XDEF +0 = function start; XREF SpuGetVoiceVolume OK. C body divides both raw volumes by 129 = psyz ut_vvol.c SsUtGetVVol."
0x80086014,func_80086014,SsUtSetDetVVol,libscan-near,"LIBSND/UT_VVOL2 4.3 (28 words) 21/28 at 0x80086018 = function start + 4: BB2's build keeps a stack frame (addiu sp,-8 / +8) the 4.3 build dropped, and uses lui-at/lw-off addressing where 4.3 uses lui/addu/lw; every data ref agrees (_svm_sreg_buf 0x80102A78, _svm_sreg_dirty 0x800F65E0). C body (src/main.c:1028): if (idx<24) { sreg_buf[idx*8+1]=y; sreg_buf[idx*8]=x; dirty[idx]|=3; return 0 } — SsUtSetDetVVol's documented behaviour. Weakest near row: same-routine-different-build.",CONFIRM,"verifier 2026-09-07: Refuted the ""weakest row"" framing in the row's favour: the 4.0J/4.0U UT_VVOL `SsUtSetDetVVol` sub-function (26 words, XDEF +0x58) places **0/26 at exactly 0x80086014** (second-best 17 at 0x80086150), with the stack frame BB2 has; its HI/LO relocs resolve to _svm_sreg_buf 0x80102A78/+2 and _svm_sreg_dirty 0x800F65E0. The 4.3 7/28-at-+4 figure was just the frame-less later build. No other Sony funct"
0x80087D10,func_80087D10,_SsVmGetSeqLVol,libscan-near,"LIBSND/VM_SEQ_2 4.3 (36 words) 30/36 at 0x80087D10; the 6 diffs are the same lui/addu/lw vs lui-at/lw-off addressing form for _ss_score (0x80106F28, both halves); unique (second-best 28). XDEFs _SsVmGetSeqLVol +0 and _SsVmGetSeqRVol +0x48 land on the two function starts. C body reads _ss_score[seq]->+0x58.",CONFIRM,"verifier 2026-09-07: 4.0 VM_SEQ sub-function `_SsVmGetSeqLVol` (17w) 0/17 at 0x80087D10; `_SsVmGetSeqRVol` 0/17 at 0x80087D58; the L/R pair differ in exactly one word and the EXE has `lh v0,88(v1)` (0x58 = SeqStruct.vol_l per psyz) at 0x80087D4C. 4.3 VM_SEQ_2 30/36 diffs are all lui/addu/lw vs lui-at/lw-off for _ss_score 0x80106F28."
0x80087D58,func_80087D58,_SsVmGetSeqRVol,libscan-near,Second XDEF of the same VM_SEQ_2 placement (+0x48 = 0x80087D58 = function start); C body reads +0x5A (the R volume).,CONFIRM,"verifier 2026-09-07: Same placements; EXE `lh v0,90(v1)` (0x5A = vol_r) at 0x80087D94; XDEF +0x48 = function start; C body reads +0x5A."
0x8007A5C4,gpu_LoadClut256,LoadClut,libscan-desync,Glabel/aliases already VERIFIED LoadClut (libscan wave 2026-08-07) but the linked C definition in src is still named gpu_LoadClut256 (build/bb2.map object symbol). Same function; the C name is the live misnomer.,CONFIRM,verifier 2026-09-07: map object symbol gpu_LoadClut256; C def src/gpu.c:266; asm/funcs/LoadClut.s glabel LoadClut @8007A5C4; census VERIFIED (LIBGPU/EXT +0xEC); alias LoadClut=0x8007A5C4 only.
0x8007A62C,gpu_LoadClut16,LoadClut2,libscan-desync,C definition gpu_LoadClut16 vs VERIFIED glabel LoadClut2.,CONFIRM,verifier 2026-09-07: map gpu_LoadClut16; C def gpu.c:275; LoadClut2.s glabel @8007A62C; census VERIFIED; no other use.
0x8007A87C,ot_GetTag,NextPrim,libscan-desync,C definition ot_GetTag vs VERIFIED glabel NextPrim.,CONFIRM,verifier 2026-09-07: map ot_GetTag; C def gpu.c:340; NextPrim.s @8007A87C; VERIFIED (LIBGPU/PRIM +0xF4).
0x8007A898,ot_IsEnd,IsEndPrim,libscan-desync,C definition ot_IsEnd vs VERIFIED glabel IsEndPrim.,CONFIRM,verifier 2026-09-07: map ot_IsEnd; C def gpu.c:344; IsEndPrim.s @8007A898; VERIFIED.
0x8007EF1C,gte_SetColorMatrix,SetColorMatrix,libscan-desync,C definition gte_SetColorMatrix vs VERIFIED glabel SetColorMatrix.,CONFIRM,"verifier 2026-09-07: map gte_SetColorMatrix; the ""C definition"" is a whole-body `__asm__(""glabel gte_SetColorMatrix …"")` string at src/display.c:2284 with externs in text1b.c:1162 and text1b_b.c:134 — a rename must edit the asm string and any inline_asm_canonical.txt key, not a C signature. SetColorMatrix.s @8007EF1C; VERIFIED (LIBGTE/MTX_11)."
0x80083688,sys_GetVideoMode,GetVideoMode,libscan-desync,"C definition sys_GetVideoMode vs VERIFIED glabel GetVideoMode; three verbatim callers (LIBGPU/EXT, LIBGPU/SYS, LIBSND/SSTICK) XREF GetVideoMode -> 0x80083688.",CONFIRM,verifier 2026-09-07: map sys_GetVideoMode; C def src/ings2.c:573; GetVideoMode.s @80083688; VERIFIED; web.md shows GetVideoMode callers agree.
0x800848AC,spu_SetMotionState,_SsSndPause,libscan-desync,C definition spu_SetMotionState vs VERIFIED glabel _SsSndPause (PAUSE module verbatim at this address; SSCALL XREF agrees).,CONFIRM,verifier 2026-09-07: map spu_SetMotionState; C def main.c:316 (proto :237 carries `/* _SsSndPause */`); _SsSndPause.s @800848AC; PAUSE 0/39 verbatim here (my scan); no reverse alias exists in named_syms (the only non-comment use of the name is the .s glabel).
0x80084948,spu_SetMotionCallback,_SsSndPlay,libscan-desync,C definition spu_SetMotionCallback vs VERIFIED glabel _SsSndPlay (PLAY verbatim; SSCALL XREF agrees).,CONFIRM,verifier 2026-09-07: map spu_SetMotionCallback; C def main.c:329; _SsSndPlay.s @80084948; VERIFIED RESOLVED_LAYOUT.
0x80085064,spu_ReadMotionFrame,_SsReadDeltaValue,libscan-desync,C definition spu_ReadMotionFrame vs VERIFIED glabel _SsReadDeltaValue (MIDITIME verbatim).,CONFIRM,verifier 2026-09-07: map spu_ReadMotionFrame; C def main.c:576; _SsReadDeltaValue.s @80085064; VERIFIED (MIDITIME).
0x80085114,spu_ResetMotionEntry,_SsSndNextSep,libscan-desync,C definition spu_ResetMotionEntry vs VERIFIED glabel _SsSndNextSep (NEXT verbatim).,CONFIRM,verifier 2026-09-07: map spu_ResetMotionEntry; C def main.c:608; _SsSndNextSep.s @80085114; VERIFIED (NEXT).
0x80085210,spu_SetMotionActive,_SsSndReplay,libscan-desync,C definition spu_SetMotionActive vs VERIFIED glabel _SsSndReplay (REPLAY verbatim; SSCALL XREF agrees).,CONFIRM,verifier 2026-09-07: map spu_SetMotionActive; C def main.c:627; _SsSndReplay.s @80085210; VERIFIED (REPLAY); no reverse alias in named_syms.
0x800885CC,spu_InitEx,_SpuInit,libscan-desync,C definition spu_InitEx vs VERIFIED glabel _SpuInit (S_I module SpuInit XREF _SpuInit -> 0x800885CC).,CONFIRM,verifier 2026-09-07: map spu_InitEx; C def main.c:1547; _SpuInit.s @800885CC; VERIFIED (S_INI +0).
0x800886C4,spu_InitIrq,SpuStart,libscan-desync,C definition spu_InitIrq vs VERIFIED glabel SpuStart.,CONFIRM,verifier 2026-09-07: map spu_InitIrq; C def main.c:1588; SpuStart.s @800886C4; VERIFIED (S_INI +0xF8).
0x80088F9C,spu_TransferData,_spu_Fw,libscan-desync,C definition spu_TransferData vs VERIFIED glabel _spu_Fw (S_W SpuWrite XREF _spu_Fw -> 0x80088F9C).,CONFIRM,verifier 2026-09-07: map spu_TransferData; C def main.c:1848; _spu_Fw.s @80088F9C; VERIFIED (SPU +0x85C).
0x80089024,spu_TransferDirect,_spu_Fr,libscan-desync,C definition spu_TransferDirect vs VERIFIED glabel _spu_Fr.,CONFIRM,verifier 2026-09-07: map spu_TransferDirect; C def main.c:1858; _spu_Fr.s @80089024; VERIFIED (SPU +0x8E4).
0x800892D4,spu_SetCallback,_SpuDataCallback,libscan-desync,C definition spu_SetCallback vs VERIFIED glabel _SpuDataCallback (S_INI and S_Q XREF _SpuDataCallback -> 0x800892D4).,CONFIRM,verifier 2026-09-07: map spu_SetCallback; C def main.c:1919; _SpuDataCallback.s @800892D4; VERIFIED (S_DCB).
0x800899A8,spu_DmaTransfer,SpuFree,libscan-desync,C definition spu_DmaTransfer vs VERIFIED glabel SpuFree (VS_VAB XREF SpuFree -> 0x800899A8).,CONFIRM,verifier 2026-09-07: map spu_DmaTransfer; C def main.c:2074 (comment :2072 already says SpuFree); SpuFree.s @800899A8; VERIFIED (S_M_F).
0x80087CAC,func_80087CAC,_SsVmGetSeqVol,libscan-near,"4.0J LIBSND/VM_SEQ XDEF sub-function _SsVmGetSeqVol (24 words) places 0/24 at 0x80087CAC = function start, unique (second-best 16). Its callers per psyz are _SsSndCrescendo/_SsSndDecrescendo (0x800841E0/0x80084500 above), and the alias dispstuff_helper_80087CAC's own comment already recorded those two callers. Retires that alias.",CONFIRM,"found and re-derived by the verifier (round 1, 'extra candidate'); orchestrator re-placed independently: 40J/VM_SEQ _SsVmGetSeqVol 25 words (incl. trailing pad) 0/25 at 0x80087CAC, best=0x80087CAC, second-best 0x80087D54 at 17 mismatches; 4.1/4.3 builds 3/25 at the same address"
