addr,current_name,aliases,proposed_name,all_sony_names,module,lib,mod_start,evidence,classification,in_main_block,queued,census_action,census_tier,census_name,name_source,note
0x800469A0,func_800469A0,snd_PlaySe_800469A0,,_SpuCallback,S_CB,LIBSPU,0x800469A0,libscan-verbatim,REJECTED_UNREACHABLE,False,,KEEP,INFERRED,snd_PlaySe,asm/funcs glabel,"DEMOTED 2026-08-07 (ambiguous_resolutions.md; reproduced mechanically by manifest.py filter 1): island placement with zero j/jal callers and zero word-sized data refs — not a linked module. Wrong on the merits too: S_CB's single external ref is InterruptCallback, but the placed code calls func_80045510 (game text, arg 9). The fe40a52b wave applied _SpuCallback here; the addendum RESETs it back to func_800469A0"
0x80046B20,func_80046B20,snd_StopSystemSe_80046B20,,GsClearVcount;GsGetVcount,GS_008,LIBGS,0x80046B20,libscan-verbatim,REJECTED_UNREACHABLE,False,,KEEP,INFERRED,snd_StopSystemSe,asm/funcs glabel,"REJECT BOTH candidates 2026-08-07 (ambiguous_resolutions.md; reproduced mechanically by manifest.py filter 1): zero j/jal callers and zero word-sized data refs anywhere in the image — a 9-word member defining only GsGetVcount cannot be pulled into a link by nothing; LIBGS is not linked at all (its 7 'placements' are all 4-9-word stubs with 8-23 candidate addresses). This is BB2's own dead one-liner x(){return GetRCnt(RCntCNT1);}, byte-identical to Sony's because it is the same one-liner. Keep snd_StopSystemSe (src/sound.c:238)"
0x80078948,bios_Exec,,Exec,Exec,C67,LIBAPI,0x80078948,libscan-verbatim,CONTRADICTED,True,,KEEP,CORROBORATED,bios_Exec,asm/funcs glabel,
0x80078958,bios__bu_init_A0,,_bu_init,_bu_init,C112,LIBAPI,0x80078958,libscan-verbatim,CONTRADICTED,True,,KEEP,CORROBORATED,bios__bu_init_A0,asm/funcs glabel,
0x80078968,bios_SetMem,,SetMem,SetMem,C159,LIBAPI,0x80078968,libscan-verbatim,CONTRADICTED,True,,KEEP,CORROBORATED,bios_SetMem,asm/funcs glabel,
0x80078978,bios_OpenEvent,,OpenEvent,OpenEvent,A08,LIBAPI,0x80078978,libscan-verbatim,CONTRADICTED,True,,KEEP,CORROBORATED,bios_OpenEvent,asm/funcs glabel,
0x80078988,bios_CloseEvent,,CloseEvent,CloseEvent,A09,LIBAPI,0x80078988,libscan-verbatim,CONTRADICTED,True,,KEEP,CORROBORATED,bios_CloseEvent,asm/funcs glabel,
0x80078998,bios_TestEvent,,TestEvent,TestEvent,A11,LIBAPI,0x80078998,libscan-verbatim,CONTRADICTED,True,,KEEP,CORROBORATED,bios_TestEvent,asm/funcs glabel,
0x800789A8,bios_EnableEvent,,EnableEvent,EnableEvent,A12,LIBAPI,0x800789A8,libscan-verbatim,CONTRADICTED,True,,KEEP,CORROBORATED,bios_EnableEvent,asm/funcs glabel,
0x800789B8,EnterCriticalSection,,EnterCriticalSection,EnterCriticalSection,A36,LIBAPI,0x800789B8,libscan-verbatim,CONFIRM,True,,KEEP,VERIFIED,EnterCriticalSection,asm/funcs glabel,
0x800789C8,ExitCriticalSection,,ExitCriticalSection,ExitCriticalSection,A37,LIBAPI,0x800789C8,libscan-verbatim,CONFIRM,True,,KEEP,VERIFIED,ExitCriticalSection,asm/funcs glabel,
0x800789D8,func_800789D8,cpu_set_or_clear_move_flag_800789D8,SetSp,SetSp,A39,LIBAPI,0x800789D8,libscan-verbatim,CONTRADICTED_ALIAS,True,,KEEP,INFERRED,cpu_set_or_clear_move_flag,asm/funcs glabel,contradicting live alias(es): cpu_set_or_clear_move_flag_800789D8
0x800789E8,bios_FileOpen_B,,open,open,A50,LIBAPI,0x800789E8,libscan-verbatim,CONTRADICTED,True,,KEEP,CORROBORATED,bios_FileOpen_B,asm/funcs glabel,
0x800789F8,bios_FileRead_B,,read,read,A52,LIBAPI,0x800789F8,libscan-verbatim,CONTRADICTED,True,,KEEP,CORROBORATED,bios_FileRead_B,asm/funcs glabel,
0x80078A08,bios_FileWrite_B,,write,write,A53,LIBAPI,0x80078A08,libscan-verbatim,CONTRADICTED,True,,KEEP,CORROBORATED,bios_FileWrite_B,asm/funcs glabel,
0x80078A18,bios_FileClose_B,,close,close,A54,LIBAPI,0x80078A18,libscan-verbatim,CONTRADICTED,True,,KEEP,CORROBORATED,bios_FileClose_B,asm/funcs glabel,
0x80078A28,bios_FormatDevice_B,,format,format,A65,LIBAPI,0x80078A28,libscan-verbatim,CONTRADICTED,True,,KEEP,CORROBORATED,bios_FormatDevice_B,asm/funcs glabel,
0x80078A38,bios_firstfile_B,,firstfile,firstfile,A66,LIBAPI,0x80078A38,libscan-verbatim,CONTRADICTED,True,,KEEP,CORROBORATED,bios_firstfile_B,asm/funcs glabel,
0x80078A48,bios_nextfile_B,,nextfile,nextfile,A67,LIBAPI,0x80078A48,libscan-verbatim,CONTRADICTED,True,,KEEP,CORROBORATED,bios_nextfile_B,asm/funcs glabel,
0x80078A58,bios_ChangeClearPad,,ChangeClearPAD,ChangeClearPAD,A91,LIBAPI,0x80078A58,libscan-verbatim,CONTRADICTED,True,,KEEP,CORROBORATED,bios_ChangeClearPad,asm/funcs glabel,
0x80078A68,func_80078A68,irq_event_slot_configure,SetRCnt,SetRCnt,COUNTER,LIBAPI,0x80078A68,libscan-verbatim,CONTRADICTED_ALIAS,True,,KEEP,INFERRED,irq_event_slot_configure,asm/funcs glabel,contradicting live alias(es): irq_event_slot_configure
0x80078B04,func_80078B04,irq_event_slot_read,GetRCnt,GetRCnt,COUNTER,LIBAPI,0x80078A68,libscan-verbatim,CONTRADICTED_ALIAS,True,,KEEP,INFERRED,irq_event_slot_read,asm/funcs glabel,contradicting live alias(es): irq_event_slot_read
0x80078B3C,func_80078B3C,irq_event_slot_enable,StartRCnt,StartRCnt,COUNTER,LIBAPI,0x80078A68,libscan-verbatim,CONTRADICTED_ALIAS,True,,KEEP,INFERRED,irq_event_slot_enable,asm/funcs glabel,contradicting live alias(es): irq_event_slot_enable
0x80078B70,func_80078B70,irq_event_slot_disable,StopRCnt,StopRCnt,COUNTER,LIBAPI,0x80078A68,libscan-verbatim,CONTRADICTED_ALIAS,True,,KEEP,INFERRED,irq_event_slot_disable,asm/funcs glabel,contradicting live alias(es): irq_event_slot_disable
0x80078BA8,func_80078BA8,irq_event_slot_clear,ResetRCnt,ResetRCnt,COUNTER,LIBAPI,0x80078A68,libscan-verbatim,CONTRADICTED_ALIAS,True,,KEEP,INFERRED,irq_event_slot_clear,asm/funcs glabel,contradicting live alias(es): irq_event_slot_clear
0x80078BE0,func_80078BE0,set_global_80078BE0,SetInitPadFlag,SetInitPadFlag,PAD,LIBAPI,0x80078BE0,libscan-verbatim,CONTRADICTED_ALIAS,True,,KEEP,INFERRED,set_global,asm/funcs glabel,contradicting live alias(es): set_global_80078BE0
0x80078BF0,func_80078BF0,get_global_80078BF0,ReadInitPadFlag,ReadInitPadFlag,PAD,LIBAPI,0x80078BE0,libscan-verbatim,CONTRADICTED_ALIAS,True,,KEEP,INFERRED,get_global,asm/funcs glabel,contradicting live alias(es): get_global_80078BF0
0x80078C00,func_80078C00,bios_helper_80078C00,PAD_init,PAD_init,PAD,LIBAPI,0x80078BE0,libscan-verbatim,CONTRADICTED_ALIAS,True,,KEEP,INFERRED,bios_helper,asm/funcs glabel,contradicting live alias(es): bios_helper_80078C00
0x80078C9C,func_80078C9C,bios_helper_80078C9C,InitPAD,InitPAD,PAD,LIBAPI,0x80078BE0,libscan-verbatim,CONTRADICTED_ALIAS,True,,KEEP,INFERRED,bios_helper,asm/funcs glabel,contradicting live alias(es): bios_helper_80078C9C
0x80078D38,func_80078D38,bios_helper_80078D38,StartPAD,StartPAD,PAD,LIBAPI,0x80078BE0,libscan-verbatim,CONTRADICTED_ALIAS,True,,KEEP,INFERRED,bios_helper,asm/funcs glabel,contradicting live alias(es): bios_helper_80078D38
0x80078D68,func_80078D68,,StopPAD,StopPAD,PAD,LIBAPI,0x80078BE0,libscan-verbatim,FILL,True,,RESET,SUSPECT,pad_Init,asm/funcs glabel,
0x80078DA0,func_80078DA0,bios_helper_80078DA0,,SetPatchPad,PAD,LIBAPI,0x80078BE0,libscan-verbatim,MODULE_LOCAL_STATIC,True,,KEEP,INFERRED,bios_helper,asm/funcs glabel,"OBJ local symbol SetPatchPad (module-local static, NOT an exported name); propose nothing"
0x80078E20,func_80078E20,pad_interrupt_dequeue_80078E20,,RemovePatchPad,PAD,LIBAPI,0x80078BE0,libscan-verbatim,MODULE_LOCAL_STATIC,True,,KEEP,INFERRED,pad_interrupt_dequeue,asm/funcs glabel,"OBJ local symbol RemovePatchPad (module-local static, NOT an exported name); propose nothing"
0x80078E58,func_80078E58,,,_Pad1,PAD,LIBAPI,0x80078BE0,libscan-verbatim,MODULE_LOCAL_STATIC,True,,KEEP,AUTO,func_80078E58,asm/funcs glabel,"OBJ local symbol _Pad1 (module-local static, NOT an exported name); propose nothing"
0x80078EC0,func_80078EC0,get_field0x4_80078EC0,,_IsVSync,PAD,LIBAPI,0x80078BE0,libscan-verbatim,MODULE_LOCAL_STATIC,True,,KEEP,INFERRED,get_field0x4,asm/funcs glabel,"OBJ local symbol _IsVSync (module-local static, NOT an exported name); propose nothing"
0x80078F00,bios_InitPad,,InitPAD2,InitPAD2,A18,LIBAPI,0x80078F00,libscan-verbatim,CONTRADICTED,True,,KEEP,CORROBORATED,bios_InitPad,asm/funcs glabel,
0x80078F10,bios_StartPad,,StartPAD2,StartPAD2,A19,LIBAPI,0x80078F10,libscan-verbatim,CONTRADICTED,True,,KEEP,CORROBORATED,bios_StartPad,asm/funcs glabel,
0x80078F20,bios_StopPad,,StopPAD2,StopPAD2,A20,LIBAPI,0x80078F20,libscan-verbatim,CONTRADICTED,True,,KEEP,CORROBORATED,bios_StopPad,asm/funcs glabel,
0x80078F30,bios_OutdatedPadInitAndStart,,PAD_init2,PAD_init2,A21,LIBAPI,0x80078F30,libscan-verbatim,CONTRADICTED,True,,KEEP,CORROBORATED,bios_OutdatedPadInitAndStart,asm/funcs glabel,
0x80078F40,bios_SysEnqIntRP,,SysEnqIntRP,SysEnqIntRP,L02,LIBAPI,0x80078F40,libscan-verbatim,CONTRADICTED,True,,KEEP,CORROBORATED,bios_SysEnqIntRP,asm/funcs glabel,
0x80078F50,bios_SysDeqIntRP,,SysDeqIntRP,SysDeqIntRP,L03,LIBAPI,0x80078F50,libscan-verbatim,CONTRADICTED,True,,KEEP,CORROBORATED,bios_SysDeqIntRP,asm/funcs glabel,
0x80078F60,func_80078F60,get_global_80078F60,EnablePAD,EnablePAD,PATCH,LIBAPI,0x80078F60,libscan-verbatim,CONTRADICTED_ALIAS,True,,KEEP,INFERRED,get_global,asm/funcs glabel,contradicting live alias(es): get_global_80078F60
0x80078F74,func_80078F74,pad_state_dispatch_wrapper_80078F74,DisablePAD,DisablePAD,PATCH,LIBAPI,0x80078F60,libscan-verbatim,CONTRADICTED_ALIAS,True,,KEEP,INFERRED,pad_state_dispatch_wrapper,asm/funcs glabel,contradicting live alias(es): pad_state_dispatch_wrapper_80078F74
0x80078F88,func_80078F88,bios_SetupJumpTbl_80078F88,_patch_pad,_patch_pad,PATCH,LIBAPI,0x80078F60,libscan-verbatim,CONTRADICTED_ALIAS,True,,KEEP,INFERRED,bios_SetupJumpTbl,asm/funcs glabel,contradicting live alias(es): bios_SetupJumpTbl_80078F88
0x80078FF0,func_80078FF0,copy_80078FF0,FlushCache,FlushCache,C68,LIBAPI,0x80078FF0,libscan-verbatim,CONTRADICTED_ALIAS,True,,KEEP,INFERRED,copy,asm/funcs glabel,contradicting live alias(es): copy_80078FF0
0x80079028,func_80079028,bios_PatchTable_80079028,_send_pad,_send_pad,SENDPAD,LIBAPI,0x80079000,libscan-verbatim,CONTRADICTED_ALIAS,True,,KEEP,INFERRED,bios_PatchTable,asm/funcs glabel,contradicting live alias(es): bios_PatchTable_80079028
0x800790A4,func_800790A4,stub_800790A4,,,SENDPAD,LIBAPI,0x80079000,libscan-verbatim,IN_SPAN_NO_SYMBOL,True,,KEEP,INFERRED,stub,asm/funcs glabel,inside LIBAPI/SENDPAD but carries no OBJ symbol at its entry
0x800790C0,func_800790C0,bios_ClearTable_800790C0,_remove_ChgclrPAD,_remove_ChgclrPAD,CHCLRPAD,LIBAPI,0x800790C0,libscan-verbatim,CONTRADICTED_ALIAS,True,,KEEP,INFERRED,bios_ClearTable,asm/funcs glabel,contradicting live alias(es): bios_ClearTable_800790C0
0x80079120,bb2_memcpy,,memcpy,memcpy,MEMCPY,LIBC2,0x80079120,libscan-verbatim,CONTRADICTED,True,,KEEP,CORROBORATED,bb2_memcpy,asm/funcs glabel,
0x80079154,func_80079154,bb2_rand,rand,rand,RAND,LIBC2,0x80079154,libscan-verbatim,CONTRADICTED_ALIAS,True,,KEEP,INFERRED,bb2_rand,asm/funcs glabel,contradicting live alias(es): bb2_rand
0x80079184,func_80079184,bb2_srand_80079184,srand,srand,RAND,LIBC2,0x80079154,libscan-verbatim,CONTRADICTED_ALIAS,True,,KEEP,INFERRED,bb2_srand,asm/funcs glabel,contradicting live alias(es): bb2_srand_80079184
0x80079194,func_80079194,,strcpy,strcpy,STRCPY,LIBC2,0x80079194,libscan-verbatim,FILL,True,,KEEP,AUTO,func_80079194,asm/funcs glabel,
0x800791D8,func_800791D8,dispsleepmenutex_helper_800791D8,strlen,strlen,STRLEN,LIBC2,0x800791D8,libscan-verbatim,CONTRADICTED_ALIAS,True,,KEEP,INFERRED,dispsleepmenutex_helper,asm/funcs glabel,contradicting live alias(es): dispsleepmenutex_helper_800791D8
0x80079208,debug_printf,,printf,printf,PRINTF,LIBC2,0x80079208,libscan-verbatim,CONTRADICTED,True,,KEEP,INFERRED,debug_printf,asm/funcs glabel,
0x80079244,func_80079244,debug_printf_helper_80079244,prnt,prnt,PRNT,LIBC2,0x80079244,libscan-verbatim,CONTRADICTED_ALIAS,True,yes:active,KEEP,INFERRED,debug_printf_helper,asm/funcs glabel,contradicting live alias(es): debug_printf_helper_80079244
0x800798CC,func_800798CC,bb2_toupper,toupper,toupper,CTYPE,LIBC2,0x800798CC,libscan-verbatim,CONTRADICTED_ALIAS,True,,KEEP,INFERRED,bb2_toupper,asm/funcs glabel,contradicting live alias(es): bb2_toupper
0x800798FC,func_800798FC,bb2_tolower,tolower,tolower,CTYPE,LIBC2,0x800798CC,libscan-verbatim,CONTRADICTED_ALIAS,True,,KEEP,INFERRED,bb2_tolower,asm/funcs glabel,contradicting live alias(es): bb2_tolower
0x8007992C,func_8007992C,bb2_memchr,memchr,memchr,MEMCHR,LIBC2,0x8007992C,libscan-verbatim,CONTRADICTED_ALIAS,True,,KEEP,INFERRED,bb2_memchr,asm/funcs glabel,contradicting live alias(es): bb2_memchr
0x8007997C,func_8007997C,bb2_putchar_stdout,putchar,putchar,PUTCHAR,LIBC2,0x8007997C,libscan-verbatim,CONTRADICTED_ALIAS,True,,KEEP,INFERRED,bb2_putchar_stdout,asm/funcs glabel,contradicting live alias(es): bb2_putchar_stdout
0x80079A30,func_80079A30,dispsleepmenutex_helper_80079A30,sprintf,sprintf,SPRINTF,LIBC,0x80079A30,libscan-verbatim,CONTRADICTED_ALIAS,True,yes:active,KEEP,INFERRED,dispsleepmenutex_helper,asm/funcs glabel,contradicting live alias(es): dispsleepmenutex_helper_80079A30
0x8007A28C,func_8007A28C,,memmove,memmove,MEMMOVE,LIBC,0x8007A28C,libscan-verbatim,FILL,True,,KEEP,AUTO,func_8007A28C,asm/funcs glabel,
0x8007A2F8,bios_A0_0xAB_wrapper,,_card_info,_card_info,C171,LIBCARD,0x8007A2F8,libscan-verbatim,CONTRADICTED,True,,KEEP,CORROBORATED,bios_A0_0xAB_wrapper,asm/funcs glabel,
0x8007A308,bios_A0_0xAC_wrapper,,_card_load,_card_load,C172,LIBCARD,0x8007A308,libscan-verbatim,CONTRADICTED,True,,KEEP,CORROBORATED,bios_A0_0xAC_wrapper,asm/funcs glabel,
0x8007A318,func_8007A318,bios_helper_8007A318,_card_clear,_card_clear,CARD,LIBCARD,0x8007A318,libscan-verbatim,CONTRADICTED_ALIAS,True,,KEEP,INFERRED,bios_helper,asm/funcs glabel,contradicting live alias(es): bios_helper_8007A318
0x8007A350,bios__card_write,,_card_write,_card_write,A78,LIBCARD,0x8007A350,libscan-verbatim,CONTRADICTED,True,,KEEP,CORROBORATED,bios__card_write,asm/funcs glabel,
0x8007A360,bios__new_card,,_new_card,_new_card,A80,LIBCARD,0x8007A360,libscan-verbatim,CONTRADICTED,True,,KEEP,CORROBORATED,bios__new_card,asm/funcs glabel,
0x8007A370,func_8007A370,pad_press_control_init_8007A370,InitCARD,InitCARD,INIT,LIBCARD,0x8007A370,libscan-verbatim,CONTRADICTED_ALIAS,True,,KEEP,INFERRED,pad_press_control_init,asm/funcs glabel,contradicting live alias(es): pad_press_control_init_8007A370
0x8007A3C8,func_8007A3C8,pad_press_control_start_8007A3C8,StartCARD,StartCARD,INIT,LIBCARD,0x8007A370,libscan-verbatim,CONTRADICTED_ALIAS,True,,KEEP,INFERRED,pad_press_control_start,asm/funcs glabel,contradicting live alias(es): pad_press_control_start_8007A3C8
0x8007A400,func_8007A400,,StopCARD,StopCARD,INIT,LIBCARD,0x8007A370,libscan-verbatim,FILL,True,,KEEP,AUTO,func_8007A400,asm/funcs glabel,
0x8007A428,bios_InitCard,,InitCARD2,InitCARD2,A74,LIBCARD,0x8007A428,libscan-verbatim,CONTRADICTED,True,,KEEP,CORROBORATED,bios_InitCard,asm/funcs glabel,
0x8007A438,bios_StartCard,,StartCARD2,StartCARD2,A75,LIBCARD,0x8007A438,libscan-verbatim,CONTRADICTED,True,,KEEP,CORROBORATED,bios_StartCard,asm/funcs glabel,
0x8007A448,bios_StopCard,,StopCARD2,StopCARD2,A76,LIBCARD,0x8007A448,libscan-verbatim,CONTRADICTED,True,,KEEP,CORROBORATED,bios_StopCard,asm/funcs glabel,
0x8007A458,func_8007A458,bios_PatchTable_8007A458,_ExitCard,_ExitCard,END,LIBCARD,0x8007A458,libscan-verbatim,CONTRADICTED_ALIAS,True,,KEEP,INFERRED,bios_PatchTable,asm/funcs glabel,contradicting live alias(es): bios_PatchTable_8007A458
0x8007A4D8,func_8007A4D8,gpu_LoadTexture_8007A4D8,LoadTPage,LoadTPage,EXT,LIBGPU,0x8007A4D8,libscan-verbatim,CONTRADICTED_ALIAS,True,,KEEP,INFERRED,gpu_LoadTexture,asm/funcs glabel,contradicting live alias(es): gpu_LoadTexture_8007A4D8
0x8007A5C4,func_8007A5C4,,LoadClut,LoadClut,EXT,LIBGPU,0x8007A4D8,libscan-verbatim,FILL,True,,RESET,SUSPECT,suDraw2DLib_8007A5C4,asm/funcs glabel,
0x8007A62C,func_8007A62C,,LoadClut2,LoadClut2,EXT,LIBGPU,0x8007A4D8,libscan-verbatim,FILL,True,,RESET,SUSPECT,suDraw2DLib_8007A62C,asm/funcs glabel,
0x8007A694,func_8007A694,gpu_InitDrawEnv_8007A694;gpu_InitDrawEnv,SetDefDrawEnv,SetDefDrawEnv,EXT,LIBGPU,0x8007A4D8,libscan-verbatim,CONTRADICTED_ALIAS,True,,KEEP,INFERRED,gpu_InitDrawEnv,asm/funcs glabel,contradicting live alias(es): gpu_InitDrawEnv_8007A694;gpu_InitDrawEnv
0x8007A74C,func_8007A74C,gpu_InitDispEnv_8007A74C;gpu_InitDispEnv,SetDefDispEnv,SetDefDispEnv,EXT,LIBGPU,0x8007A4D8,libscan-verbatim,CONTRADICTED_ALIAS,True,,KEEP,INFERRED,gpu_InitDispEnv,asm/funcs glabel,contradicting live alias(es): gpu_InitDispEnv_8007A74C;gpu_InitDispEnv
0x8007A788,func_8007A788,gpu_CalcTPage_8007A788;gpu_CalcTPage,GetTPage,GetTPage,PRIM,LIBGPU,0x8007A788,libscan-verbatim,CONTRADICTED_ALIAS,True,,KEEP,INFERRED,gpu_CalcTPage,asm/funcs glabel,contradicting live alias(es): gpu_CalcTPage_8007A788;gpu_CalcTPage
0x8007A7C4,func_8007A7C4,gpu_CalcClut_8007A7C4;gpu_CalcClut,GetClut,GetClut,PRIM,LIBGPU,0x8007A788,libscan-verbatim,CONTRADICTED_ALIAS,True,,KEEP,INFERRED,gpu_CalcClut,asm/funcs glabel,contradicting live alias(es): gpu_CalcClut_8007A7C4;gpu_CalcClut
0x8007A7DC,func_8007A7DC,gpu_DebugTPage_8007A7DC,DumpTPage,DumpTPage,PRIM,LIBGPU,0x8007A788,libscan-verbatim,CONTRADICTED_ALIAS,True,,KEEP,INFERRED,gpu_DebugTPage,asm/funcs glabel,contradicting live alias(es): gpu_DebugTPage_8007A7DC
0x8007A83C,func_8007A83C,gpu_DebugClut_8007A83C,DumpClut,DumpClut,PRIM,LIBGPU,0x8007A788,libscan-verbatim,CONTRADICTED_ALIAS,True,,KEEP,INFERRED,gpu_DebugClut,asm/funcs glabel,contradicting live alias(es): gpu_DebugClut_8007A83C
0x8007A87C,func_8007A87C,,NextPrim,NextPrim,PRIM,LIBGPU,0x8007A788,libscan-verbatim,FILL,True,,RESET,SUSPECT,tslSmdSendVu1Code_8007A87C,asm/funcs glabel,
0x8007A898,func_8007A898,,IsEndPrim,IsEndPrim,PRIM,LIBGPU,0x8007A788,libscan-verbatim,FILL,True,,RESET,SUSPECT,tslSmdSendVu1Code_8007A898,asm/funcs glabel,
0x8007A8B4,func_8007A8B4,ot_Link_8007A8B4;ot_Link,AddPrim,AddPrim,PRIM,LIBGPU,0x8007A788,libscan-verbatim,CONTRADICTED_ALIAS,True,,KEEP,INFERRED,ot_Link,asm/funcs glabel,contradicting live alias(es): ot_Link_8007A8B4;ot_Link
0x8007A8F0,func_8007A8F0,ot_Insert_8007A8F0,AddPrims,AddPrims,PRIM,LIBGPU,0x8007A788,libscan-verbatim,CONTRADICTED_ALIAS,True,,KEEP,INFERRED,ot_Insert,asm/funcs glabel,contradicting live alias(es): ot_Insert_8007A8F0
0x8007A92C,func_8007A92C,ot_SetAddr_8007A92C,CatPrim,CatPrim,PRIM,LIBGPU,0x8007A788,libscan-verbatim,CONTRADICTED_ALIAS,True,,KEEP,INFERRED,ot_SetAddr,asm/funcs glabel,contradicting live alias(es): ot_SetAddr_8007A92C
0x8007A950,func_8007A950,ot_SetEnd_8007A950,TermPrim,TermPrim,PRIM,LIBGPU,0x8007A788,libscan-verbatim,CONTRADICTED_ALIAS,True,,KEEP,INFERRED,ot_SetEnd,asm/funcs glabel,contradicting live alias(es): ot_SetEnd_8007A950
0x8007A968,func_8007A968,gpu_SetSemiTransp_8007A968;gpu_SetSemiTransp,SetSemiTrans,SetSemiTrans,PRIM,LIBGPU,0x8007A788,libscan-verbatim,CONTRADICTED_ALIAS,True,,KEEP,INFERRED,gpu_SetSemiTransp,asm/funcs glabel,contradicting live alias(es): gpu_SetSemiTransp_8007A968;gpu_SetSemiTransp
0x8007A990,func_8007A990,gpu_SetRawTexture_8007A990,SetShadeTex,SetShadeTex,PRIM,LIBGPU,0x8007A788,libscan-verbatim,CONTRADICTED_ALIAS,True,,KEEP,INFERRED,gpu_SetRawTexture,asm/funcs glabel,contradicting live alias(es): gpu_SetRawTexture_8007A990
0x8007A9B8,func_8007A9B8,initPolyF3_8007A9B8,SetPolyF3,SetPolyF3,PRIM,LIBGPU,0x8007A788,libscan-verbatim,CONTRADICTED_ALIAS,True,,KEEP,CORROBORATED,initPolyF3,asm/funcs glabel,contradicting live alias(es): initPolyF3_8007A9B8
0x8007A9CC,func_8007A9CC,initPolyFT3_8007A9CC,SetPolyFT3,SetPolyFT3,PRIM,LIBGPU,0x8007A788,libscan-verbatim,CONTRADICTED_ALIAS,True,,KEEP,CORROBORATED,initPolyFT3,asm/funcs glabel,contradicting live alias(es): initPolyFT3_8007A9CC
0x8007A9E0,func_8007A9E0,initPolyG3_8007A9E0,SetPolyG3,SetPolyG3,PRIM,LIBGPU,0x8007A788,libscan-verbatim,CONTRADICTED_ALIAS,True,,KEEP,CORROBORATED,initPolyG3,asm/funcs glabel,contradicting live alias(es): initPolyG3_8007A9E0
0x8007A9F4,func_8007A9F4,initPolyGT3_8007A9F4,SetPolyGT3,SetPolyGT3,PRIM,LIBGPU,0x8007A788,libscan-verbatim,CONTRADICTED_ALIAS,True,,KEEP,CORROBORATED,initPolyGT3,asm/funcs glabel,contradicting live alias(es): initPolyGT3_8007A9F4
0x8007AA08,func_8007AA08,initPolyF4_8007AA08,SetPolyF4,SetPolyF4,PRIM,LIBGPU,0x8007A788,libscan-verbatim,CONTRADICTED_ALIAS,True,,KEEP,CORROBORATED,initPolyF4,asm/funcs glabel,contradicting live alias(es): initPolyF4_8007AA08
0x8007AA1C,func_8007AA1C,initPolyFT4_8007AA1C,SetPolyFT4,SetPolyFT4,PRIM,LIBGPU,0x8007A788,libscan-verbatim,CONTRADICTED_ALIAS,True,,KEEP,CORROBORATED,initPolyFT4,asm/funcs glabel,contradicting live alias(es): initPolyFT4_8007AA1C
0x8007AA30,func_8007AA30,initPolyG4_8007AA30;initPolyG4,SetPolyG4,SetPolyG4,PRIM,LIBGPU,0x8007A788,libscan-verbatim,CONTRADICTED_ALIAS,True,,KEEP,CORROBORATED,initPolyG4,asm/funcs glabel,contradicting live alias(es): initPolyG4_8007AA30;initPolyG4
0x8007AA44,func_8007AA44,initPolyGT4_8007AA44,SetPolyGT4,SetPolyGT4,PRIM,LIBGPU,0x8007A788,libscan-verbatim,CONTRADICTED_ALIAS,True,,KEEP,CORROBORATED,initPolyGT4,asm/funcs glabel,contradicting live alias(es): initPolyGT4_8007AA44
0x8007AA58,func_8007AA58,initSprt8_8007AA58,SetSprt8,SetSprt8,PRIM,LIBGPU,0x8007A788,libscan-verbatim,CONTRADICTED_ALIAS,True,,KEEP,CORROBORATED,initSprt8,asm/funcs glabel,contradicting live alias(es): initSprt8_8007AA58
0x8007AA6C,func_8007AA6C,initSprt16_8007AA6C,SetSprt16,SetSprt16,PRIM,LIBGPU,0x8007A788,libscan-verbatim,CONTRADICTED_ALIAS,True,,KEEP,CORROBORATED,initSprt16,asm/funcs glabel,contradicting live alias(es): initSprt16_8007AA6C
0x8007AA80,func_8007AA80,initSprt_8007AA80,SetSprt,SetSprt,PRIM,LIBGPU,0x8007A788,libscan-verbatim,CONTRADICTED_ALIAS,True,,KEEP,CORROBORATED,initSprt,asm/funcs glabel,contradicting live alias(es): initSprt_8007AA80
0x8007AA94,func_8007AA94,initTile1_8007AA94,SetTile1,SetTile1,PRIM,LIBGPU,0x8007A788,libscan-verbatim,CONTRADICTED_ALIAS,True,,KEEP,CORROBORATED,initTile1,asm/funcs glabel,contradicting live alias(es): initTile1_8007AA94
0x8007AAA8,func_8007AAA8,initTile8_8007AAA8,SetTile8,SetTile8,PRIM,LIBGPU,0x8007A788,libscan-verbatim,CONTRADICTED_ALIAS,True,,KEEP,CORROBORATED,initTile8,asm/funcs glabel,contradicting live alias(es): initTile8_8007AAA8
0x8007AABC,func_8007AABC,initTile16_8007AABC,SetTile16,SetTile16,PRIM,LIBGPU,0x8007A788,libscan-verbatim,CONTRADICTED_ALIAS,True,,KEEP,CORROBORATED,initTile16,asm/funcs glabel,contradicting live alias(es): initTile16_8007AABC
0x8007AAD0,func_8007AAD0,initTile_8007AAD0;initTile,SetTile,SetTile,PRIM,LIBGPU,0x8007A788,libscan-verbatim,CONTRADICTED_ALIAS,True,,KEEP,CORROBORATED,initTile,asm/funcs glabel,contradicting live alias(es): initTile_8007AAD0;initTile
0x8007AAE4,func_8007AAE4,initLineF2_8007AAE4,SetLineF2,SetLineF2,PRIM,LIBGPU,0x8007A788,libscan-verbatim,CONTRADICTED_ALIAS,True,,KEEP,CORROBORATED,initLineF2,asm/funcs glabel,contradicting live alias(es): initLineF2_8007AAE4
0x8007AAF8,func_8007AAF8,initLineG2_8007AAF8,SetLineG2,SetLineG2,PRIM,LIBGPU,0x8007A788,libscan-verbatim,CONTRADICTED_ALIAS,True,,KEEP,CORROBORATED,initLineG2,asm/funcs glabel,contradicting live alias(es): initLineG2_8007AAF8
0x8007AB0C,func_8007AB0C,initPolyF3_dither_8007AB0C,SetLineF3,SetLineF3,PRIM,LIBGPU,0x8007A788,libscan-verbatim,CONTRADICTED_ALIAS,True,,KEEP,CORROBORATED,initPolyF3_dither,asm/funcs glabel,contradicting live alias(es): initPolyF3_dither_8007AB0C
0x8007AB2C,func_8007AB2C,initPolyG3_dither_8007AB2C,SetLineG3,SetLineG3,PRIM,LIBGPU,0x8007A788,libscan-verbatim,CONTRADICTED_ALIAS,True,,KEEP,CORROBORATED,initPolyG3_dither,asm/funcs glabel,contradicting live alias(es): initPolyG3_dither_8007AB2C
0x8007AB4C,func_8007AB4C,initPolyF4_dither_8007AB4C,SetLineF4,SetLineF4,PRIM,LIBGPU,0x8007A788,libscan-verbatim,CONTRADICTED_ALIAS,True,,KEEP,CORROBORATED,initPolyF4_dither,asm/funcs glabel,contradicting live alias(es): initPolyF4_dither_8007AB4C
0x8007AB6C,func_8007AB6C,initPolyG4_dither_8007AB6C,SetLineG4,SetLineG4,PRIM,LIBGPU,0x8007A788,libscan-verbatim,CONTRADICTED_ALIAS,True,,KEEP,CORROBORATED,initPolyG4_dither,asm/funcs glabel,contradicting live alias(es): initPolyG4_dither_8007AB6C
0x8007AB8C,func_8007AB8C,initDrawMode_8007AB8C,SetDrawTPage,SetDrawTPage,PRIM,LIBGPU,0x8007A788,libscan-verbatim,CONTRADICTED_ALIAS,True,,KEEP,INFERRED,initDrawMode,asm/funcs glabel,contradicting live alias(es): initDrawMode_8007AB8C
0x8007ABB8,func_8007ABB8,initLoadImage_8007ABB8;initLoadImage,SetDrawMove,SetDrawMove,PRIM,LIBGPU,0x8007A788,libscan-verbatim,CONTRADICTED_ALIAS,True,,KEEP,INFERRED,initLoadImage,asm/funcs glabel,contradicting live alias(es): initLoadImage_8007ABB8;initLoadImage
0x8007AC18,func_8007AC18,initStoreImage_8007AC18,SetDrawLoad,SetDrawLoad,PRIM,LIBGPU,0x8007A788,libscan-verbatim,CONTRADICTED_ALIAS,True,,KEEP,INFERRED,initStoreImage,asm/funcs glabel,contradicting live alias(es): initStoreImage_8007AC18
0x8007AC84,func_8007AC84,gpu_CatPacket_8007AC84,MargePrim,MargePrim,PRIM,LIBGPU,0x8007A788,libscan-verbatim,CONTRADICTED_ALIAS,True,,KEEP,INFERRED,gpu_CatPacket,asm/funcs glabel,contradicting live alias(es): gpu_CatPacket_8007AC84
0x8007ACBC,func_8007ACBC,gpu_DebugDispEnv_8007ACBC,DumpDrawEnv,DumpDrawEnv,PRIM,LIBGPU,0x8007A788,libscan-verbatim,CONTRADICTED_ALIAS,True,,KEEP,INFERRED,gpu_DebugDispEnv,asm/funcs glabel,contradicting live alias(es): gpu_DebugDispEnv_8007ACBC
0x8007ADD0,func_8007ADD0,gpu_DebugDrawEnv_8007ADD0,DumpDispEnv,DumpDispEnv,PRIM,LIBGPU,0x8007A788,libscan-verbatim,CONTRADICTED_ALIAS,True,,KEEP,INFERRED,gpu_DebugDrawEnv,asm/funcs glabel,contradicting live alias(es): gpu_DebugDrawEnv_8007ADD0
0x8007AE7C,func_8007AE7C,gpu_SetMode_8007AE7C,ResetGraph,ResetGraph,SYS,LIBGPU,0x8007AE7C,libscan-verbatim,CONTRADICTED_ALIAS,True,,KEEP,INFERRED,gpu_SetMode,asm/funcs glabel,contradicting live alias(es): gpu_SetMode_8007AE7C
0x8007B000,func_8007B000,gpu_SetDither_8007B000,SetGraphReverse,SetGraphReverse,SYS,LIBGPU,0x8007AE7C,libscan-verbatim,CONTRADICTED_ALIAS,True,,KEEP,INFERRED,gpu_SetDither,asm/funcs glabel,contradicting live alias(es): gpu_SetDither_8007B000
0x8007B114,func_8007B114,gpu_SetDebugLevel_8007B114;gpu_SetDebugLevel,SetGraphDebug,SetGraphDebug,SYS,LIBGPU,0x8007AE7C,libscan-verbatim,CONTRADICTED_ALIAS,True,,KEEP,INFERRED,gpu_SetDebugLevel,asm/funcs glabel,contradicting live alias(es): gpu_SetDebugLevel_8007B114;gpu_SetDebugLevel
0x8007B178,func_8007B178,gpu_SetInterlace_8007B178,SetGraphQueue,SetGraphQueue,SYS,LIBGPU,0x8007AE7C,libscan-verbatim,CONTRADICTED_ALIAS,True,,KEEP,INFERRED,gpu_SetInterlace,asm/funcs glabel,contradicting live alias(es): gpu_SetInterlace_8007B178
0x8007B224,func_8007B224,gpu_GetType_8007B224,GetGraphType,GetGraphType,SYS,LIBGPU,0x8007AE7C,libscan-verbatim,CONTRADICTED_ALIAS,True,,KEEP,INFERRED,gpu_GetType,asm/funcs glabel,contradicting live alias(es): gpu_GetType_8007B224
0x8007B234,func_8007B234,gpu_GetDebugLevel_8007B234,GetGraphDebug,GetGraphDebug,SYS,LIBGPU,0x8007AE7C,libscan-verbatim,CONTRADICTED_ALIAS,True,,KEEP,INFERRED,gpu_GetDebugLevel,asm/funcs glabel,contradicting live alias(es): gpu_GetDebugLevel_8007B234
0x8007B244,func_8007B244,gpu_DrawSyncCallback,DrawSyncCallback,DrawSyncCallback,SYS,LIBGPU,0x8007AE7C,libscan-verbatim,CONTRADICTED_ALIAS,True,,KEEP,INFERRED,gpu_DrawSyncCallback,asm/funcs glabel,contradicting live alias(es): gpu_DrawSyncCallback
0x8007B2A0,gpu_SetDispMask,,SetDispMask,SetDispMask,SYS,LIBGPU,0x8007AE7C,libscan-verbatim,CONTRADICTED,True,,KEEP,VERIFIED,gpu_SetDispMask,asm/funcs glabel,
0x8007B33C,gpu_DrawSync,,DrawSync,DrawSync,SYS,LIBGPU,0x8007AE7C,libscan-verbatim,CONTRADICTED,True,,KEEP,VERIFIED,gpu_DrawSync,asm/funcs glabel,
0x8007B3A8,func_8007B3A8,gpu_DebugCheckRect,,checkRECT,SYS,LIBGPU,0x8007AE7C,libscan-verbatim,MODULE_LOCAL_STATIC,True,,KEEP,INFERRED,gpu_DebugCheckRect,asm/funcs glabel,"OBJ local symbol checkRECT (module-local static, NOT an exported name); propose nothing"
0x8007B4D0,func_8007B4D0,gpu_draw_color_prim_8007B4D0,ClearImage,ClearImage,SYS,LIBGPU,0x8007AE7C,libscan-verbatim,CONTRADICTED_ALIAS,True,,KEEP,INFERRED,gpu_draw_color_prim,asm/funcs glabel,contradicting live alias(es): gpu_draw_color_prim_8007B4D0
0x8007B564,func_8007B564,gpu_draw_color_prim_stp_8007B564,ClearImage2,ClearImage2,SYS,LIBGPU,0x8007AE7C,libscan-verbatim,CONTRADICTED_ALIAS,True,,KEEP,INFERRED,gpu_draw_color_prim_stp,asm/funcs glabel,contradicting live alias(es): gpu_draw_color_prim_stp_8007B564
0x8007B600,gpu_LoadImage,,LoadImage,LoadImage,SYS,LIBGPU,0x8007AE7C,libscan-verbatim,CONTRADICTED,True,,KEEP,VERIFIED,gpu_LoadImage,asm/funcs glabel,
0x8007B664,gpu_StoreImage,,StoreImage,StoreImage,SYS,LIBGPU,0x8007AE7C,libscan-verbatim,CONTRADICTED,True,,KEEP,VERIFIED,gpu_StoreImage,asm/funcs glabel,
0x8007B6C8,func_8007B6C8,gpu_MoveImage,MoveImage,MoveImage,SYS,LIBGPU,0x8007AE7C,libscan-verbatim,CONTRADICTED_ALIAS,True,yes:active,KEEP,INFERRED,gpu_MoveImage,asm/funcs glabel,contradicting live alias(es): gpu_MoveImage
0x8007B78C,gpu_ClearOTag,,ClearOTag,ClearOTag,SYS,LIBGPU,0x8007AE7C,libscan-verbatim,CONTRADICTED,True,,KEEP,VERIFIED,gpu_ClearOTag,asm/funcs glabel,
0x8007B844,func_8007B844,,ClearOTagR,ClearOTagR,SYS,LIBGPU,0x8007AE7C,libscan-verbatim,FILL,True,,KEEP,AUTO,func_8007B844,asm/funcs glabel,
0x8007B8DC,gpu_SendPacket,,DrawPrim,DrawPrim,SYS,LIBGPU,0x8007AE7C,libscan-verbatim,CONTRADICTED,True,,KEEP,INFERRED,gpu_SendPacket,asm/funcs glabel,
0x8007B93C,gpu_DrawOTag,,DrawOTag,DrawOTag,SYS,LIBGPU,0x8007AE7C,libscan-verbatim,CONTRADICTED,True,,KEEP,VERIFIED,gpu_DrawOTag,asm/funcs glabel,
0x8007B9B0,func_8007B9B0,gpu_copy_draw_packet_8007B9B0,PutDrawEnv,PutDrawEnv,SYS,LIBGPU,0x8007AE7C,libscan-verbatim,CONTRADICTED_ALIAS,True,,KEEP,INFERRED,gpu_copy_draw_packet,asm/funcs glabel,contradicting live alias(es): gpu_copy_draw_packet_8007B9B0
0x8007BAB4,func_8007BAB4,gpu_DrawOTagEnv,DrawOTagEnv,DrawOTagEnv,SYS,LIBGPU,0x8007AE7C,libscan-verbatim,CONTRADICTED_ALIAS,True,,KEEP,INFERRED,gpu_DrawOTagEnv,asm/funcs glabel,contradicting live alias(es): gpu_DrawOTagEnv
0x8007BBD0,gpu_GetDrawEnv,,GetDrawEnv,GetDrawEnv,SYS,LIBGPU,0x8007AE7C,libscan-verbatim,CONTRADICTED,True,,KEEP,INFERRED,gpu_GetDrawEnv,asm/funcs glabel,
0x8007BC08,func_8007BC08,cpu_copy_display_buffer_and_sync_8007BC08,PutDispEnv,PutDispEnv,SYS,LIBGPU,0x8007AE7C,libscan-verbatim,CONTRADICTED_ALIAS,True,yes:active,KEEP,INFERRED,cpu_copy_display_buffer_and_sync,asm/funcs glabel,contradicting live alias(es): cpu_copy_display_buffer_and_sync_8007BC08
0x8007C0B0,func_8007C0B0,gpu_GetDispEnv_8007C0B0,GetDispEnv,GetDispEnv,SYS,LIBGPU,0x8007AE7C,libscan-verbatim,CONTRADICTED_ALIAS,True,,KEEP,INFERRED,gpu_GetDispEnv,asm/funcs glabel,contradicting live alias(es): gpu_GetDispEnv_8007C0B0
0x8007C0E8,func_8007C0E8,gpu_IsDrawing_8007C0E8,GetODE,GetODE,SYS,LIBGPU,0x8007AE7C,libscan-verbatim,CONTRADICTED_ALIAS,True,,KEEP,INFERRED,gpu_IsDrawing,asm/funcs glabel,contradicting live alias(es): gpu_IsDrawing_8007C0E8
0x8007C118,func_8007C118,initClearImage_8007C118,SetTexWindow,SetTexWindow,SYS,LIBGPU,0x8007AE7C,libscan-verbatim,CONTRADICTED_ALIAS,True,,KEEP,INFERRED,initClearImage,asm/funcs glabel,contradicting live alias(es): initClearImage_8007C118
0x8007C154,func_8007C154,initDrawArea_8007C154,SetDrawArea,SetDrawArea,SYS,LIBGPU,0x8007AE7C,libscan-verbatim,CONTRADICTED_ALIAS,True,,KEEP,INFERRED,initDrawArea,asm/funcs glabel,contradicting live alias(es): initDrawArea_8007C154
0x8007C1D8,func_8007C1D8,initDrawOffset_8007C1D8,SetDrawOffset,SetDrawOffset,SYS,LIBGPU,0x8007AE7C,libscan-verbatim,CONTRADICTED_ALIAS,True,,KEEP,INFERRED,initDrawOffset,asm/funcs glabel,contradicting live alias(es): initDrawOffset_8007C1D8
0x8007C21C,func_8007C21C,initMaskBit_8007C21C,SetPriority,SetPriority,SYS,LIBGPU,0x8007AE7C,libscan-verbatim,CONTRADICTED_ALIAS,True,,KEEP,INFERRED,initMaskBit,asm/funcs glabel,contradicting live alias(es): initMaskBit_8007C21C
0x8007C248,func_8007C248,initTexPage_8007C248;initTexPage,SetDrawMode,SetDrawMode,SYS,LIBGPU,0x8007AE7C,libscan-verbatim,CONTRADICTED_ALIAS,True,,KEEP,INFERRED,initTexPage,asm/funcs glabel,contradicting live alias(es): initTexPage_8007C248;initTexPage
0x8007C2A0,func_8007C2A0,,SetDrawEnv,SetDrawEnv,SYS,LIBGPU,0x8007AE7C,libscan-verbatim,FILL,True,,KEEP,AUTO,func_8007C2A0,asm/funcs glabel,
0x8007C4B8,func_8007C4B8,gpu_helper_8007C4B8,,SetDrawEnv2,SYS,LIBGPU,0x8007AE7C,libscan-verbatim,MODULE_LOCAL_STATIC,True,,KEEP,INFERRED,gpu_helper,asm/funcs glabel,"OBJ local symbol SetDrawEnv2 (module-local static, NOT an exported name); propose nothing"
0x8007C748,func_8007C748,inittexpage_helper_8007C748,,get_mode,SYS,LIBGPU,0x8007AE7C,libscan-verbatim,MODULE_LOCAL_STATIC,True,,KEEP,INFERRED,inittexpage_helper,asm/funcs glabel,"OBJ local symbol get_mode (module-local static, NOT an exported name); propose nothing"
0x8007C7A0,func_8007C7A0,initdrawarea_helper_8007C7A0,,get_cs,SYS,LIBGPU,0x8007AE7C,libscan-verbatim,MODULE_LOCAL_STATIC,True,yes:active,KEEP,INFERRED,initdrawarea_helper,asm/funcs glabel,"OBJ local symbol get_cs (module-local static, NOT an exported name); propose nothing"
0x8007C86C,func_8007C86C,initdrawarea_helper_8007C86C,,get_ce,SYS,LIBGPU,0x8007AE7C,libscan-verbatim,MODULE_LOCAL_STATIC,True,yes:active,KEEP,INFERRED,initdrawarea_helper,asm/funcs glabel,"OBJ local symbol get_ce (module-local static, NOT an exported name); propose nothing"
0x8007C938,func_8007C938,initdrawoffset_helper_8007C938,,get_ofs,SYS,LIBGPU,0x8007AE7C,libscan-verbatim,MODULE_LOCAL_STATIC,True,,KEEP,INFERRED,initdrawoffset_helper,asm/funcs glabel,"OBJ local symbol get_ofs (module-local static, NOT an exported name); propose nothing"
0x8007C97C,func_8007C97C,,,get_tw,SYS,LIBGPU,0x8007AE7C,libscan-verbatim,MODULE_LOCAL_STATIC,True,,KEEP,AUTO,func_8007C97C,asm/funcs glabel,"OBJ local symbol get_tw (module-local static, NOT an exported name); propose nothing"
0x8007CA00,func_8007CA00,cpu_helper_8007CA00,,get_dx,SYS,LIBGPU,0x8007AE7C,libscan-verbatim,MODULE_LOCAL_STATIC,True,,KEEP,INFERRED,cpu_helper,asm/funcs glabel,"OBJ local symbol get_dx (module-local static, NOT an exported name); propose nothing"
0x8007CAB0,func_8007CAB0,get_field0x0_8007CAB0,,_status,SYS,LIBGPU,0x8007AE7C,libscan-verbatim,MODULE_LOCAL_STATIC,True,,KEEP,INFERRED,get_field0x0,asm/funcs glabel,"OBJ local symbol _status (module-local static, NOT an exported name); propose nothing"
0x8007CAC8,func_8007CAC8,gpu_helper_8007CAC8,,_otc,SYS,LIBGPU,0x8007AE7C,libscan-verbatim,MODULE_LOCAL_STATIC,True,,KEEP,INFERRED,gpu_helper,asm/funcs glabel,"OBJ local symbol _otc (module-local static, NOT an exported name); propose nothing"
0x8007CBB0,func_8007CBB0,gpu_PutDrawEnv_8007CBB0,,_clr,SYS,LIBGPU,0x8007AE7C,libscan-verbatim,MODULE_LOCAL_STATIC,True,yes:active,KEEP,INFERRED,gpu_PutDrawEnv,asm/funcs glabel,"OBJ local symbol _clr (module-local static, NOT an exported name); propose nothing"
0x8007CE0C,func_8007CE0C,gpu_helper_8007CE0C,,_dws,SYS,LIBGPU,0x8007AE7C,libscan-verbatim,MODULE_LOCAL_STATIC,True,yes:active,KEEP,INFERRED,gpu_helper,asm/funcs glabel,"OBJ local symbol _dws (module-local static, NOT an exported name); propose nothing"
0x8007D048,func_8007D048,gpu_helper_8007D048,,_drs,SYS,LIBGPU,0x8007AE7C,libscan-verbatim,MODULE_LOCAL_STATIC,True,yes:active,KEEP,INFERRED,gpu_helper,asm/funcs glabel,"OBJ local symbol _drs (module-local static, NOT an exported name); propose nothing"
0x8007D2CC,func_8007D2CC,copy_8007D2CC,,_ctl,SYS,LIBGPU,0x8007AE7C,libscan-verbatim,MODULE_LOCAL_STATIC,True,,KEEP,INFERRED,copy,asm/funcs glabel,"OBJ local symbol _ctl (module-local static, NOT an exported name); propose nothing"
0x8007D2F4,func_8007D2F4,get_global_8007D2F4,,_getctl,SYS,LIBGPU,0x8007AE7C,libscan-verbatim,MODULE_LOCAL_STATIC,True,,KEEP,INFERRED,get_global,asm/funcs glabel,"OBJ local symbol _getctl (module-local static, NOT an exported name); propose nothing"
0x8007D308,func_8007D308,gpu_SendData_8007D308,,_cwb,SYS,LIBGPU,0x8007AE7C,libscan-verbatim,MODULE_LOCAL_STATIC,True,,KEEP,INFERRED,gpu_SendData,asm/funcs glabel,"OBJ local symbol _cwb (module-local static, NOT an exported name); propose nothing"
0x8007D358,func_8007D358,gpu_StartDmaList_8007D358,,_cwc,SYS,LIBGPU,0x8007AE7C,libscan-verbatim,MODULE_LOCAL_STATIC,True,,KEEP,INFERRED,gpu_StartDmaList,asm/funcs glabel,"OBJ local symbol _cwc (module-local static, NOT an exported name); propose nothing"
0x8007D3A4,func_8007D3A4,gpu_GetInfo_8007D3A4,,_param,SYS,LIBGPU,0x8007AE7C,libscan-verbatim,MODULE_LOCAL_STATIC,True,,KEEP,INFERRED,gpu_GetInfo,asm/funcs glabel,"OBJ local symbol _param (module-local static, NOT an exported name); propose nothing"
0x8007D3D4,func_8007D3D4,,,_addque,SYS,LIBGPU,0x8007AE7C,libscan-verbatim,MODULE_LOCAL_STATIC,True,,KEEP,AUTO,func_8007D3D4,asm/funcs glabel,"OBJ local symbol _addque (module-local static, NOT an exported name); propose nothing"
0x8007D3F8,func_8007D3F8,gpu_helper_8007D3F8,,_addque2,SYS,LIBGPU,0x8007AE7C,libscan-verbatim,MODULE_LOCAL_STATIC,True,yes:active,KEEP,INFERRED,gpu_helper,asm/funcs glabel,"OBJ local symbol _addque2 (module-local static, NOT an exported name); propose nothing"
0x8007D6D8,func_8007D6D8,,,_exeque,SYS,LIBGPU,0x8007AE7C,libscan-verbatim,MODULE_LOCAL_STATIC,True,yes:active,KEEP,AUTO,func_8007D6D8,asm/funcs glabel,"OBJ local symbol _exeque (module-local static, NOT an exported name); propose nothing"
0x8007D9C4,func_8007D9C4,gpu_helper_8007D9C4,,_reset,SYS,LIBGPU,0x8007AE7C,libscan-verbatim,MODULE_LOCAL_STATIC,True,,KEEP,INFERRED,gpu_helper,asm/funcs glabel,"OBJ local symbol _reset (module-local static, NOT an exported name); propose nothing"
0x8007DB20,func_8007DB20,gpu_helper_8007DB20,,_sync,SYS,LIBGPU,0x8007AE7C,libscan-verbatim,MODULE_LOCAL_STATIC,True,,KEEP,INFERRED,gpu_helper,asm/funcs glabel,"OBJ local symbol _sync (module-local static, NOT an exported name); propose nothing"
0x8007DC68,func_8007DC68,,,set_alarm,SYS,LIBGPU,0x8007AE7C,libscan-verbatim,MODULE_LOCAL_STATIC,True,,RESET,SUSPECT,motion_LoadPreCalcData_8007DC68,asm/funcs glabel,"OBJ local symbol set_alarm (module-local static, NOT an exported name); propose nothing"
0x8007DC9C,func_8007DC9C,gpu_DrawTimeoutCheck,,get_alarm,SYS,LIBGPU,0x8007AE7C,libscan-verbatim,MODULE_LOCAL_STATIC,True,yes:parked,KEEP,INFERRED,gpu_DrawTimeoutCheck,asm/funcs glabel,"OBJ local symbol get_alarm (module-local static, NOT an exported name); propose nothing"
0x8007DE08,func_8007DE08,,,_version,SYS,LIBGPU,0x8007AE7C,libscan-verbatim,MODULE_LOCAL_STATIC,True,,KEEP,AUTO,func_8007DE08,asm/funcs glabel,"OBJ local symbol _version (module-local static, NOT an exported name); propose nothing"
0x8007DEE4,func_8007DEE4,bb2_memset_8007DEE4,,memset,SYS,LIBGPU,0x8007AE7C,libscan-verbatim,MODULE_LOCAL_STATIC,True,,KEEP,INFERRED,bb2_memset,asm/funcs glabel,"OBJ local symbol memset (module-local static, NOT an exported name); propose nothing"
0x8007DF10,bios_GPU_cw,,GPU_cw,GPU_cw,C73,LIBAPI,0x8007DF10,libscan-verbatim,CONTRADICTED,True,,KEEP,CORROBORATED,bios_GPU_cw,asm/funcs glabel,
0x8007DF20,func_8007DF20,math_Sin_8007DF20;math_Sin,rsin,rsin,GEO_00,LIBGTE,0x8007DF20,libscan-verbatim,CONTRADICTED_ALIAS,True,,KEEP,INFERRED,math_Sin,asm/funcs glabel,contradicting live alias(es): math_Sin_8007DF20;math_Sin
0x8007DF5C,func_8007DF5C,math_SinLookup_8007DF5C;math_SinLookup,sin_1,sin_1,GEO_00,LIBGTE,0x8007DF20,libscan-verbatim,CONTRADICTED_ALIAS,True,,KEEP,INFERRED,math_SinLookup,asm/funcs glabel,contradicting live alias(es): math_SinLookup_8007DF5C;math_SinLookup
0x8007DFEC,func_8007DFEC,math_Cos_8007DFEC;math_Cos,rcos,rcos,GEO_01,LIBGTE,0x8007DFEC,libscan-verbatim,CONTRADICTED_ALIAS,True,,KEEP,INFERRED,math_Cos,asm/funcs glabel,contradicting live alias(es): math_Cos_8007DFEC;math_Cos
0x8007E094,func_8007E094,gte_set_projection_params_8007E094,InitGeom,InitGeom,MSC00,LIBGTE,0x8007E08C,libscan-verbatim,CONTRADICTED_ALIAS,True,,KEEP,INFERRED,gte_set_projection_params,asm/funcs glabel,contradicting live alias(es): gte_set_projection_params_8007E094
0x8007E11C,func_8007E11C,math_Sqrt_8007E11C,SquareRoot0,SquareRoot0,MSC01,LIBGTE,0x8007E11C,libscan-verbatim,CONTRADICTED_ALIAS,True,,KEEP,INFERRED,math_Sqrt,asm/funcs glabel,contradicting live alias(es): math_Sqrt_8007E11C
0x8007E1AC,func_8007E1AC,gte_gpf_8007E1AC,LoadAverage12,LoadAverage12,MSC06,LIBGTE,0x8007E1AC,libscan-verbatim,CONTRADICTED_ALIAS,True,,KEEP,INFERRED,gte_gpf,asm/funcs glabel,contradicting live alias(es): gte_gpf_8007E1AC
0x8007E1FC,func_8007E1FC,gte_gpf_8007E1FC,LoadAverage0,LoadAverage0,MSC06,LIBGTE,0x8007E1AC,libscan-verbatim,CONTRADICTED_ALIAS,True,,KEEP,INFERRED,gte_gpf,asm/funcs glabel,contradicting live alias(es): gte_gpf_8007E1FC
0x8007E24C,func_8007E24C,gte_gpf_8007E24C,LoadAverageShort12,LoadAverageShort12,MSC06,LIBGTE,0x8007E1AC,libscan-verbatim,CONTRADICTED_ALIAS,True,,KEEP,INFERRED,gte_gpf,asm/funcs glabel,contradicting live alias(es): gte_gpf_8007E24C
0x8007E2D4,func_8007E2D4,gte_gpf_8007E2D4,LoadAverageShort0,LoadAverageShort0,MSC06,LIBGTE,0x8007E1AC,libscan-verbatim,CONTRADICTED_ALIAS,True,,KEEP,INFERRED,gte_gpf,asm/funcs glabel,contradicting live alias(es): gte_gpf_8007E2D4
0x8007E35C,func_8007E35C,gte_gpf_8007E35C,LoadAverageByte,LoadAverageByte,MSC06,LIBGTE,0x8007E1AC,libscan-verbatim,CONTRADICTED_ALIAS,True,,KEEP,INFERRED,gte_gpf,asm/funcs glabel,contradicting live alias(es): gte_gpf_8007E35C
0x8007E3BC,func_8007E3BC,gte_gpf_8007E3BC,LoadAverageCol,LoadAverageCol,MSC06,LIBGTE,0x8007E1AC,libscan-verbatim,CONTRADICTED_ALIAS,True,,KEEP,INFERRED,gte_gpf,asm/funcs glabel,contradicting live alias(es): gte_gpf_8007E3BC
0x8007E43C,func_8007E43C,math_helper_8007E43C,SquareRoot12,SquareRoot12,MSC09,LIBGTE,0x8007E43C,libscan-verbatim,CONTRADICTED_ALIAS,True,,KEEP,INFERRED,math_helper,asm/funcs glabel,contradicting live alias(es): math_helper_8007E43C
0x8007E4DC,func_8007E4DC,tanren_helper_8007E4DC,MulMatrix0,MulMatrix0,MTX_000,LIBGTE,0x8007E4DC,libscan-verbatim,CONTRADICTED_ALIAS,True,,KEEP,INFERRED,tanren_helper,asm/funcs glabel,contradicting live alias(es): tanren_helper_8007E4DC
0x8007E5EC,func_8007E5EC,gte_mvmva_8007E5EC,CompMatrix,CompMatrix,MTX_003,LIBGTE,0x8007E5EC,libscan-verbatim,CONTRADICTED_ALIAS,True,,KEEP,INFERRED,gte_mvmva,asm/funcs glabel,contradicting live alias(es): gte_mvmva_8007E5EC
0x8007E74C,func_8007E74C,replay_camera_helper_8007E74C,ApplyMatrixLV,ApplyMatrixLV,MTX_004,LIBGTE,0x8007E74C,libscan-verbatim,CONTRADICTED_ALIAS,True,,KEEP,INFERRED,replay_camera_helper,asm/funcs glabel,contradicting live alias(es): replay_camera_helper_8007E74C
0x8007E8AC,func_8007E8AC,motion_matrix_multiply_light_8007E8AC,ApplyRotMatrix,ApplyRotMatrix,MTX_005,LIBGTE,0x8007E8AC,libscan-verbatim,CONTRADICTED_ALIAS,True,,KEEP,INFERRED,motion_matrix_multiply_light,asm/funcs glabel,contradicting live alias(es): motion_matrix_multiply_light_8007E8AC
0x8007E8DC,func_8007E8DC,matrix_scale_3x3_rows_8007E8DC,ScaleMatrixL,ScaleMatrixL,MTX_00A,LIBGTE,0x8007E8DC,libscan-verbatim,CONTRADICTED_ALIAS,True,,KEEP,INFERRED,matrix_scale_3x3_rows,asm/funcs glabel,contradicting live alias(es): matrix_scale_3x3_rows_8007E8DC
0x8007EA0C,func_8007EA0C,motion_matrix_multiply_signed_8007EA0C,ApplyRotMatrixLV,ApplyRotMatrixLV,MTX_01,LIBGTE,0x8007EA0C,libscan-verbatim,CONTRADICTED_ALIAS,True,,KEEP,INFERRED,motion_matrix_multiply_signed,asm/funcs glabel,contradicting live alias(es): motion_matrix_multiply_signed_8007EA0C
0x8007EB4C,func_8007EB4C,gte_mvmva_8007EB4C,MulMatrix,MulMatrix,MTX_03,LIBGTE,0x8007EB4C,libscan-verbatim,CONTRADICTED_ALIAS,True,,KEEP,INFERRED,gte_mvmva,asm/funcs glabel,contradicting live alias(es): gte_mvmva_8007EB4C
0x8007EC5C,func_8007EC5C,,MulMatrix2,MulMatrix2,MTX_04,LIBGTE,0x8007EC5C,libscan-verbatim,FILL,True,,RESET,SUSPECT,calc_fc_frame_8007EC5C,asm/funcs glabel,
0x8007ED6C,func_8007ED6C,tanren_helper_8007ED6C,ApplyMatrix,ApplyMatrix,MTX_05,LIBGTE,0x8007ED6C,libscan-verbatim,CONTRADICTED_ALIAS,True,,KEEP,INFERRED,tanren_helper,asm/funcs glabel,contradicting live alias(es): tanren_helper_8007ED6C
0x8007EDBC,func_8007EDBC,matrix_scale_3x3_cols_8007EDBC,ScaleMatrix,ScaleMatrix,MTX_08,LIBGTE,0x8007EDBC,libscan-verbatim,CONTRADICTED_ALIAS,True,,KEEP,INFERRED,matrix_scale_3x3_cols,asm/funcs glabel,contradicting live alias(es): matrix_scale_3x3_cols_8007EDBC
0x8007EEEC,func_8007EEEC,gte_SetRotMatrix_8007EEEC;gte_SetRotMatrix,SetRotMatrix,SetRotMatrix,MTX_09,LIBGTE,0x8007EEEC,libscan-verbatim,CONTRADICTED_ALIAS,True,,KEEP,CORROBORATED,gte_SetRotMatrix,asm/funcs glabel,contradicting live alias(es): gte_SetRotMatrix_8007EEEC;gte_SetRotMatrix
0x8007EF1C,func_8007EF1C,gte_SetColorMatrix_8007EF1C,SetColorMatrix,SetColorMatrix,MTX_11,LIBGTE,0x8007EF1C,libscan-verbatim,CONTRADICTED_ALIAS,True,,KEEP,CORROBORATED,gte_SetColorMatrix,asm/funcs glabel,contradicting live alias(es): gte_SetColorMatrix_8007EF1C
0x8007EF4C,func_8007EF4C,gte_SetTransVector_8007EF4C;gte_SetTransVector,SetTransMatrix,SetTransMatrix,MTX_12,LIBGTE,0x8007EF4C,libscan-verbatim,CONTRADICTED_ALIAS,True,,KEEP,CORROBORATED,gte_SetTransVector,asm/funcs glabel,contradicting live alias(es): gte_SetTransVector_8007EF4C;gte_SetTransVector
0x8007EF6C,func_8007EF6C,gte_GetScreenXY_8007EF6C;gte_GetScreenXY,ReadSZfifo3,ReadSZfifo3,REG04,LIBGTE,0x8007EF6C,libscan-verbatim,CONTRADICTED_ALIAS,True,,KEEP,CORROBORATED,gte_GetScreenXY,asm/funcs glabel,contradicting live alias(es): gte_GetScreenXY_8007EF6C;gte_GetScreenXY
0x8007EF8C,func_8007EF8C,gte_GetH_8007EF8C,ReadGeomScreen,ReadGeomScreen,REG09,LIBGTE,0x8007EF8C,libscan-verbatim,CONTRADICTED_ALIAS,True,,KEEP,CORROBORATED,gte_GetH,asm/funcs glabel,contradicting live alias(es): gte_GetH_8007EF8C
0x8007EF9C,func_8007EF9C,gte_SetBackColor_8007EF9C,SetBackColor,SetBackColor,REG10,LIBGTE,0x8007EF9C,libscan-verbatim,CONTRADICTED_ALIAS,True,,KEEP,CORROBORATED,gte_SetBackColor,asm/funcs glabel,contradicting live alias(es): gte_SetBackColor_8007EF9C
0x8007EFBC,func_8007EFBC,gte_SetFarColor_8007EFBC;gte_SetFarColor,SetFarColor,SetFarColor,REG11,LIBGTE,0x8007EFBC,libscan-verbatim,CONTRADICTED_ALIAS,True,,KEEP,CORROBORATED,gte_SetFarColor,asm/funcs glabel,contradicting live alias(es): gte_SetFarColor_8007EFBC;gte_SetFarColor
0x8007EFDC,func_8007EFDC,gte_SetScreenOffset_8007EFDC;gte_SetScreenOffset,SetGeomOffset,SetGeomOffset,REG12,LIBGTE,0x8007EFDC,libscan-verbatim,CONTRADICTED_ALIAS,True,,KEEP,CORROBORATED,gte_SetScreenOffset,asm/funcs glabel,contradicting live alias(es): gte_SetScreenOffset_8007EFDC;gte_SetScreenOffset
0x8007EFFC,func_8007EFFC,,SetGeomScreen,SetGeomScreen,REG13,LIBGTE,0x8007EFFC,libscan-verbatim,FILL,True,,RESET,SUSPECT,tslDmaDrawListDelAll,asm/funcs glabel,
0x8007F00C,func_8007F00C,copy_8007F00C,LightColor,LightColor,SMP_00,LIBGTE,0x8007F00C,libscan-verbatim,CONTRADICTED_ALIAS,True,,KEEP,INFERRED,copy,asm/funcs glabel,contradicting live alias(es): copy_8007F00C
0x8007F034,func_8007F034,copy_8007F034,DpqColorLight,DpqColorLight,SMP_00,LIBGTE,0x8007F00C,libscan-verbatim,CONTRADICTED_ALIAS,True,,KEEP,INFERRED,copy,asm/funcs glabel,contradicting live alias(es): copy_8007F034
0x8007F05C,func_8007F05C,copy_8007F05C,DpqColor3,DpqColor3,SMP_00,LIBGTE,0x8007F00C,libscan-verbatim,CONTRADICTED_ALIAS,True,,KEEP,INFERRED,copy,asm/funcs glabel,contradicting live alias(es): copy_8007F05C
0x8007F098,func_8007F098,copy_8007F098,Intpl,Intpl,SMP_00,LIBGTE,0x8007F00C,libscan-verbatim,CONTRADICTED_ALIAS,True,,KEEP,INFERRED,copy,asm/funcs glabel,contradicting live alias(es): copy_8007F098
0x8007F0BC,func_8007F0BC,copy_8007F0BC,Square12,Square12,SMP_00,LIBGTE,0x8007F00C,libscan-verbatim,CONTRADICTED_ALIAS,True,,KEEP,INFERRED,copy,asm/funcs glabel,contradicting live alias(es): copy_8007F0BC
0x8007F0E4,func_8007F0E4,copy_8007F0E4,Square0,Square0,SMP_00,LIBGTE,0x8007F00C,libscan-verbatim,CONTRADICTED_ALIAS,True,,KEEP,INFERRED,copy,asm/funcs glabel,contradicting live alias(es): copy_8007F0E4
0x8007F10C,func_8007F10C,stub_8007F10C,AverageZ3,AverageZ3,SMP_00,LIBGTE,0x8007F00C,libscan-verbatim,CONTRADICTED_ALIAS,True,,KEEP,INFERRED,stub,asm/funcs glabel,contradicting live alias(es): stub_8007F10C
0x8007F12C,func_8007F12C,stub_8007F12C,AverageZ4,AverageZ4,SMP_00,LIBGTE,0x8007F00C,libscan-verbatim,CONTRADICTED_ALIAS,True,,KEEP,INFERRED,stub,asm/funcs glabel,contradicting live alias(es): stub_8007F12C
0x8007F150,func_8007F150,gte_outerprod_8007F150,OuterProduct12,OuterProduct12,SMP_00,LIBGTE,0x8007F00C,libscan-verbatim,CONTRADICTED_ALIAS,True,,KEEP,INFERRED,gte_outerprod,asm/funcs glabel,contradicting live alias(es): gte_outerprod_8007F150
0x8007F1A8,func_8007F1A8,gte_outerprod_8007F1A8,OuterProduct0,OuterProduct0,SMP_00,LIBGTE,0x8007F00C,libscan-verbatim,CONTRADICTED_ALIAS,True,,KEEP,INFERRED,gte_outerprod,asm/funcs glabel,contradicting live alias(es): gte_outerprod_8007F1A8
0x8007F200,func_8007F200,stub_8007F200,Lzc,Lzc,SMP_00,LIBGTE,0x8007F00C,libscan-verbatim,CONTRADICTED_ALIAS,True,,KEEP,INFERRED,stub,asm/funcs glabel,contradicting live alias(es): stub_8007F200
0x8007F21C,func_8007F21C,copy_8007F21C,RotTransPers,RotTransPers,SMP_02,LIBGTE,0x8007F21C,libscan-verbatim,CONTRADICTED_ALIAS,True,,KEEP,INFERRED,copy,asm/funcs glabel,contradicting live alias(es): copy_8007F21C
0x8007F24C,func_8007F24C,gte_rtpt_8007F24C,RotTransPers3,RotTransPers3,SMP_03,LIBGTE,0x8007F24C,libscan-verbatim,CONTRADICTED_ALIAS,True,,KEEP,INFERRED,gte_rtpt,asm/funcs glabel,contradicting live alias(es): gte_rtpt_8007F24C
0x8007F2AC,func_8007F2AC,copy_8007F2AC,RotTrans,RotTrans,SMP_04,LIBGTE,0x8007F2AC,libscan-verbatim,CONTRADICTED_ALIAS,True,,KEEP,INFERRED,copy,asm/funcs glabel,contradicting live alias(es): copy_8007F2AC
0x8007F2DC,func_8007F2DC,,RotTransPers4,RotTransPers4,CMB_00,LIBGTE,0x8007F2DC,libscan-verbatim,FILL,True,,,,,build/bb2.map (decompiled in src/),
0x8007F35C,func_8007F35C,,RotMatrix,RotMatrix,FGO_01,LIBGTE,0x8007F35C,libscan-verbatim,FILL,True,,RESET,SUSPECT,motutil_GetWalkDir,asm/funcs glabel,
0x8007F5EC,func_8007F5EC,,RotMatrixZYX,RotMatrixZYX,FGO_03,LIBGTE,0x8007F5EC,libscan-verbatim,FILL,True,,KEEP,AUTO,func_8007F5EC,asm/funcs glabel,
0x8007F87C,func_8007F87C,mtx_rotate_8007F87C,RotMatrixX,RotMatrixX,FGO_04,LIBGTE,0x8007F87C,libscan-verbatim,CONTRADICTED_ALIAS,True,,KEEP,INFERRED,mtx_rotate,asm/funcs glabel,contradicting live alias(es): mtx_rotate_8007F87C
0x8007FA1C,func_8007FA1C,,RotMatrixY,RotMatrixY,FGO_05,LIBGTE,0x8007FA1C,libscan-verbatim,FILL,True,,KEEP,AUTO,func_8007FA1C,asm/funcs glabel,
0x8007FBBC,func_8007FBBC,md_game_helper_8007FBBC,RotMatrixZ,RotMatrixZ,FGO_06,LIBGTE,0x8007FBBC,libscan-verbatim,CONTRADICTED_ALIAS,True,,KEEP,INFERRED,md_game_helper,asm/funcs glabel,contradicting live alias(es): md_game_helper_8007FBBC
0x8007FD5C,func_8007FD5C,,ratan2,ratan2,RATAN,LIBGTE,0x8007FD5C,libscan-verbatim,FILL,True,,RESET,SUSPECT,single_game_getEnemyCharId,asm/funcs glabel,
0x8007FEDC,func_8007FEDC,bios_InstallHandler_8007FEDC,_patch_gte,_patch_gte,PATCHGTE,LIBGTE,0x8007FEDC,libscan-verbatim,CONTRADICTED_ALIAS,True,,KEEP,INFERRED,bios_InstallHandler,asm/funcs glabel,contradicting live alias(es): bios_InstallHandler_8007FEDC
0x8007FF7C,func_8007FF7C,cdrom_InitCallbacks_8007FF7C,CdInit,CdInit,EVENT,LIBCD,0x8007FF7C,libscan-verbatim,CONTRADICTED_ALIAS,True,,KEEP,CORROBORATED,cdrom_InitCallbacks,asm/funcs glabel,contradicting live alias(es): cdrom_InitCallbacks_8007FF7C
0x80080014,func_80080014,D_80080014,,def_cbsync,EVENT,LIBCD,0x8007FF7C,libscan-verbatim,MODULE_LOCAL_STATIC,True,,RESET,SUSPECT,motion_SavePreCalcData_80080014,asm/funcs glabel,"OBJ local symbol def_cbsync (module-local static, NOT an exported name); propose nothing"
0x8008003C,func_8008003C,D_8008003C,,def_cbready,EVENT,LIBCD,0x8007FF7C,libscan-verbatim,MODULE_LOCAL_STATIC,True,,RESET,SUSPECT,motion_SavePreCalcData_8008003C,asm/funcs glabel,"OBJ local symbol def_cbready (module-local static, NOT an exported name); propose nothing"
0x80080064,func_80080064,D_80080064,,def_cbread,EVENT,LIBCD,0x8007FF7C,libscan-verbatim,MODULE_LOCAL_STATIC,True,,RESET,SUSPECT,motion_SavePreCalcData_80080064,asm/funcs glabel,"OBJ local symbol def_cbread (module-local static, NOT an exported name); propose nothing"
0x8008008C,bios_DeliverEvent,,DeliverEvent,DeliverEvent,A07,LIBAPI,0x8008008C,libscan-verbatim,CONTRADICTED,True,,KEEP,CORROBORATED,bios_DeliverEvent,asm/funcs glabel,
0x8008009C,cdrom_GetMode,get_global_8008009C,CdStatus,CdStatus,SYS,LIBCD,0x8008009C,libscan-verbatim,CONTRADICTED,True,,KEEP,CORROBORATED,cdrom_GetMode,asm/funcs glabel,contradicting live alias(es): get_global_8008009C
0x800800AC,cdrom_GetReadyFlag,get_global_800800AC,CdMode,CdMode,SYS,LIBCD,0x8008009C,libscan-verbatim,CONTRADICTED,True,,KEEP,CORROBORATED,cdrom_GetReadyFlag,asm/funcs glabel,contradicting live alias(es): get_global_800800AC
0x800800BC,cdrom_GetReadyFlag2,,CdLastCom,CdLastCom,SYS,LIBCD,0x8008009C,libscan-verbatim,CONTRADICTED,True,,,,,build/bb2.map (decompiled in src/),
0x800800CC,func_800800CC,saEft00Add_helper_800800CC,CdLastPos,CdLastPos,SYS,LIBCD,0x8008009C,libscan-verbatim,CONTRADICTED_ALIAS,True,,KEEP,INFERRED,saEft00Add_helper,asm/funcs glabel,contradicting live alias(es): saEft00Add_helper_800800CC
0x800800DC,cdrom_CheckReady,,CdReset,CdReset,SYS,LIBCD,0x8008009C,libscan-verbatim,CONTRADICTED,True,,KEEP,CORROBORATED,cdrom_CheckReady,asm/funcs glabel,
0x80080148,func_80080148,special_camera_clear_cdrom_irq_80080148,CdFlush,CdFlush,SYS,LIBCD,0x8008009C,libscan-verbatim,CONTRADICTED_ALIAS,True,,KEEP,INFERRED,special_camera_clear_cdrom_irq,asm/funcs glabel,contradicting live alias(es): special_camera_clear_cdrom_irq_80080148
0x80080168,cdrom_SetDebugLevel,,CdSetDebug,CdSetDebug,SYS,LIBCD,0x8008009C,libscan-verbatim,CONTRADICTED,True,,KEEP,CORROBORATED,cdrom_SetDebugLevel,asm/funcs glabel,
0x80080180,cdrom_GetCmdName,,CdComstr,CdComstr,SYS,LIBCD,0x8008009C,libscan-verbatim,CONTRADICTED,True,,,,,build/bb2.map (decompiled in src/),
0x800801B4,cdrom_GetResultName,,CdIntstr,CdIntstr,SYS,LIBCD,0x8008009C,libscan-verbatim,CONTRADICTED,True,,,,,build/bb2.map (decompiled in src/),
0x800801E8,func_800801E8,,CdSync,CdSync,SYS,LIBCD,0x8008009C,libscan-verbatim,FILL,True,,RESET,SUSPECT,Vu0SetLightColMatrix_800801E8,asm/funcs glabel,
0x80080208,func_80080208,,CdReady,CdReady,SYS,LIBCD,0x8008009C,libscan-verbatim,FILL,True,,RESET,SUSPECT,Vu0SetLightColMatrix_80080208,asm/funcs glabel,
0x80080228,cdrom_SetCallbackA,copy_80080228,CdSyncCallback,CdSyncCallback,SYS,LIBCD,0x8008009C,libscan-verbatim,CONTRADICTED,True,,KEEP,CORROBORATED,cdrom_SetCallbackA,asm/funcs glabel,contradicting live alias(es): copy_80080228
0x80080240,cdrom_SetCallbackB,copy_80080240,CdReadyCallback,CdReadyCallback,SYS,LIBCD,0x8008009C,libscan-verbatim,CONTRADICTED,True,,KEEP,CORROBORATED,cdrom_SetCallbackB,asm/funcs glabel,contradicting live alias(es): copy_80080240
0x80080258,func_80080258,,CdControl,CdControl,SYS,LIBCD,0x8008009C,libscan-verbatim,FILL,True,yes:active,RESET,SUSPECT,_DispCharacterName,asm/funcs glabel,
0x80080390,func_80080390,,CdControlF,CdControlF,SYS,LIBCD,0x8008009C,libscan-verbatim,FILL,True,yes:active,RESET,SUSPECT,myRobGeneiDraw3,asm/funcs glabel,
0x800804BC,func_800804BC,,CdControlB,CdControlB,SYS,LIBCD,0x8008009C,libscan-verbatim,FILL,True,,RESET,SUSPECT,tslPolyF4Init,asm/funcs glabel,
0x80080600,func_80080600,cd_send_cmd_80080600,CdMix,CdMix,SYS,LIBCD,0x8008009C,libscan-verbatim,CONTRADICTED_ALIAS,True,,KEEP,INFERRED,cd_send_cmd,asm/funcs glabel,contradicting live alias(es): cd_send_cmd_80080600
0x80080620,func_80080620,cd_dma_idle_80080620,CdGetSector,CdGetSector,SYS,LIBCD,0x8008009C,libscan-verbatim,CONTRADICTED_ALIAS,True,,KEEP,INFERRED,cd_dma_idle,asm/funcs glabel,contradicting live alias(es): cd_dma_idle_80080620
0x80080640,func_80080640,,CdGetSector2,CdGetSector2,SYS,LIBCD,0x8008009C,libscan-verbatim,FILL,True,,RESET,SUSPECT,Vu0SetLightColMatrix_80080640,asm/funcs glabel,
0x80080660,func_80080660,,CdDataCallback,CdDataCallback,SYS,LIBCD,0x8008009C,libscan-verbatim,FILL,True,,RESET,SUSPECT,tslTmlGetHeda,asm/funcs glabel,
0x80080684,func_80080684,,CdDataSync,CdDataSync,SYS,LIBCD,0x8008009C,libscan-verbatim,FILL,True,,RESET,SUSPECT,Vu0SetLightColMatrix_80080684,asm/funcs glabel,
0x800806A4,cdrom_FramesToBcd,,CdIntToPos,CdIntToPos,SYS,LIBCD,0x8008009C,libscan-verbatim,CONTRADICTED,True,,KEEP,CORROBORATED,cdrom_FramesToBcd,asm/funcs glabel,
0x800807A8,cdrom_BcdToFrames,,CdPosToInt,CdPosToInt,SYS,LIBCD,0x8008009C,libscan-verbatim,CONTRADICTED,True,,KEEP,CORROBORATED,cdrom_BcdToFrames,asm/funcs glabel,
0x80080828,func_80080828,,,getintr,BIOS,LIBCD,0x80080828,libscan-verbatim,MODULE_LOCAL_STATIC,True,yes:active,RESET,SUSPECT,tsltm2loadimage_helper,asm/funcs glabel,"OBJ local symbol getintr (module-local static, NOT an exported name); propose nothing"
0x80080DB0,func_80080DB0,,CD_sync,CD_sync,BIOS,LIBCD,0x80080828,libscan-verbatim,FILL,True,yes:parked,RESET,SUSPECT,cpu_side_move_dir_4,asm/funcs glabel,
0x80081030,func_80081030,,CD_ready,CD_ready,BIOS,LIBCD,0x80080828,libscan-verbatim,FILL,True,yes:active,RESET,SUSPECT,marionation_Exec,asm/funcs glabel,
0x800812FC,func_800812FC,,CD_cw,CD_cw,BIOS,LIBCD,0x80080828,libscan-verbatim,FILL,True,yes:active,RESET,SUSPECT,tslTm2LoadImage,asm/funcs glabel,
0x80081718,cdrom_SendCmd,,CD_vol,CD_vol,BIOS,LIBCD,0x80080828,libscan-verbatim,CONTRADICTED,True,,KEEP,CORROBORATED,cdrom_SendCmd,asm/funcs glabel,
0x800817A0,cdrom_ClearIrq,,CD_flush,CD_flush,BIOS,LIBCD,0x80080828,libscan-verbatim,CONTRADICTED,True,,KEEP,CORROBORATED,cdrom_ClearIrq,asm/funcs glabel,
0x80081880,cdrom_ConfigSPU,,CD_initvol,CD_initvol,BIOS,LIBCD,0x80080828,libscan-verbatim,CONTRADICTED,True,,KEEP,CORROBORATED,cdrom_ConfigSPU,asm/funcs glabel,
0x80081974,cdrom_Shutdown,,CD_initintr,CD_initintr,BIOS,LIBCD,0x80080828,libscan-verbatim,CONTRADICTED,True,,KEEP,CORROBORATED,cdrom_Shutdown,asm/funcs glabel,
0x800819C4,cdrom_Initialize,tsltm2loadimage_helper_800819C4,CD_init,CD_init,BIOS,LIBCD,0x80080828,libscan-verbatim,CONTRADICTED,True,,KEEP,CORROBORATED,cdrom_Initialize,asm/funcs glabel,contradicting live alias(es): tsltm2loadimage_helper_800819C4
0x80081BB0,func_80081BB0,,CD_datasync,CD_datasync,BIOS,LIBCD,0x80080828,libscan-verbatim,FILL,True,yes:parked,RESET,SUSPECT,saEft01Init,asm/funcs glabel,
0x80081D1C,cdrom_DmaToRam,,CD_getsector,CD_getsector,BIOS,LIBCD,0x80080828,libscan-verbatim,CONTRADICTED,True,,KEEP,CORROBORATED,cdrom_DmaToRam,asm/funcs glabel,
0x80081E1C,cdrom_DmaChain,,CD_getsector2,CD_getsector2,BIOS,LIBCD,0x80080828,libscan-verbatim,CONTRADICTED,True,,KEEP,CORROBORATED,cdrom_DmaChain,asm/funcs glabel,
0x80081F0C,cdrom_SetErrorCallback,,CD_set_test_parmnum,CD_set_test_parmnum,BIOS,LIBCD,0x80080828,libscan-verbatim,CONTRADICTED,True,,,,,build/bb2.map (decompiled in src/),
0x80081F1C,cdrom_IrqHandler,g_irq_handler_block_80081F1C;D_80081F1C,,callback,BIOS,LIBCD,0x80080828,libscan-verbatim,MODULE_LOCAL_STATIC,True,,,,,build/bb2.map (decompiled in src/),"OBJ local symbol callback (module-local static, NOT an exported name); propose nothing"
0x80082000,func_80082000,,puts,puts,PUTS,LIBC2,0x80082000,libscan-verbatim,FILL,True,,RESET,SUSPECT,tslTm2LoadImage_2,asm/funcs glabel,
0x8008241C,func_8008241C,,,cd_read_retry,CDREAD,LIBCD,0x80082050,libscan-verbatim,MODULE_LOCAL_STATIC,True,,RESET,SUSPECT,saEft00Add,asm/funcs glabel,"OBJ local symbol cd_read_retry (module-local static, NOT an exported name); propose nothing"
0x80082630,saEft00Add_sub,,CdReadBreak,CdReadBreak,CDREAD,LIBCD,0x80082050,libscan-verbatim,CONTRADICTED,True,,,,,build/bb2.map (decompiled in src/),
0x800826CC,func_800826CC,special_camera_helper_800826CC,CdRead,CdRead,CDREAD,LIBCD,0x80082050,libscan-verbatim,CONTRADICTED_ALIAS,True,,KEEP,INFERRED,special_camera_helper,asm/funcs glabel,contradicting live alias(es): special_camera_helper_800826CC
0x800827D0,func_800827D0,,CdReadSync,CdReadSync,CDREAD,LIBCD,0x80082050,libscan-verbatim,FILL,True,,KEEP,AUTO,func_800827D0,asm/funcs glabel,
0x8008289C,func_8008289C,sys_SetVsyncMode_8008289C,CdReadCallback,CdReadCallback,CDREAD,LIBCD,0x80082050,libscan-verbatim,CONTRADICTED_ALIAS,True,,KEEP,INFERRED,sys_SetVsyncMode,asm/funcs glabel,contradicting live alias(es): sys_SetVsyncMode_8008289C
0x800828B4,func_800828B4,sys_SetTimer_800828B4,CdReadMode,CdReadMode,CDREAD,LIBCD,0x80082050,libscan-verbatim,CONTRADICTED_ALIAS,True,,KEEP,INFERRED,sys_SetTimer,asm/funcs glabel,contradicting live alias(es): sys_SetTimer_800828B4
0x800828CC,sys_VSync,,VSync,VSync,VSYNC,LIBETC,0x800828CC,libscan-verbatim,CONTRADICTED,True,,KEEP,INFERRED,sys_VSync,asm/funcs glabel,
0x80082A14,func_80082A14,,,v_wait,VSYNC,LIBETC,0x800828CC,libscan-verbatim,MODULE_LOCAL_STATIC,True,,RESET,SUSPECT,damage_CalcHitDamage2,asm/funcs glabel,"OBJ local symbol v_wait (module-local static, NOT an exported name); propose nothing"
0x80082AB0,bios_ChangeClearRCnt,,ChangeClearRCnt,ChangeClearRCnt,L10,LIBAPI,0x80082AB0,libscan-verbatim,CONTRADICTED,True,,KEEP,CORROBORATED,bios_ChangeClearRCnt,asm/funcs glabel,
0x80082AC0,func_80082AC0,irq_DisableInterrupts_80082AC0,ResetCallback,ResetCallback,INTR,LIBETC,0x80082AC0,libscan-verbatim,CONTRADICTED_ALIAS,True,,KEEP,INFERRED,irq_DisableInterrupts,asm/funcs glabel,contradicting live alias(es): irq_DisableInterrupts_80082AC0
0x80082AF0,func_80082AF0,irq_EnableInterrupts_80082AF0;irq_EnableInterrupts,InterruptCallback,InterruptCallback,INTR,LIBETC,0x80082AC0,libscan-verbatim,CONTRADICTED_ALIAS,True,,KEEP,INFERRED,irq_EnableInterrupts,asm/funcs glabel,contradicting live alias(es): irq_EnableInterrupts_80082AF0;irq_EnableInterrupts
0x80082B20,func_80082B20,irq_AcknowledgeVblank_80082B20;irq_AcknowledgeVblank,DMACallback,DMACallback,INTR,LIBETC,0x80082AC0,libscan-verbatim,CONTRADICTED_ALIAS,True,,KEEP,INFERRED,irq_AcknowledgeVblank,asm/funcs glabel,contradicting live alias(es): irq_AcknowledgeVblank_80082B20;irq_AcknowledgeVblank
0x80082B50,func_80082B50,irq_SetAlarm_80082B50;irq_SetAlarm,VSyncCallback,VSyncCallback,INTR,LIBETC,0x80082AC0,libscan-verbatim,CONTRADICTED_ALIAS,True,,KEEP,INFERRED,irq_SetAlarm,asm/funcs glabel,contradicting live alias(es): irq_SetAlarm_80082B50;irq_SetAlarm
0x80082B84,irq_ClearAlarm,,VSyncCallbacks,VSyncCallbacks,INTR,LIBETC,0x80082AC0,libscan-verbatim,CONTRADICTED,True,,,,,build/bb2.map (decompiled in src/),
0x80082BB4,func_80082BB4,irq_Reset_80082BB4;irq_Reset,StopCallback,StopCallback,INTR,LIBETC,0x80082AC0,libscan-verbatim,CONTRADICTED_ALIAS,True,,KEEP,INFERRED,irq_Reset,asm/funcs glabel,contradicting live alias(es): irq_Reset_80082BB4;irq_Reset
0x80082BE4,irq_Dispatch,,RestartCallback,RestartCallback,INTR,LIBETC,0x80082AC0,libscan-verbatim,CONTRADICTED,True,,,,,build/bb2.map (decompiled in src/),
0x80082C14,func_80082C14,sys_GetVblankCount_80082C14;sys_GetVblankCount,CheckCallback,CheckCallback,INTR,LIBETC,0x80082AC0,libscan-verbatim,CONTRADICTED_ALIAS,True,,KEEP,INFERRED,sys_GetVblankCount,asm/funcs glabel,contradicting live alias(es): sys_GetVblankCount_80082C14;sys_GetVblankCount
0x80082C24,sys_GetIrqCounter,,GetIntrMask,GetIntrMask,INTR,LIBETC,0x80082AC0,libscan-verbatim,CONTRADICTED,True,,,,,build/bb2.map (decompiled in src/),
0x80082C3C,func_80082C3C,,SetIntrMask,SetIntrMask,INTR,LIBETC,0x80082AC0,libscan-verbatim,FILL,True,,RESET,SUSPECT,motion_make_table,asm/funcs glabel,
0x80082C58,func_80082C58,,,startIntr,INTR,LIBETC,0x80082AC0,libscan-verbatim,MODULE_LOCAL_STATIC,True,,,,,build/bb2.map (decompiled in src/),"OBJ local symbol startIntr (module-local static, NOT an exported name); propose nothing"
0x80082D34,func_80082D34,motion_exception_handler_init_80082D34,,trapIntr,INTR,LIBETC,0x80082AC0,libscan-verbatim,MODULE_LOCAL_STATIC,True,,KEEP,INFERRED,motion_exception_handler_init,asm/funcs glabel,"OBJ local symbol trapIntr (module-local static, NOT an exported name); propose nothing"
0x800831A4,func_800831A4,,,memclr,INTR,LIBETC,0x80082AC0,libscan-verbatim,MODULE_LOCAL_STATIC,True,,,,,build/bb2.map (decompiled in src/),"OBJ local symbol memclr (module-local static, NOT an exported name); propose nothing"
0x800831D8,bios_CdRemove_A0,,_96_remove,_96_remove,C114,LIBAPI,0x800831D0,libscan-verbatim,CONTRADICTED,True,,KEEP,CORROBORATED,bios_CdRemove_A0,asm/funcs glabel,
0x800831F0,bios_ReturnFromException,,ReturnFromException,ReturnFromException,A23,LIBAPI,0x800831F0,libscan-verbatim,CONTRADICTED,True,,KEEP,CORROBORATED,bios_ReturnFromException,asm/funcs glabel,
0x80083200,bios_SetDefaultExitFromException,,ResetEntryInt,ResetEntryInt,A24,LIBAPI,0x80083200,libscan-verbatim,CONTRADICTED,True,,KEEP,CORROBORATED,bios_SetDefaultExitFromException,asm/funcs glabel,
0x80083210,bios_SetCustomExitFromException,,HookEntryInt,HookEntryInt,A25,LIBAPI,0x80083210,libscan-verbatim,CONTRADICTED,True,,KEEP,CORROBORATED,bios_SetCustomExitFromException,asm/funcs glabel,
0x80083220,func_80083220,motion_setjmp_longjmp_frames_80083220,setjmp,setjmp,SETJMP,LIBC2,0x80083220,libscan-verbatim,CONTRADICTED_ALIAS,True,,KEEP,INFERRED,motion_setjmp_longjmp_frames,asm/funcs glabel,contradicting live alias(es): motion_setjmp_longjmp_frames_80083220
0x800832A0,func_800832A0,,startIntrVSync,startIntrVSync,INTR_VB,LIBETC,0x800832A0,libscan-verbatim,FILL,True,,RESET,SUSPECT,disp_mario_jimaku,asm/funcs glabel,
0x8008339C,func_8008339C,sys_MemClear_8008339C,,memclr,INTR_VB,LIBETC,0x800832A0,libscan-verbatim,MODULE_LOCAL_STATIC,True,,KEEP,INFERRED,sys_MemClear,asm/funcs glabel,"OBJ local symbol memclr (module-local static, NOT an exported name); propose nothing"
0x800833C8,func_800833C8,,startIntrDMA,startIntrDMA,INTR_DMA,LIBETC,0x800833C8,libscan-verbatim,FILL,True,,RESET,SUSPECT,conv_matrix_rotation,asm/funcs glabel,
0x80083644,func_80083644,sys_MemClear2_80083644,,memclr,INTR_DMA,LIBETC,0x800833C8,libscan-verbatim,MODULE_LOCAL_STATIC,True,,KEEP,INFERRED,sys_MemClear2,asm/funcs glabel,"OBJ local symbol memclr (module-local static, NOT an exported name); propose nothing"
0x80083670,sys_SetVideoMode,,SetVideoMode,SetVideoMode,VMODE,LIBETC,0x80083670,libscan-verbatim,CONTRADICTED,True,,,,,build/bb2.map (decompiled in src/),
0x80083688,func_80083688,get_sys_video_mode_80083688,GetVideoMode,GetVideoMode,VMODE,LIBETC,0x80083670,libscan-verbatim,CONTRADICTED_ALIAS,True,,KEEP,INFERRED,get_sys_video_mode,asm/funcs glabel,contradicting live alias(es): get_sys_video_mode_80083688
0x8008386C,bios_InitHeap,,InitHeap,InitHeap,C57,LIBAPI,0x8008386C,libscan-verbatim,CONTRADICTED,True,,KEEP,CORROBORATED,bios_InitHeap,asm/funcs glabel,
0x80083954,func_80083954,irq_ProcessPending_80083954,SsEnd,SsEnd,SSEND,LIBSND,0x80083954,libscan-verbatim,CONTRADICTED_ALIAS,True,,KEEP,INFERRED,irq_ProcessPending,asm/funcs glabel,contradicting live alias(es): irq_ProcessPending_80083954
0x80083A18,func_80083A18,sys_Shutdown_80083A18;sys_Shutdown,SsInit,SsInit;SsInitHot,SSINIT_C,LIBSND,0x80083A18,libscan-verbatim,RESOLVED_RELOC_TARGET,True,,KEEP,INFERRED,sys_Shutdown,asm/funcs glabel,"contradicting live alias(es): sys_Shutdown_80083A18;sys_Shutdown | tie resolved by reloc-target consistency (ambiguous_resolutions.md; reproduced mechanically by tools/libscan/manifest.py filter 2): SSINIT_C's 3 REL26 callees (ResetCallback, SpuInit, _SsInit) all land on their placed addresses (0x80082AC0, 0x800885AC, 0x80083A48); SSINIT_H CONTRADICTED (+0x10 jal->0x800885AC but SpuInitHot placed at 0x80085FB8)"
0x80083A48,func_80083A48,,_SsInit,_SsInit,SSINIT,LIBSND,0x80083A48,libscan-verbatim,FILL,True,,RESET,SUSPECT,md_game_check_change_main_mode_default,asm/funcs glabel,
0x80083B30,func_80083B30,spu_Reset_80083B30,SsQuit,GsSetProjection;SendPAD;SsQuit;SsSetNoiseOff,SSQUIT,LIBSND,0x80083B30,libscan-verbatim,RESOLVED_RELOC_TARGET,True,,KEEP,INFERRED,spu_Reset,asm/funcs glabel,"contradicting live alias(es): spu_Reset_80083B30 | 4-way tie resolved by reloc-target consistency (ambiguous_resolutions.md; reproduced mechanically): SSQUIT's REL26 callee SpuQuit lands on its placed address 0x800892F8; SEND CONTRADICTED (+0x8 jal->0x800892F8 but _SendPAD placed at 0x80079000); GS_106 CONTRADICTED (SetGeomScreen placed at 0x8007EFFC); SSNOFF unverifiable; LIBGS not linked and the rival candidates take arguments the placed code never touches"
0x80083B50,func_80083B50,spu_SetVolume_80083B50,SsSetSerialAttr,SsSetSerialAttr,SSSATTR,LIBSND,0x80083B50,libscan-verbatim,CONTRADICTED_ALIAS,True,,KEEP,INFERRED,spu_SetVolume,asm/funcs glabel,contradicting live alias(es): spu_SetVolume_80083B50
0x80083BE4,func_80083BE4,,SsSetMVol,SsSetMVol,SSSMV,LIBSND,0x80083BE4,libscan-verbatim,FILL,True,,KEEP,AUTO,func_80083BE4,asm/funcs glabel,
0x80083C34,func_80083C34,,,_SsStart,SSSTART,LIBSND,0x80083C34,libscan-verbatim,MODULE_LOCAL_STATIC,True,,RESET,SUSPECT,saTan5TakeAnim2_2,asm/funcs glabel,"OBJ local symbol _SsStart (module-local static, NOT an exported name); propose nothing"
0x80083E9C,func_80083E9C,,SsStart,SsStart,SSSTART,LIBSND,0x80083C34,libscan-verbatim,FILL,True,,RESET,SUSPECT,DispStuff,asm/funcs glabel,
0x800848AC,func_800848AC,,_SsSndPause,_SsSndPause,PAUSE,LIBSND,0x800848AC,libscan-verbatim,FILL,True,,KEEP,AUTO,func_800848AC,asm/funcs glabel,
0x80084948,func_80084948,saTan4GaugeInit_wrapper_80084948,_SsSndPlay,_SsSndPlay,PLAY,LIBSND,0x80084948,libscan-verbatim,RESOLVED_LAYOUT,True,,KEEP,INFERRED,saTan4GaugeInit_wrapper,asm/funcs glabel,"contradicting live alias(es): saTan4GaugeInit_wrapper_80084948 | double placement resolved by module-span layout (ambiguous_resolutions.md): PLAY's callee _SsSeqPlay is MIDIREAD's offset-0 XDEF; with PLAY here, MIDIREAD spans 0x80084974-0x80085068 ending at the placed MIDITIME (4-byte version skew); with PLAY at 0x8008541C MIDIREAD would swallow the independently placed SSSV and SSTICK — impossible. 0x8008541C is SSSTOP's SsSepStop wrapper (dead: zero refs)"
0x80084974,func_80084974,,_SsSeqPlay,_SsSeqPlay,MIDIREAD,LIBSND,0x80084974,libscan-reloc,RELOC_CHAIN_ID,True,yes:active,,,,asm/funcs glabel,"bonus ID from the placed PLAY module's reloc chain (ambiguous_resolutions.md): PLAY defines _SsSndPlay at offset 0 and its sole REL26 reloc names _SsSeqPlay, MIDIREAD's offset-0 XDEF; placed PLAY at 0x80084948 jals 0x80084974, so _SsSeqPlay = 0x80084974. MIDIREAD itself is NOT byte-verbatim (known LIBSND version skew) — the identity comes from Sony's own reloc record, not a byte match. LIVE QUEUE ITEM (active): the wave rewrites the queue key and any memory/grind ledger dir"
0x80085064,func_80085064,seq_channel_byte_advance_80085064,_SsReadDeltaValue,_SsReadDeltaValue,MIDITIME,LIBSND,0x80085064,libscan-verbatim,CONTRADICTED_ALIAS,True,,KEEP,INFERRED,seq_channel_byte_advance,asm/funcs glabel,contradicting live alias(es): seq_channel_byte_advance_80085064
0x80085114,func_80085114,seq_channel_state_init_80085114,_SsSndNextSep,_SsSndNextSep,NEXT,LIBSND,0x80085114,libscan-verbatim,CONTRADICTED_ALIAS,True,,KEEP,INFERRED,seq_channel_state_init,asm/funcs glabel,contradicting live alias(es): seq_channel_state_init_80085114
0x80085210,func_80085210,,_SsSndReplay,_SsSndReplay,REPLAY,LIBSND,0x80085210,libscan-verbatim,FILL,True,,KEEP,AUTO,func_80085210,asm/funcs glabel,
0x8008541C,func_8008541C,,SsSepStop,SsSepStop,SSSTOP,LIBSND,0x80085270,libscan-reloc,RESOLVED_LAYOUT,True,,,,,build/bb2.map (decompiled in src/),"was the PLAY double-placement false hit; actually SSSTOP's tail wrapper (ambiguous_resolutions.md): SSSTOP XDEF SsSepStop at lib offset 0x1B4 places at +0x1AC (uniform 8-byte version-skew shortfall in _SsSndStop); body confirmed in src/main.c:694 — sign-extends two shorts and forwards both to _SsSndStop (SsSepStop(sep,seq)); the two-short forwarder shape is what produced the false PLAY hit"
0x80085270,func_80085270,spu_channel_reset_80085270,_SsSndStop,_SsSndStop,SSSTOP,LIBSND,0x80085270,libscan-reloc,RELOC_CHAIN_ID,True,,,,,asm/funcs glabel,"bonus ID from layout + SSSTOP's XDEF table (ambiguous_resolutions.md): SSSTOP occupies 0x80085270-0x80085448 (after placed REPLAY, before placed SSSV) with _SsSndStop at offset 0, SsSeqStop at +0x184 (lib 0x18C) and SsSepStop at +0x1AC (lib 0x1B4) — a uniform 8-byte version-skew shortfall in _SsSndStop with the two wrappers identical. Retires the contradicting alias spu_channel_reset_80085270"
0x800853F4,func_800853F4,,SsSeqStop,SsSeqStop,SSSTOP,LIBSND,0x80085270,libscan-reloc,RELOC_CHAIN_ID,True,,,,,build/bb2.map (decompiled in src/),"bonus ID, same SSSTOP layout chain as 0x80085270: SsSeqStop XDEF at lib offset 0x18C places at +0x184; body confirmed in src/main.c:690 — sign-extends one short and calls _SsSndStop(seq, 0), exactly SsSeqStop(seq)"
0x80085448,func_80085448,,SsSetSerialVol,SsSetSerialVol,SSSV,LIBSND,0x80085448,libscan-verbatim,FILL,True,,KEEP,AUTO,func_80085448,asm/funcs glabel,
0x80085544,func_80085544,,SsSetTickMode,SsSetTickMode,SSTICK,LIBSND,0x80085544,libscan-verbatim,FILL,True,,RESET,SUSPECT,SetBloodSpot,asm/funcs glabel,
0x800856B0,func_800856B0,DispStuff_helper_800856B0,_SsSndTempo,_SsSndTempo,TEMPO,LIBSND,0x800856B0,libscan-verbatim,CONTRADICTED_ALIAS,True,,KEEP,INFERRED,DispStuff_helper,asm/funcs glabel,contradicting live alias(es): DispStuff_helper_800856B0
0x800859F0,func_800859F0,,SsUtGetVBaddrInSB,SsUtGetVBaddrInSB,UT_GVBA,LIBSND,0x800859F0,libscan-verbatim,FILL,True,,RESET,SUSPECT,tslglobalmemfree_helper,asm/funcs glabel,
0x80085E4C,func_80085E4C,obj_SetControlData_80085E4C,SsUtSetReverbDepth,SsUtSetReverbDepth,UT_RDEP,LIBSND,0x80085E4C,libscan-verbatim,CONTRADICTED_ALIAS,True,,KEEP,INFERRED,obj_SetControlData,asm/funcs glabel,contradicting live alias(es): obj_SetControlData_80085E4C
0x80085EE4,func_80085EE4,obj_SetReverbValue_80085EE4,SsUtSetReverbType,SsUtSetReverbType,UT_REV,LIBSND,0x80085EE4,libscan-verbatim,CONTRADICTED_ALIAS,True,,KEEP,INFERRED,obj_SetReverbValue,asm/funcs glabel,contradicting live alias(es): obj_SetReverbValue_80085EE4
0x80085F88,spu_GetReverbMode,,SsUtGetReverbType,SsUtGetReverbType,UT_REV,LIBSND,0x80085EE4,libscan-verbatim,CONTRADICTED,True,,,,,build/bb2.map (decompiled in src/),
0x80085F98,func_80085F98,obj_ResetReverbMode_80085F98,SsUtReverbOff,SpuInit;SsUtReverbOff,UT_ROFF,LIBSND,0x80085F98,libscan-verbatim,RESOLVED_RELOC_TARGET,True,,KEEP,INFERRED,obj_ResetReverbMode,asm/funcs glabel,"contradicting live alias(es): obj_ResetReverbMode_80085F98 | tie resolved by reloc-target consistency (ambiguous_resolutions.md; reproduced mechanically): UT_ROFF's REL26 callee SpuSetReverb lands on its placed address 0x80089D60 (arg 0 clears SPUCNT bit 7, the reverb enable); S_I CONTRADICTED (+0x8 jal->0x80089D60 but _SpuInit placed at 0x800885CC)"
0x80085FB8,func_80085FB8,mario_helper_80085FB8,SsUtReverbOn,SpuInitHot;SsUtReverbOn,UT_RON,LIBSND,0x80085FB8,libscan-verbatim,RESOLVED_RELOC_TARGET,True,,KEEP,INFERRED,mario_helper,asm/funcs glabel,"contradicting live alias(es): mario_helper_80085FB8 | tie resolved by reloc-target consistency (ambiguous_resolutions.md; reproduced mechanically): UT_RON's REL26 callee SpuSetReverb lands on its placed address 0x80089D60 (arg 1 sets the reverb enable); S_IH CONTRADICTED (+0x8 jal->0x80089D60 but _SpuInit placed at 0x800885CC). NOTE the asm/funcs file spans 0x80085FB8-0x8008612C: only the first 8 words are SsUtReverbOn; the tail is further LIBSND UT_* code with no glabel (span-larger-than-name, boundary_fixes.md class)"
0x80086BFC,func_80086BFC,,note2pitch2,note2pitch2,VM_N2P,LIBSND,0x80086B38,libscan-verbatim,FILL,True,,RESET,SUSPECT,disp_mario_jimaku2,asm/funcs glabel,
0x80087E3C,func_80087E3C,,_SsVmVSetUp,_SsVmVSetUp,VM_VSU,LIBSND,0x80087E3C,libscan-verbatim,FILL,True,,RESET,SUSPECT,AddTbpOfst,asm/funcs glabel,
0x80087F00,func_80087F00,memcard_SetData_80087F00,SsSetAutoKeyOffMode,SsSetAutoKeyOffMode,VS_AUTO,LIBSND,0x80087F00,libscan-verbatim,CONTRADICTED_ALIAS,True,,KEEP,INFERRED,memcard_SetData,asm/funcs glabel,contradicting live alias(es): memcard_SetData_80087F00
0x80087F10,memcard_SetBusy,,SsSetMono,SsSetMono,VS_MONO,LIBSND,0x80087F10,libscan-verbatim,CONTRADICTED,True,,,,,build/bb2.map (decompiled in src/),
0x80087F24,func_80087F24,memcard_ClearBusy_80087F24,SsSetStereo,SsSetStereo,VS_MONO,LIBSND,0x80087F10,libscan-verbatim,CONTRADICTED_ALIAS,True,,KEEP,INFERRED,memcard_ClearBusy,asm/funcs glabel,contradicting live alias(es): memcard_ClearBusy_80087F24
0x80087F34,func_80087F34,memcard_SetSlot_80087F34;memcard_SetSlot,SsSetReservedVoice,SsSetReservedVoice,VS_SRV,LIBSND,0x80087F34,libscan-verbatim,CONTRADICTED_ALIAS,True,,KEEP,INFERRED,memcard_SetSlot,asm/funcs glabel,contradicting live alias(es): memcard_SetSlot_80087F34;memcard_SetSlot
0x80087F64,func_80087F64,snd_ChannelDmaFlush,SsVabClose,SsVabClose,VS_VAB,LIBSND,0x80087F64,libscan-verbatim,CONTRADICTED_ALIAS,True,,KEEP,INFERRED,snd_ChannelDmaFlush,asm/funcs glabel,contradicting live alias(es): snd_ChannelDmaFlush
0x80087FE8,func_80087FE8,,SsVabFakeBody,SsVabFakeBody,VS_VFB,LIBSND,0x80087FE8,libscan-verbatim,FILL,True,,RESET,SUSPECT,tslCDFileRead,asm/funcs glabel,
0x80088058,func_80088058,,SsVabOpenHead,SsVabOpenHead,VS_VH,LIBSND,0x80088058,libscan-verbatim,FILL,True,,,,,build/bb2.map (decompiled in src/),
0x80088088,func_80088088,,SsVabOpenHeadSticky,SsVabOpenHeadSticky,VS_VH,LIBSND,0x80088058,libscan-verbatim,FILL,True,,RESET,SUSPECT,coli_CheckBukiPreHit_80088088,asm/funcs glabel,
0x800880B8,func_800880B8,,SsVabFakeHead,SsVabFakeHead,VS_VH,LIBSND,0x80088058,libscan-verbatim,FILL,True,,RESET,SUSPECT,coli_CheckBukiPreHit_800880B8,asm/funcs glabel,
0x800880E8,func_800880E8,,,SsVabOpenHeadWithMode,VS_VH,LIBSND,0x80088058,libscan-verbatim,MODULE_LOCAL_STATIC,True,,RESET,SUSPECT,saTan2Main,asm/funcs glabel,"OBJ local symbol SsVabOpenHeadWithMode (module-local static, NOT an exported name); propose nothing"
0x800884C4,func_800884C4,,SsVabTransBody,SsVabTransBody,VS_VTB,LIBSND,0x800884C4,libscan-verbatim,FILL,True,,KEEP,AUTO,func_800884C4,asm/funcs glabel,
0x80088584,func_80088584,,SsVabTransCompleted,SsVabTransCompleted,VS_VTC,LIBSND,0x80088584,libscan-verbatim,FILL,True,,RESET,SUSPECT,tslglobalmemfree_helper,asm/funcs glabel,
0x800885AC,func_800885AC,spu_Init_800885AC;spu_Init,SpuInit,SpuInit;SsUtReverbOff,S_I,LIBSPU,0x800885AC,libscan-verbatim,RESOLVED_RELOC_TARGET,True,,KEEP,INFERRED,spu_Init,asm/funcs glabel,"contradicting live alias(es): spu_Init_800885AC;spu_Init | tie resolved by reloc-target consistency (ambiguous_resolutions.md; reproduced mechanically): S_I's REL26 callee _SpuInit lands on its placed address 0x800885CC; UT_ROFF CONTRADICTED (+0x8 jal->0x800885CC but SpuSetReverb placed at 0x80089D60). Independently corroborated by SSINIT_C's reloc chain at 0x80083A18, which requires SpuInit at exactly 0x800885AC"
0x800885CC,func_800885CC,spu_helper_800885CC,_SpuInit,_SpuInit,S_INI,LIBSPU,0x800885CC,libscan-verbatim,CONTRADICTED_ALIAS,True,,KEEP,INFERRED,spu_helper,asm/funcs glabel,contradicting live alias(es): spu_helper_800885CC
0x800886C4,func_800886C4,bios_helper_800886C4,SpuStart,SpuStart,S_INI,LIBSPU,0x800885CC,libscan-verbatim,CONTRADICTED_ALIAS,True,,KEEP,INFERRED,bios_helper,asm/funcs glabel,contradicting live alias(es): bios_helper_800886C4
0x80088740,func_80088740,spu_FlushVoiceChannels,_spu_init,_spu_init,SPU,LIBSPU,0x80088740,libscan-verbatim,CONTRADICTED_ALIAS,True,,KEEP,INFERRED,spu_FlushVoiceChannels,asm/funcs glabel,contradicting live alias(es): spu_FlushVoiceChannels
0x800889D4,func_800889D4,,,_spu_FwriteByIO,SPU,LIBSPU,0x80088740,libscan-verbatim,MODULE_LOCAL_STATIC,True,yes:active,RESET,SUSPECT,DispUpdateStatusMessage,asm/funcs glabel,"OBJ local symbol _spu_FwriteByIO (module-local static, NOT an exported name); propose nothing"
0x80088D0C,func_80088D0C,,_spu_t,_spu_t,SPU,LIBSPU,0x80088740,libscan-verbatim,FILL,True,,RESET,SUSPECT,saTan0GaugeDraw,asm/funcs glabel,
0x80088F9C,func_80088F9C,spu_helper_80088F9C,_spu_Fw,_spu_Fw,SPU,LIBSPU,0x80088740,libscan-verbatim,CONTRADICTED_ALIAS,True,,KEEP,INFERRED,spu_helper,asm/funcs glabel,contradicting live alias(es): spu_helper_80088F9C
0x80089024,func_80089024,spu_helper_80089024,_spu_Fr,_spu_Fr,SPU,LIBSPU,0x80088740,libscan-verbatim,CONTRADICTED_ALIAS,True,,KEEP,INFERRED,spu_helper,asm/funcs glabel,contradicting live alias(es): spu_helper_80089024
0x8008908C,spu_WriteReg,,_spu_FsetRXX,_spu_FsetRXX,SPU,LIBSPU,0x80088740,libscan-verbatim,CONTRADICTED,True,,KEEP,INFERRED,spu_WriteReg,asm/funcs glabel,
0x800890D4,func_800890D4,,_spu_FsetRXXa,_spu_FsetRXXa,SPU,LIBSPU,0x80088740,libscan-verbatim,FILL,True,,RESET,SUSPECT,saTan1SyuryoDraw,asm/funcs glabel,
0x80089178,func_80089178,,_spu_FgetRXXa,_spu_FgetRXXa,SPU,LIBSPU,0x80088740,libscan-verbatim,FILL,True,,,,,build/bb2.map (decompiled in src/),
0x800891B4,func_800891B4,,_spu_FsetPCR,_spu_FsetPCR,SPU,LIBSPU,0x80088740,libscan-verbatim,FILL,True,,,,,build/bb2.map (decompiled in src/),
0x80089214,spu_ReadStatus,copy_80089214,,_spu_FsetDelayW,SPU,LIBSPU,0x80088740,libscan-verbatim,MODULE_LOCAL_STATIC,True,,KEEP,INFERRED,spu_ReadStatus,asm/funcs glabel,"OBJ local symbol _spu_FsetDelayW (module-local static, NOT an exported name); propose nothing"
0x80089240,spu_ReadReg,copy_80089240,,_spu_FsetDelayR,SPU,LIBSPU,0x80088740,libscan-verbatim,MODULE_LOCAL_STATIC,True,,KEEP,INFERRED,spu_ReadReg,asm/funcs glabel,"OBJ local symbol _spu_FsetDelayR (module-local static, NOT an exported name); propose nothing"
0x8008926C,spu_WriteReg16,,_spu_Fw1ts,_spu_Fw1ts,SPU,LIBSPU,0x80088740,libscan-verbatim,CONTRADICTED,True,,KEEP,INFERRED,spu_WriteReg16,asm/funcs glabel,
0x800892D4,func_800892D4,irq_AcknowledgeVblank_wrapper_800892D4,_SpuDataCallback,_SpuDataCallback,S_DCB,LIBSPU,0x800892D4,libscan-verbatim,CONTRADICTED_ALIAS,True,,KEEP,INFERRED,irq_AcknowledgeVblank_wrapper,asm/funcs glabel,contradicting live alias(es): irq_AcknowledgeVblank_wrapper_800892D4
0x800892F8,func_800892F8,bios_helper_800892F8,SpuQuit,SpuQuit,S_Q,LIBSPU,0x800892F8,libscan-verbatim,CONTRADICTED_ALIAS,True,,KEEP,INFERRED,bios_helper,asm/funcs glabel,contradicting live alias(es): bios_helper_800892F8
0x80089374,bios_DisableEvent,,DisableEvent,DisableEvent,A13,LIBAPI,0x80089374,libscan-verbatim,CONTRADICTED,True,,KEEP,CORROBORATED,bios_DisableEvent,asm/funcs glabel,
0x80089384,spu_IrqHandler,,SpuInitMalloc,SpuInitMalloc,S_M_INIT,LIBSPU,0x80089384,libscan-verbatim,CONTRADICTED,True,,KEEP,INFERRED,spu_IrqHandler,asm/funcs glabel,
0x800893D8,func_800893D8,,SpuMalloc,SpuMalloc,S_M_M,LIBSPU,0x800893D8,libscan-verbatim,FILL,True,,RESET,SUSPECT,coli_HitPauseKatana,asm/funcs glabel,
0x800896A0,func_800896A0,,_spu_gcSPU,_spu_gcSPU,S_M_INT,LIBSPU,0x800896A0,libscan-verbatim,FILL,True,yes:active,RESET,SUSPECT,exec_game,asm/funcs glabel,
0x800899A8,func_800899A8,snd_helper_800899A8,SpuFree,SpuFree,S_M_F,LIBSPU,0x800899A8,libscan-verbatim,CONTRADICTED_ALIAS,True,,KEEP,INFERRED,snd_helper,asm/funcs glabel,contradicting live alias(es): snd_helper_800899A8
0x80089A24,spu_WaitReady,coli_HitPauseKatana_2_wrapper_80089A24,SpuSetNoiseVoice,SpuSetNoiseVoice,S_SNV,LIBSPU,0x80089A24,libscan-verbatim,CONTRADICTED,True,,KEEP,INFERRED,spu_WaitReady,asm/funcs glabel,contradicting live alias(es): coli_HitPauseKatana_2_wrapper_80089A24
0x80089D10,func_80089D10,allocbukirmd_helper_80089D10,SpuSetNoiseClock,SpuSetNoiseClock,S_SNC,LIBSPU,0x80089D10,libscan-verbatim,CONTRADICTED_ALIAS,True,,KEEP,INFERRED,allocbukirmd_helper,asm/funcs glabel,contradicting live alias(es): allocbukirmd_helper_80089D10
0x80089D60,func_80089D60,,SpuSetReverb,SpuSetReverb,S_SR,LIBSPU,0x80089D60,libscan-verbatim,FILL,True,,RESET,SUSPECT,saEft03Start2,asm/funcs glabel,
0x80089E30,func_80089E30,,_SpuIsInAllocateArea,_SpuIsInAllocateArea,S_M_UTIL,LIBSPU,0x80089E30,libscan-verbatim,FILL,True,,KEEP,AUTO,func_80089E30,asm/funcs glabel,
0x80089EB0,func_80089EB0,,_SpuIsInAllocateArea_,_SpuIsInAllocateArea_,S_M_UTIL,LIBSPU,0x80089E30,libscan-verbatim,FILL,True,,RESET,SUSPECT,action_check_defense2,asm/funcs glabel,
0x80089F3C,func_80089F3C,obj_helper_80089F3C,SpuSetReverbModeParam,SpuSetReverbModeParam,S_SRMP,LIBSPU,0x80089F3C,libscan-verbatim,CONTRADICTED_ALIAS,True,,KEEP,INFERRED,obj_helper,asm/funcs glabel,contradicting live alias(es): obj_helper_80089F3C
0x8008A434,func_8008A434,,_spu_setReverbAttr,_spu_setReverbAttr,S_SRA,LIBSPU,0x8008A434,libscan-verbatim,FILL,True,,KEEP,AUTO,func_8008A434,asm/funcs glabel,
0x8008A904,func_8008A904,,SpuSetReverbVoice,SpuSetReverbVoice,S_SRV,LIBSPU,0x8008A904,libscan-verbatim,FILL,True,,RESET,SUSPECT,coli_HitPauseKatana_3,asm/funcs glabel,
0x8008A928,func_8008A928,,SpuClearReverbWorkArea,SpuClearReverbWorkArea,S_CRWA,LIBSPU,0x8008A928,libscan-verbatim,FILL,True,,RESET,SUSPECT,md_game_check_change_main_mode_katinuki,asm/funcs glabel,
0x8008AAC4,func_8008AAC4,,WaitEvent,WaitEvent,A10,LIBAPI,0x8008AAC4,libscan-verbatim,FILL,True,,RESET,SUSPECT,CheckFadeEnd,asm/funcs glabel,
0x8008AAD4,func_8008AAD4,action_apply_hit_flags_8008AAD4,SpuSetKey,SpuSetKey,S_SK,LIBSPU,0x8008AAD4,libscan-verbatim,CONTRADICTED_ALIAS,True,,KEEP,INFERRED,action_apply_hit_flags,asm/funcs glabel,contradicting live alias(es): action_apply_hit_flags_8008AAD4
0x8008ACD0,func_8008ACD0,,SpuGetKeyStatus,SpuGetKeyStatus,S_GKS,LIBSPU,0x8008ACD0,libscan-verbatim,FILL,True,,RESET,SUSPECT,coli_calc_motion2,asm/funcs glabel,
0x8008AD64,func_8008AD64,spu_TransferDirect_capped,SpuRead,SpuRead;SpuWrite,S_R,LIBSPU,0x8008AD64,libscan-verbatim,RESOLVED_RELOC_TARGET,True,,KEEP,INFERRED,spu_TransferDirect_capped,asm/funcs glabel,"contradicting live alias(es): spu_TransferDirect_capped | tie resolved by reloc-target consistency (ambiguous_resolutions.md; reproduced mechanically): S_R's REL26 callee _spu_Fr lands on its placed address 0x80089024; S_W CONTRADICTED (+0x28 jal->0x80089024 but _spu_Fw placed at 0x80088F9C). Corroborated by LIBSPU archive link-order (S_GKS 49 < S_R 52 < S_W 53 < S_STSA 55) and shared-global reloc offsets for _spu_transferCallback/_spu_inTransfer"
0x8008ADC4,func_8008ADC4,spu_TransferData_capped,SpuWrite,SpuRead;SpuWrite,S_W,LIBSPU,0x8008ADC4,libscan-verbatim,RESOLVED_RELOC_TARGET,True,,KEEP,INFERRED,spu_TransferData_capped,asm/funcs glabel,"contradicting live alias(es): spu_TransferData_capped | tie resolved by reloc-target consistency (ambiguous_resolutions.md; reproduced mechanically): S_W's REL26 callee _spu_Fw lands on its placed address 0x80088F9C; S_R CONTRADICTED (+0x28 jal->0x80088F9C but _spu_Fr placed at 0x80089024). _spu_Fw confirmed behaviourally: branches on _spu_transferMode and diverts to the CPU->SPU I/O FIFO path, which only exists for writes"
0x8008AE24,func_8008AE24,,SpuSetTransferStartAddr,SpuSetTransferStartAddr,S_STSA,LIBSPU,0x8008AE24,libscan-verbatim,FILL,True,,KEEP,AUTO,func_8008AE24,asm/funcs glabel,
0x8008AE7C,func_8008AE7C,set_global_8008AE7C,SpuSetTransferMode,SpuSetTransferMode,S_STM,LIBSPU,0x8008AE7C,libscan-verbatim,CONTRADICTED_ALIAS,True,,KEEP,INFERRED,set_global,asm/funcs glabel,contradicting live alias(es): set_global_8008AE7C
0x8008AEB0,func_8008AEB0,,SpuIsTransferCompleted,SpuIsTransferCompleted,S_ITC,LIBSPU,0x8008AEB0,libscan-verbatim,FILL,True,,KEEP,AUTO,func_8008AEB0,asm/funcs glabel,
0x8008AF58,func_8008AF58,,_spu_setInTransfer,_spu_setInTransfer,S_IT,LIBSPU,0x8008AF58,libscan-verbatim,FILL,True,,RESET,SUSPECT,ReturnVSMode,asm/funcs glabel,
0x8008AF84,func_8008AF84,satan_state_toggle_wrapper_8008AF84,_spu_getInTransfer,_spu_getInTransfer,S_IT,LIBSPU,0x8008AF58,libscan-verbatim,CONTRADICTED_ALIAS,True,,KEEP,INFERRED,satan_state_toggle_wrapper,asm/funcs glabel,contradicting live alias(es): satan_state_toggle_wrapper_8008AF84
0x8008AF9C,func_8008AF9C,spu_helper_8008AF9C,SpuSetCommonAttr,SpuSetCommonAttr,S_SCA,LIBSPU,0x8008AF9C,libscan-verbatim,CONTRADICTED_ALIAS,True,,KEEP,INFERRED,spu_helper,asm/funcs glabel,contradicting live alias(es): spu_helper_8008AF9C
0x8008B400,func_8008B400,,SpuGetAllKeysStatus,SpuGetAllKeysStatus,SR_GAKS,LIBSPU,0x8008B330,libscan-verbatim,FILL,True,,KEEP,AUTO,func_8008B400,asm/funcs glabel,
0x8008BB24,func_8008BB24,satan_angle_interpolation_8008BB24,_spu_note2pitch,_spu_note2pitch,S_N2P,LIBSPU,0x8008BA94,libscan-verbatim,CONTRADICTED_ALIAS,True,yes:active,KEEP,INFERRED,satan_angle_interpolation,asm/funcs glabel,contradicting live alias(es): satan_angle_interpolation_8008BB24
0x8008BC60,func_8008BC60,,_spu_pitch2note,_spu_pitch2note,S_N2P,LIBSPU,0x8008BA94,libscan-verbatim,FILL,True,yes:active,KEEP,INFERRED,func,asm/funcs glabel,
0x8008BD88,func_8008BD88,,SpuGetVoiceVolume,SpuGetVoiceVolume,S_GVV,LIBSPU,0x8008BD88,libscan-verbatim,FILL,True,,KEEP,AUTO,func_8008BD88,asm/funcs glabel,
0x8008BDE8,func_8008BDE8,action_read_spu_voice_8008BDE8,SpuGetVoiceEnvelope,SpuGetVoiceEnvelope,S_GVEX,LIBSPU,0x8008BDE8,libscan-verbatim,CONTRADICTED_ALIAS,True,,KEEP,INFERRED,action_read_spu_voice,asm/funcs glabel,contradicting live alias(es): action_read_spu_voice_8008BDE8
0x8008BE04,func_8008BE04,dev_AddDevice_8008BE04,AddCOMB,AddCOMB,COMB,LIBCOMB,0x8008BE04,libscan-verbatim,CONTRADICTED_ALIAS,True,,KEEP,INFERRED,dev_AddDevice,asm/funcs glabel,contradicting live alias(es): dev_AddDevice_8008BE04
0x8008BE4C,func_8008BE4C,,DelCOMB,DelCOMB,COMB,LIBCOMB,0x8008BE04,libscan-verbatim,FILL,True,,KEEP,AUTO,func_8008BE4C,asm/funcs glabel,
0x8008BE9C,func_8008BE9C,,ChangeClearSIO,ChangeClearSIO,COMB,LIBCOMB,0x8008BE04,libscan-verbatim,FILL,True,,,,,build/bb2.map (decompiled in src/),
0x8008BEA4,func_8008BEA4,,,SioAnsyncRead,COMB,LIBCOMB,0x8008BE04,libscan-verbatim,MODULE_LOCAL_STATIC,True,,KEEP,AUTO,func_8008BEA4,asm/funcs glabel,"OBJ local symbol SioAnsyncRead (module-local static, NOT an exported name); propose nothing"
0x8008BF04,func_8008BF04,,,SioSyncroRead,COMB,LIBCOMB,0x8008BE04,libscan-verbatim,MODULE_LOCAL_STATIC,True,yes:active,RESET,SUSPECT,cpu_side_move_dir_3,asm/funcs glabel,"OBJ local symbol SioSyncroRead (module-local static, NOT an exported name); propose nothing"
0x8008C184,func_8008C184,,,SioAnsyncWrite,COMB,LIBCOMB,0x8008BE04,libscan-verbatim,MODULE_LOCAL_STATIC,True,,KEEP,AUTO,func_8008C184,asm/funcs glabel,"OBJ local symbol SioAnsyncWrite (module-local static, NOT an exported name); propose nothing"
0x8008C1E8,func_8008C1E8,,,SioSyncroWrite,COMB,LIBCOMB,0x8008BE04,libscan-verbatim,MODULE_LOCAL_STATIC,True,yes:active,RESET,SUSPECT,SetPacketData,asm/funcs glabel,"OBJ local symbol SioSyncroWrite (module-local static, NOT an exported name); propose nothing"
0x8008C464,func_8008C464,bios_helper_8008C464,_comb_control,_comb_control,COMB,LIBCOMB,0x8008BE04,libscan-verbatim,CONTRADICTED_ALIAS,True,yes:active,KEEP,INFERRED,bios_helper,asm/funcs glabel,contradicting live alias(es): bios_helper_8008C464
0x8008D050,bios_AddDevice_B,,AddDrv,AddDrv,A71,LIBAPI,0x8008D050,libscan-verbatim,CONTRADICTED,True,,KEEP,CORROBORATED,bios_AddDevice_B,asm/funcs glabel,
0x8008D060,func_8008D060,,DelDrv,DelDrv,A72,LIBAPI,0x8008D060,libscan-verbatim,FILL,True,,KEEP,AUTO,func_8008D060,asm/funcs glabel,
