# TU renames (restructure, owner decision Q106 D9): old id, new id, and the
# HEAD the move was made on (`after:<sha>`; the move is the next commit that
# touches this row). Ids are paths under src/ without .c. Resolve a
# historical src/<id>.c citation by following old -> new (engine/tus.py).
comb	main/psxsdk/libcomb/comb	after:a38713186312
text1b_b_tu3	main/psxsdk/libc2/sprintf	after:2c35cbd7d6f8
ings	main/6CF8	after:86e7e79983b4
code6cac	main/87A0	after:2b19da32c0e4
code6cac_tu2	main/9F9C	after:643690fddc7f
code6cac_b	main/175A4	after:40002ab70b6a
code6cac_b_tu2	main/17AFC	after:d891188fda74
code6cac_b_tu3	main/24BF0	after:3e2183a7e6aa
code6cac_b3	main/24F08	after:0c8e9f559d14
