addr,current_name,proposed_name,verdict,vein,note
0x80033898,gpu_enable_and_state_reset,func_80033898,REFUTE,gfx,"RESET NOT justified (name is unsupported, not contradicted -> KEEP). Body (asm/funcs/func_80033898.s; C src/code6cac_b.c:4624, not :4280) = jal gpu_ResetGraphMode1 [CORROBORATED] then sw 0 -> D_800A37B8, sh 3 -> D_800A3834. I followed ResetGraph(1) [VERIFIED] into the EXE: mode 1 dispatches through the gpu callback table (*D_8009BE6C = 0x8009BE2C, +0x34 = 0x8007D9C4 = _reset), whose mode-1 path writes DMA2_CHCR (*D_8009BF54 = 0x1F8010A8) = 0x401, DPCR (*D_8009BF64 = 0x1F8010F0) |= 0x800 = the DMA2/GPU channel MASTER ENABLE bit, then GP1 (*D_8009BF48 = 0x1F801814) = 0x02000000, 0x01000000 (ack IRQ, reset command buffer). So a GPU enable bit IS set in reach and GPU/queue state IS reset; the miner's contradiction only holds if 'enable' is read as display-enable (GP1(03h)), which this name does not say (the false claim was gpu_EnableDisplay's). Provenance (inherited from the old wrong name) is not a body contradiction. Leave INFERRED."
0x80016768,disp_SetFramebufferMode,gpu_SetDrawEnvBg,PLAUSIBLE,gfx,"Facts reproduced: 17-insn leaf, no call: for i<2 sb a0 -> g_gpu_db+i*0x4090+0x18, sb a1/a2/a3 -> +0x19/+0x1A/+0x1B. DRAWENV layout (libgpu.h:299-309) puts isbg at 0x18, r0/g0/b0 at 0x19-0x1B, and the EXE's OWN SetDrawEnv [VERIFIED] (asm/funcs/SetDrawEnv.s:43-45,105-112) tests +0x18 and, if set, emits a GP0 0x60 fill with colour b0<<16|g0<<8|r0 from +0x1B/+0x1A/+0x19 - so the semantics are solid. BUT the class is not met: api-restatement restates VERIFIED CALLS the body makes; this body makes none (it restates struct fields of a CONFIRMED data symbol), and computation-restatement excludes functions that write game globals. -> hold for owner (would need a 'Sony-struct field restatement' admission). RESET of the old name IS independently justifiable: 'disp_...FramebufferMode' claims a display/framebuffer mode, yet no DISPENV field (g_gpu_db+0x5C..) and no GP1(08h) mode is touched; the one flag is DRAWENV's clear-enable and 3 of 4 args are the clear colour (consumed only by SetDrawEnv). Apply hazards either way: definition src/ings.c:188 (census src_location code6cac_c2.c:105 is an extern - stale), ~20 call sites, undefined_syms_auto.txt:1454, named_syms.txt:410 + prose at 847-849/1569, known_psyq_stdlib.txt:23 (wrongly lists it as psyq_memset) -> tools/naming_wave.py only."
0x800525d8,gte_sqr,gte_NormalizeIR,PLAUSIBLE,gte,"Reproduced the computation: reads IR1-3 (sign-extended), SQR sf=0 -> v0 = x^2+y^2+z^2 (0 mismatches), LZCS/LZCR even-exponent split, D_800154A0 = 4096*sqrt(64/(64+i)) inverse-sqrt table (D[0]=4096, D[1]=4064, D[191]=2052), GPF sf=0 then srav -> $t0/$t1/$t2. 32981 non-trapping vectors (20000 random + every magnitude step 7 on axis/diagonal): |out - 4096*v/|v|| <= 31 LSB, |out| 4092.8..4128.2; zero vector -> 0; 1062 trapping cases, all with x^2+y^2+z^2 >= 2^31 (add overflow at 0x80052604). Held because the name is not TRUE as a restatement: (1) the result is NOT left in IR - IR1-3 exit holding saturated unscaled products (v=(300,-400,1200): IR=(7FFF,-8000,7FFF)), the output is in non-ABI $t0-$t2 (sole caller func_800523E0 immediately overwrites IR and reads $t0 after jal at 0x80052478/0x80052548), so 'gte_NormalizeIR' in the gte_ family (cf. gte_SetMatrixRotTransIR where IR names the GTE result) reads as 'normalises the IR registers', which is false; (2) it is a table approximation with up to 31/4096 (0.76%) error and output length up to 4128 - 2.3x the error class of the RotMatrix precedents (which also matched Sony's own error); whether 'Normalize' admits that is an owner question. If the owner admits approximate normalization, a spelling that does not imply in-place IR (e.g. gte_UnitVectorFromIR, noting ~0.8% table precision and |v|^2 < 2^31) would be CONFIRMable on this evidence. APPLY HAZARDS: alias-only (named_syms.txt:3526 gte_sqr_800525D8); glabel keys inline_asm_canonical.txt:184, known_psyq_stdlib.txt:78, src/text1b.c:1459. Model validation (own R3000A+GTE interpreter vemu.py, raw EXE words, load/branch delay + add/sub/addi traps; GTE semantics re-derived from psx-spx, run v0_model.py): VERIFIED LoadAverageShort12@8007E24C 20000/0 mism vs two-stage GPF->GPL closed form (<=1 LSB from the doc's (v0*p0+v1*p1)>>12), MulMatrix0@8007E4DC 5000/0, ApplyMatrix@8007ED6C 5000/0, SetRotMatrix+SetTransMatrix+RotTrans@8007F2AC 5000/0 (MVMVA+ctc2 RT/TR layout), Square0/Square12 5000/0 each (SQR sf0/sf1), SquareRoot0@8007E11C tracks sqrt within table/truncation error (-3.7% max for x>=1024; an LZCR off-by-one would give ~sqrt2 errors), RotMatrixZYX@8007F5EC = Rz*Ry*Rx within 14.8/4096 (CPU core)."
0x800171ac,rng_SetSeed,rng_SetSeed,PLAUSIBLE,misc,"Facts reproduced: body = sw a0,%gp_rel(0x800A38BC); jr. emulation: own interpreter tmp/naming_sweep2/misc/verify/r3k.py (raw EXE words, branch+load delay slots, GTE subset per psx-spx), runs in v_emu.py -> v_emu_out.txt: 5013 seeds, word==a0, no other byte written, 0 mismatches. Raw-EXE scan (v_refs.py, gp-relative + lui/lo pairs + data words, independent of splat symbols): 0x800A38BC is touched only at 0x800171AC, 0x800171B8, 0x800171F4 (this function and rng_Next). BUT the 2026-09-24 ruling states 'A function that reads or writes game globals / game struct fields is NOT pure computation' with no exception for state private to a function pair; this function's whole effect is a global store. As written the ruling does not admit it -> hold for owner. If the owner extends the class to 'closed private state' this row is otherwise CONFIRM-ready."
0x800171b8,rng_Next,rng_Next,PLAUSIBLE,misc,"Formula re-derived from the shift/add chain myself: s'=(s*5497+0x7FA9) ^ (s>>16 arithmetic); store s'; return s'&0x7FFF. emulation: own interpreter tmp/naming_sweep2/misc/verify/r3k.py (raw EXE words, branch+load delay slots, GTE subset per psx-spx), runs in v_emu.py -> v_emu_out.txt: 30013 states (edge + uniform u32), new state and v0 both match, only 0x800A38BC..BF written, 0 mismatches (from seed 1: 14921 distinct values in 20000 outputs, mean 16360 - PRNG-like). Not PsyQ rand(). Same ruling bar as rng_SetSeed: it reads and writes the global 0x800A38BC, so NOT pure computation under the 2026-09-24 ruling text -> PLAUSIBLE (owner decision whether single-owner generator state is admissible). Note 'rng' names the algorithm class, not a game role - no game semantics beyond that."
0x80017f28,scratchpad_Save,scratchpad_Save,PLAUSIBLE,misc,"Reproduced: for i<0xF8: D_800F5370[i] = ((u32*)0x1F800000)[i]. emulation: own interpreter tmp/naming_sweep2/misc/verify/r3k.py (raw EXE words, branch+load delay slots, GTE subset per psx-spx), runs in v_emu.py -> v_emu_out.txt: 300 random 1 KB scratchpad images, bytes 0x1F800000..0x1F8003DF copied, write set == exactly 0x800F5370..0x800F574F, 0 mismatches. Raw scan: 0x800F5370..0x800F574F referenced only by 0x80017F30 and 0x80017F60 (this pair). Ruling: writes a 992-byte game global buffer -> not pure computation as written -> PLAUSIBLE. Also note for the owner: it saves 992 of the 1024 scratchpad bytes (0x1F8003E0..3FF not saved), so 'Save' is partial."
0x80017f5c,scratchpad_Restore,scratchpad_Restore,PLAUSIBLE,misc,"Reproduced exact inverse: for i<0xF8: ((u32*)0x1F800000)[i] = D_800F5370[i]. emulation: own interpreter tmp/naming_sweep2/misc/verify/r3k.py (raw EXE words, branch+load delay slots, GTE subset per psx-spx), runs in v_emu.py -> v_emu_out.txt: 300 random buffers, write set == exactly 0x1F800000..0x1F8003DF, 0 mismatches. Reads the global buffer D_800F5370 -> excluded by the ruling's globals clause as written -> PLAUSIBLE, same as scratchpad_Save (decide the pair together)."
0x80046954,empty_stub,empty_stub,CONFIRM-deferred,misc,"empty_stub UPGRADE: link-map desync (src defines snd_SeNullCallback, unsupported) - resolve by hand first"
0x80020ddc,disppracticemenutex_InitReplay,cdrom_LoadCommonBbm,PLAUSIBLE,mode_ui,"Facts re-derived: idx = func_80036EA8(1,1) = D_8008F12C[1]+1 = 2+1 = 3 (C body code6cac_b2_post.c:270; halfwords read from EXE [0,2,21,119,...]). cdrom_StartRead(3, D_800A3830); game_FrameLoop(); then D_80102760 = buf+0x14, D_80102764 = buf+[buf+4], D_80102768 = buf+[buf+8], D_80102770 = buf+[buf+0x10], D_800A3880 = 1. g_cd_file_table[3] checked by my own ISO9660 walk of ""Bushido Blade 2 (USA).bin"" (verify/iso_entry.py): 00:38:32 -> LBA 2732, length 0x287E4 = /MOTION/COMMON.BBM (the only file of that size; disc/MOTION/COMMON.BBM is 165,860 bytes). NOT ADMITTED: api-restatement needs VERIFIED callees, but cdrom_StartRead is CORROBORATED, game_FrameLoop INFERRED and func_80036EA8 INFERRED. The file identity comes from a data table, not a VERIFIED call or an in-function string. Owner decision. RESET not independently justified either: the body does no GPU work, but ""practice-menu tex"" and ""Replay"" are unsupported rather than contradicted, since a replay/menu setup could plausibly load this bundle. Keep as is pending the owner."
0x8003f5cc,stage_ApplyLighting,func_8003F5CC,PLAUSIBLE,sys_snd_io,"Facts reproduced: EXE words at 0x8003F5CC = 3x jal 0x80017F98 with (g_stage_light_pos[i], g_stage_light_dir[i], i); 0x80017F98 = 03E00008 00000000 (jr ra; nop). So the function has no observable effect. BUT per (e): three calls passing (value_i, target_i, i) to an empty callee is exactly the shape of a compiled-out release hook; an action name describing the call's intent is not concretely false, and 'Lighting' is unsupported rather than contradicted (the 'light' vars are written only by stage_ClearLighting (zeros) and stage_SetLightPosDir (0 callers, dead), read only here - circular, not contradictory). Not the same as 'Init that only reads': the effect is absent because the CALLEE is empty. Owner policy call: does 'effect-free in this EXE because the callee is an empty stub' contradict an action verb? If yes -> RESET func_8003F5CC. HAZARD if applied: glabel name in src/config.c:186 (C def), src/sound.c:83/330, func_80046BF4.s:102, named_syms.txt:3665."
0x800a38bc,g_file_heap_base,(retire alias only),CONFIRM-deferred,misc,"CONFIRMed RESET of g_file_heap_base (RNG state word; only rng_SetSeed/rng_Next touch it). Deferred: data_wave retires every OTHER name at the address, so it cannot drop g_file_heap_base while leaving both D_800A38BC and the held g_rng_state alias as they are (a D_ target would also retire g_rng_state; a g_rng_state target would spread it into asm/registries). Needs a single-alias retire. Derived g_file_heap_base_plus_4/_plus_5 go with it."
0x800f6656,g_game_p1_ctrl,D_800F6656,CONFIRM-deferred,mode_ui,"CONFIRMed RESET (render bit field {0,3}, no pad code). Deferred: src/code6cac_c2.c declares the address twice with different C types - `extern s16 D_800F6656` (line ~1261, func_8003DA8C family) and `extern u16 g_game_p1_ctrl` (func_8003E2AC, a matched C body doing a u16 RMW). Collapsing the aliases needs a type reconciliation inside a matched function (cast or retype) with its own oracle proof, not a pure rename."
0x800a33d0,g_snd_volume,D_800A33D0,CONFIRM-deferred,sys_snd_io,"CONFIRMed RESET (stage-buffer write cursor, heap-relocated; not a volume). Deferred: include/sound.h declares `extern s32 g_snd_volume` (used as an integer at src/sound.c:641, src/text1b.c:18) while src/sound.c:646 declares `extern s16 *D_800A33D0` for the same address. Collapsing the aliases needs a type reconciliation across matched C bodies with its own oracle proof, not a pure rename."
