addr,current_name,proposed_name,final_name,evidence_class,verdict,verifier_note
0x8003FFA8,func_8003FFA8,math_AlignUp4,math_AlignUp4,computation-restatement,CONFIRM,"Re-derived from raw EXE words: (a&3)? (a+3)&-4 : a == (a+3)&~3 for every s32 (a multiple of 4 is a fixed point). Emu (binary-decoded, load/branch-delay modelled) 30620 inputs incl. INT_MAX-5..INT_MAX and INT_MIN edges: 0 mismatches; wrap at the top equals the C expression."
0x8001A62C,func_8001A62C,math_FloorDiv2000,math_FloorDiv2000,computation-restatement,CONFIRM,"x>=0: mulhi(x,0x10624DD3)>>7 - (x>>31) = x/2000 (magic=ceil(2^39/2000), exact for all s32). x<0: -((1999-x)/2000) = floor(x/2000). 54222 inputs incl. dense INT_MIN/INT_MAX windows: only failures are exactly x in [INT_MIN, INT_MIN+1999] where 1999-x wraps (signed-overflow UB in the C on main, src/code6cac.c:965). Domain note belongs in the evidence: floor(x/2000) for x >= INT_MIN+2000."
0x80042F10,func_80042F10,math_Rotate2D,math_Rotate2D,computation-restatement,CONFIRM,"Args (s32 *x, s32 *y, angle): c=T[(a+0x400)&0xFFF], s=T[a&0xFFF]; *y=(s*x+c*y)>>12, *x=(c*x-s*y)>>12 (both inputs read before any store, so x==y aliasing is safe). 30000 cases incl. full-range s32 angles: 0 mismatches. Same sign convention as libgte RotMatrixZ (m:=Rz*m). Name carries no direction word, so nothing unearned. Valid while 32-bit products do not overflow (|x|,|y| < 2^19)."
0x80042684,func_80042684,math_RgbToHsv,math_RgbToHsv,computation-restatement,CONFIRM,"in s32[3] rgb, out s32[3] = (H in 1/4096 turn, S in 1/4096, V=max). Fixed-point textbook hexcone RGB->HSV; 30000 triples (0..2^19-1, forced ties): 0 mismatches vs integer reference, 0 break traps; vs colorsys.rgb_to_hsv max err 1/4096 for inputs<=4096. HSV (not HSL): S=(max-min)/max, V=max. Edge: hue is forced 0 whenever S truncates to 0 (max > 4096*(max-min)), e.g. (10000,9999,9999)->(0,0,10000) - rounding artefact, not a naming problem."
0x80042C80,func_80042C80,math_RotMatrixXYZ,math_RotMatrixXYZ,computation-restatement,CONFIRM,"Emulated this function AND the EXE's own VERIFIED libgte bodies: RotMatrix@8007F35C = Rx*Ry*Rz (err 13.7/4096; next order 8132), RotMatrixZYX@8007F5EC = Rz*Ry*Rx - so in-binary Sony convention is letters = matrix-product order. func_80042C80 = Rx*Ry*Rz (err 4.3; next 8137), max 13 LSB from Sony RotMatrix on the same angles; writes only m[3][3] (bytes 0..0x11). XYZ spelling is therefore exact under Sony's own convention. COLLISION resolved: 0x80023C30 (other miner, also math_RotMatrixXYZ) is actually Rz*Ry*Rx - see extra row."
0x80042A88,func_80042A88,math_RotMatrixYXZ,math_RotMatrixYXZ,computation-restatement,CONFIRM,"Emulated 400 SVECTOR angle triples: only Ry*Rx*Rz fits (err 3.7/4096; next 8167); writes only m[3][3]. Same product as libgte RotMatrixYXZ (psyz ref m[1][2]=-sx) and consistent with the in-EXE RotMatrixZYX letter convention. RotMatrixYXZ is not linked in this EXE, so no Sony-name clash with the math_ prefix."
0x80042874,func_80042874,math_RotMatrixZXY,math_RotMatrixZXY,computation-restatement,CONFIRM,"Emulated 400 triples: only Rz*Rx*Ry fits (err 3.8/4096; next 8167); writes only m[3][3]. Letter order = product order as in the in-EXE RotMatrixZYX (Rz*Ry*Rx, proven by emulation)."
0x8003D888,func_8003D888,bitstream_ReadBits,bitstream_ReadBits,computation-restatement,CONFIRM,"State u32 s[3] = {next-word ptr, current word, bits left}; returns next n bits MSB-first, refilling from *s[0]++ when n > left. 20000 cases n,left in 1..31/0..31: 0 mismatches (value, ptr, bits-left). Boundary sweep: fails only for n=32 with left in {0,32} and for n>=33 - valid domain n=1..31 (only caller uses n=4 then n<=16)."
0x80043F80,func_80043F80,gpu_OffsetTPage,gpu_OffsetTPage,computation-restatement,CONFIRM,"(s16)((tp&~0x1F) | ((((tp>>4)&1)+((s16)dy>>8))&1)<<4 | (((tp&0xF)+((s16)dx>>6))&0xF)); 30000 cases incl. full-s32 args: 0 mismatches. Bits 0-3 = x/64, bit 4 = y/256 per LIBGPU.H getTPage (croc-ref libgpu.h:230-232); other bits preserved."
0x80043FCC,func_80043FCC,gpu_OffsetClut,gpu_OffsetClut,computation-restatement,CONFIRM,(s16)((c&0x8000) | ((((c>>6)&0x1FF)+cy)&0x1FF)<<6 | (((c&0x3F)+((s16)cx>>4))&0x3F)); 30000 cases: 0 mismatches. Field layout = LIBGPU.H getClut ((y<<6)|((x>>4)&0x3f)).
0x80043BD0,func_80043BD0,gpu_OffsetTexPolyFT3,gpu_OffsetTexPolyFT3,computation-restatement,CONFIRM,"Whole 64-byte buffer compared, 4000 cases, cy passed as 5th arg at 0x10(sp): only tpage@0x16, clut@0xE, v@0xD/0x15/0x1D change = POLY_FT3 field offsets (croc-ref libgpu.h typedef closing at :361). Extra evidence: caller func_80043454 selects the helper by (code>>3)&3 after testing code&4 (textured) - for GPU codes 0x24/0x2C/0x34/0x3C that index is 0/1/2/3 = FT3/FT4/GT3/GT4, and applies it at p and p+0x20 = sizeof(POLY_FT3)."
0x80043C7C,func_80043C7C,gpu_OffsetTexPolyFT4,gpu_OffsetTexPolyFT4,computation-restatement,CONFIRM,"Whole-buffer emulation 4000 cases: only tpage@0x16, clut@0xE, v@0xD/0x15/0x1D/0x25 change = POLY_FT4 (libgpu.h typedef closing at :378); caller index 1 = code 0x2C>>3&3, stride 0x28 = sizeof(POLY_FT4)."
0x80043D34,func_80043D34,gpu_OffsetTexPolyGT3,gpu_OffsetTexPolyGT3,computation-restatement,CONFIRM,"Whole-buffer emulation 4000 cases: only tpage@0x1A, clut@0xE, v@0xD/0x19/0x25 change = POLY_GT3 (libgpu.h typedef closing at :416); caller index 2 = code 0x34>>3&3, stride 0x28 = sizeof(POLY_GT3)."
0x80043DE0,func_80043DE0,gpu_OffsetTexPolyGT4,gpu_OffsetTexPolyGT4,computation-restatement,CONFIRM,"Whole-buffer emulation 4000 cases: only tpage@0x1A, clut@0xE, v@0xD/0x19/0x25/0x31 change = POLY_GT4 (libgpu.h typedef closing at :436); caller index 3 = code 0x3C>>3&3, stride 0x34 = sizeof(POLY_GT4). Note (all four): u bytes untouched, v wraps mod 256 independently of the tpage-y bump, so ""Offset"" (not ""Translate"") is the right word."
0x80052BE4,func_80052BE4,gte_ReadFarColor,gte_ReadFarColor,computation-restatement,CONFIRM,"Raw EXE words 4848A800/4849B000/484AB800 = cfc2 t0,$21 / t1,$22 / t2,$23; psx-spx: cop2r53-55 (ctrl 21-23) = RFC/GFC/BFC, 32-bit R/W. srl 4, sb a0[0..2]. Exact inverse of VERIFIED SetFarColor@8007EFBC (sll 4; ctc2 $21-$23) for 0..255. No ReadFarColor in LIBGTE.H (croc-ref libgte.h has only SetFarColor), so gte_ prefix avoids a false Sony claim; ""Read"" matches Sony ReadRotMatrix usage."
0x80052A20,func_80052A20,gte_MatrixRotTransIR,gte_SetMatrixRotTransIR,computation-restatement,CONFIRM,"All facts verified: lw 8 words of MATRIX* a0 -> ctc2 $0-$4 (cop2r32-36 RT) + $5-$7 (cop2r37-39 TRX/Y/Z) = SetRotMatrix+SetTransMatrix; lwc2 $0/$1 = V0 from SVECTOR* a1; raw word 0x4A480012 decodes sf=1 mx=0(RT) v=0(V0) cv=0(TR) lm=0 cmd=0x12 MVMVA (psx-spx); swc2 $9-$11 = IR1-3 (saturated -8000h..7FFFh at lm=0) to s32[3] a2. Spelling tweak only: ""Set"" states the persistent side effect (GTE RT/TR are left loaded with *a0), mirroring Sony SetRotMatrix/SetTransMatrix; proposer's spelling is also acceptable."
0x800836B8,func_800836B8,PCclose,PCclose,libsn-pcdrv-protocol (proposed),CONFIRM,"a1=a0; break 0,0x104; return v0. Break-code table verified from TWO independent fetched sources (kept in this dir): pcsx-redux/nugget common/kernel/pcdrv.h @a7e7595e (PCclose: a0=a1=fd, break 0,0x104, return v0) and duckstation src/core/pcdrv.cpp (case 0x104 PCclose reads regs.a1). LIBSN.H:119 int PCclose(int fd). Call sites src/ings.c:159,178 close the fd returned by 0x80083698. Only 0x103/0x104/0x105/0x107 occur as break codes in the code segment."
0x800836C8,func_800836C8,PClseek,PClseek,libsn-pcdrv-protocol (proposed),CONFIRM,"a3=a2,a2=a1,a1=a0; break 0,0x107; v0==0?v1:-1 = nugget PClseek exactly; duckstation case 0x107 reads a1=fd, a2=offset, a3=mode, returns v1=new position. Call sites src/ings.c:142/144/170: lseek(fd,0,2) -> size, lseek(fd,0,0), lseek(fd,sector<<11,0) - SEEK_END/SEEK_SET usage. Also resolves the old ang_hosei misname noted in docs/naming/README.md:30."
0x80083698,syscall_wrapper_break,PCopen,PCopen,libsn-pcdrv-protocol (proposed),CONFIRM,"a2=a1, a1=a0 (a0 stays = name); break 0,0x103; v0==0?v1:-1 = nugget PCopen (a0=a1=name, a2=flags); duckstation case 0x103 reads a1=filename, a2=mode. perms (a2 in) never forwarded = LIBSN.H ""perms ... ignored"". Old name is naming-analyzer INFERRED and wrong in its only content word (""syscall"": the body is a break trap, no syscall insn)."
0x8008387C,bios_FileRead,PCread,PCread,libsn-pcdrv-protocol (proposed),CONFIRM,"Emulated with the raw trap hooked: 3000 cases (len 0..0x40000, short reads, injected -1): 0 mismatches vs reference - chunks of min(len,0x8000), raw call args (0,fd,chunk,buf+done) = nugget/duckstation PCread register layout, -1 on error, stops on short read, returns total. Signature (fd,buf,len) = LIBSN.H:98 and its ""full 32 bit count"" note. Old ""bios_"" is false: no A0/B0/C0 BIOS vector is used; it is an SN host-file call."
0x8008393C,bios_FileReadRaw,pcdrv_ReadRaw,pcdrv_ReadRaw,libsn-pcdrv-protocol (proposed),CONFIRM,"break 0,0x105; v0==0?v1:-1; args passed through (a0=0,a1=fd,a2=len,a3=buf) = nugget PCread asm body / duckstation case 0x105. SN's own symbol for this stub is unknown, so a project-style name (not a fake SN name) is correct. Old bios_ prefix false (not a BIOS call)."
0x800973FC,Judge,g_sin_table,g_sin_table,computation-restatement,CONFIRM,"Re-read 4096 s16 from the EXE: T[i] == trunc(4096*sin(2*pi*i/4096)) for all 4096 i (round: 2008 mismatches); T[1024]=4096, T[3072]=-4096. Old name ""Judge"" is Kengo-derived (commit 0ee0e5060 ""Name 14 data globals from Kengo symbol cross-reference"") = not evidence and contradicted by content. NOTE: g_sin_table is ALREADY registered for this same address (named_syms.txt:35, symbol_addrs.txt:43 ""sine lookup table (4096 entries, s16)""); the change is retiring the Kengo dlabel/extern `Judge` in favour of the existing registered name, not minting a new one. Distinct from Sony rsin_tbl/rcossin_tbl (object-defined elsewhere)."
0x80023C30,cpu_helper,math_RotMatrixXYZ (func_api vein),math_RotMatrixZYXAngles,api-restatement,REFUTE,"COLLISION ROW (not in compute CSV; func_api verifier CONFIRMed it). Body: m=a3 set to identity (9 shorts; t untouched), RotMatrixX(a0,m), RotMatrixY(a1,m), RotMatrixZ(a2,m). Emulating the EXE's VERIFIED RotMatrixX/Y/Z shows each PRE-multiplies (m:=Rx*m err 7.2 vs m*Rx 9323; same for Y,Z), so the result is Rz*Ry*Rx (err 13.3/4096; next 8137) and differs from the EXE's Sony RotMatrixZYX by at most 1 LSB over 400 triples. Under Sony's in-binary letter convention (RotMatrixZYX = Rz*Ry*Rx) ""XYZ"" states the WRONG product and duplicates 0x80042C80's name. Final: math_RotMatrixZYXAngles (three scalar angles + MATRIX*; = RotMatrixZYX product)."
