addr,current_name,proposed_name,final_name,verdict,verifier_note
0x800168F8,sys_InitSound,func_800168F8,func_800168F8,CONFIRM,"RESET confirmed. Body (asm/funcs/func_800168F8.s, src/ings.c:260) is a lone jal func_80046AE8, whose body is SetRCnt(RCntCNT1,-1,RCntMdNOINTR)+StartRCnt(RCntCNT1); no libsnd/libspu call anywhere, so 'InitSound' is unsupported. A restating name would duplicate rcnt_StartCnt1; RESET is the conservative outcome. The RESET must also rename the src/ings.c:260 definition and its call at ings.c:305."
0x80016E40,gpu_SetDrawMode,gpu_WaitDrawSync,gpu_WaitDrawSync,CONFIRM,"Body = DrawSync(0) only (asm lines 2-8; src/ings.c:433) [DrawSync VERIFIED]. DrawSync mode 0 = block until the GPU queue drains, so 'Wait' is the API semantics, not inference. No SetDrawMode call -> old name contradicted. No collision."
0x80023C30,cpu_helper,math_RotMatrixXYZ,math_RotMatrixZYXAngles,REFUTE,"REVISED after verifier-compute cross-check (was CONFIRM). Body facts stand: *a3 := identity (rotation part), then RotMatrixX(a0,m), RotMatrixY(a1,m), RotMatrixZ(a2,m) [all VERIFIED]. But the proposed letters are wrong: I re-read RotMatrixX's asm myself - it rewrites rows 1 and 2 as c*row1-s*row2 / s*row1+c*row2 (row operations = PRE-multiply, m := Rx*m), and verifier-compute's emulation shows the same for Y/Z, so the product is Rz*Ry*Rx and matches the EXE's VERIFIED Sony RotMatrixZYX (0x8007F5EC) within 1 LSB over 400 triples. In this binary's Sony naming the letters give the product order, so 'XYZ' asserts the wrong matrix and also collides with the compute vein's Rx*Ry*Rz leaf 0x80042C80. Concur with final name math_RotMatrixZYXAngles ('Angles' = three scalar angle args vs Sony's SVECTOR*). No collision for the final name."
0x80036034,func_80036034,cdrom_FlushInit,cdrom_FlushInit,CONFIRM,Body = CdFlush(); CdInit(); VSync(4) [all VERIFIED]; nothing else. Distinct from cdrom_Init (0x80035FE0). No collision.
0x80036064,func_80036064,cdrom_ReadyCallback,cdrom_ReadyCallback,CONFIRM,"Sole reference is state 5 of func_80036940 (0x80036AC8): CdReadyCallback(func_80036064) then CdControlF(6=CdlReadN,&loc); removed by CdReadyCallback(0) in state 6 and in its own stop path. Body (C byte-matched, code6cac_b2_post.c:203): intr!=1 (CdlDataReady) -> remaining=-1, stop; remaining<=0 -> return; CdGetSector(hdr,3)+CdPosToInt vs expected (mismatch -> -2, stop); CdGetSector(dst,0x200 words); dst+=0x800; remaining--; expected++; 0 -> stop = CdReadyCallback(0)+CdControlF(9=CdlPause). DataReady/Pause are CD-controller hardware codes (version-independent). 'Callback' earned by the CdReadyCallback install. No collision."
0x80036D88,game_check_reload_pending,cdrom_IsIdle,cdrom_IsIdle,CONFIRM,return D_80101E62 == 0. Chain verified once (see report): jtbl_80010978[0] is the no-op case; cdrom_StartRead/cdrom_StartAudio return 0 unless it is 0 and set it to 2/0x10; read path ends 6->8->0; audio path stays >=0x10 (loops to 0x10 when the repeat flag is set) until 0x1E->0; cdrom_Pause path 0xB->...->0xD->2 (abort flag)->0. So 0 = nothing in flight. Old INFERRED alias 'reload pending' is inverted (returns 1 when NOT busy). No collision.
0x80036D98,replay_camera_Init,cdrom_StartRead,cdrom_StartRead,CONFIRM,"Re-derived from C (byte-matched) + func_80036940 asm + jtbl_80010978 read from EXE ([2]=0x80036990 [3]=0x800369DC [4]=0x80036A54 [5]=0x80036AC8 [6]=0x80036B50 [8]=0x800369A4). Body: return 0 if state!=0; copy 8-byte SpecialCam[a0] to D_80101E6C; dest=a1; abort flag=0; state=2; sectors=(len+0x7FF)>>11; return 1. State 2: CdControlF(CdlSetmode,{0xA0 = Speed|Size1}); 3: CdSync; 4: dest->cursor, count->remaining, CdControl(CdlSetloc,&D_80101E6C); 5: CdSync, CdReadyCallback(func_80036064)+CdControlF(CdlReadN); 6: wait remaining==0 -> 8 -> 0. It arms an async sector read into a1. Nothing camera/replay-related -> old Kengo name contradicted. Name claims neither table identity nor length. Non-auto glabel: naming-wave RENAME."
0x80036E34,func_80036E34,cdrom_StartReadAt,cdrom_StartReadAt,CONFIRM,"Dependent on cdrom_StartRead (CONFIRMed). Body (C byte-matched): if StartRead(a0,a1)==0 return 0; CdIntToPos(CdPosToInt(&loc)+a2,&loc) [VERIFIED]; sector count=a3; return 1. Same armed read with the Setloc target moved a2 sectors; 'At' earned by that rewrite. No collision."
0x80036EC0,game_FrameInit,cdrom_Pause,cdrom_Pause,CONFIRM,"Body (C byte-matched): CdReadyCallback(0); cdrom_SetMix(0,0,0,0); CdFlush(); CdControlF(9=CdlPause,0); abort flag D_80101E68=1; state=0xB; D_80101E5C=0. 'Pause' restates the one drive command (CdlPause = hardware cmd 0x09). Caveat recorded, not blocking: at module level the effect is a cancel (the 0xB recovery chain ends in state 2, which sees the abort flag and goes to 0); the name does not claim resumability. Nothing frame-related -> old unattributed name contradicted. Non-auto glabel."
0x80036FD4,func_80036FD4,cdrom_StartAudio,cdrom_StartAudio,CONFIRM,"Re-derived. Return 0 if state!=0; loc=SpecialCam[a0]; end=CdPosToInt(loc)+len/2048-150; a1<0: mode=5 (CdlModeDA|CdlModeRept), D_80101E94=0; else CdControlB(CdlSetfilter,{file 1, chan a1}), mode=0xC8 (Speed|RT|SF), D_80101E94=1; state=0x10. Audio sub-machine (func_80036140, jtbl_80010938 read from EXE): 0x10 CdControlF(CdlSetmode,&mode); 0x11 CdlSetloc; 0x12 CdlSeekP; 0x13 CdControlF(D_80101E94 ? CdlReadS : CdlPlay). No CdReadyCallback is installed, so no sector data is consumed; RT = XA-ADPCM to SPU, DA = CD-DA play: both branches are audio by the hardware mode bits. 'Start' = arms; playback is gated by the D_80101E64 hold flag (func_800371F8/func_80037250), not claimed. No collision."
0x800372F4,special_camera_load_cdrom_wait,cdrom_ReadWait,cdrom_ReadWait,CONFIRM,"Body: CdRead((a0+0x7FF)>>11 (signed-rounded), a1, a2); while CdReadSync(1,0)>0 VSync(0) [all VERIFIED]. Blocking read -> 'ReadWait' earned. 'special_camera' unsupported (same misnomer retired from its caller cdrom_LoadExec). No collision."
0x80037774,memcard_event_pool_close,memcard_Quit,memcard_Quit,CONFIRM,"Body: EnterCriticalSection; CloseEvent on D_800A37DC/37F0/37FC/3800/3838/383C/3848/3850; ExitCriticalSection; StopCARD [all VERIFIED]. Checked memcard_Init asm: those 8 handles are exactly its OpenEvent(SwCARD|HwCARD x IOE/ERROR/TIMOUT/NEW) results, and StopCARD undoes its StartCARD. Exact inverse -> Quit per the snd_Init/snd_Quit precedent. Supersedes an accurate INFERRED alias with an at-least-as-well evidenced name. No collision."
0x80037804,memcard_event_wait_class0xF4000001_with_timeout,memcard_PollSwEventsTimeout,memcard_PollSwEventsTimeout,CONFIRM,"C (code6cac_c.c:212, byte-matched) = asm: r=(TestEvent(SwIOE)==1); ERROR->2; TIMOUT->3; NEW->4 (all tested, last wins); old=D_800A3924++; old>=0x78 -> return 2. No loop -> old 'wait' contradicted. 'Timeout' checked: the only other writers of D_800A3924 are in func_80037D14 (code6cac_c0.c:26,72), which zero it right after issuing the async _card_info/_card_load and then poll this function, so the 120-poll cap is a bounded-wait guard, i.e. a timeout. Handles = memcard_Init's SwCARD events. Reader caution (not blocking): 'Timeout' here is the poll cap, not the EvSpTIMOUT event (result 3). No collision."
0x800378A8,memcard_PollEvents,memcard_PollSwEvents,memcard_PollSwEvents,CONFIRM,"TestEvent on SwCARD IOE/ERROR/TIMOUT/NEW handles; first ==1 returns 1/2/3/4, else 0 (last: (v==1)<<2). Non-blocking. Consistency respelling (Sw/Hw pair as in memcard_AckSwEvents/AckHwEvents); the new name is at least as well evidenced. No collision."
0x80037964,memcard_event_wait_class0xF0000011,memcard_WaitHwEvent,memcard_WaitHwEvent,CONFIRM,Loops TestEvent over the 4 HwCARD handles (D_800A3838/383C/3848/3850 = memcard_Init's HwCARD IOE/ERROR/TIMOUT/NEW) until one returns 1; returns 1..4. Blocking -> 'Wait' earned. No collision.
0x8003A2DC,func_8003A2DC,comb_IsCtsDsrClear,comb_IsCtsDsrClear,CONFIRM,"Body: return (_comb_control(0,0,0) & 0x180) == 0. Independently checked the in-binary switch (not only the 4.6 header): _comb_control a0 jtbl @0x800164AC [0]=0x8008C49C; a1 sub-table @+0x18 [0]=0x8008C4C0 = lhu 4(*D_800A3044), D_800A3044=0x1F801050 (read from EXE) -> raw SIO1_STAT (0x1F801054). SIO_STAT bit7=/DSR, bit8=/CTS input level (hardware); the binary's own CTS path (a0=3,a1=1 @0x8008C908) tests STAT&0x100, consistent; header COMB_CTS=0x100/COMB_DSR=0x80 agrees. Returns 1 iff both input bits are 0; 'Clear' = bit-clear, literal. No collision."
0x8003A308,func_8003A308,comb_ReadCtsSetRts,comb_ReadCtsSetRts,CONFIRM,"Body: D_800A38A0 = (_comb_control(3,1,0) != 0); _comb_control(3,0,1). Binary: a0=3 -> 0x8008C8A0; a1=1 -> 0x8008C908 returns (SIO1_STAT & 0x100)!=0 (CTS); a1=0 -> 0x8008C8B8 CTRL(+0xA) |= 0x20 if a2 else &= ~0x20 (bit5 = RTS output, hardware). Name = read CTS, assert RTS. No collision."
0x8003A360,events_enable,comb_EnableEvents,comb_EnableEvents,CONFIRM,"Body: EnableEvent(D_800A3810); EnableEvent(D_800A3738) [VERIFIED]; D_800A320C(sb)=1; D_800A3730=0. comb_Init asm: D_800A3738 = OpenEvent(HwSIO 0xF000000B, EvSpIOER 0x400, 0x2000), D_800A3810 = OpenEvent(HwSIO, EvSpERROR 0x8000, 0x2000): exactly comb_Init's two handles, which comb_Close closes. Supersedes a generic INFERRED alias. No collision."
0x8003A39C,func_8003A39C,comb_ResetClose,comb_ResetClose,CONFIRM,"Body: D_800A320C=0; D_800A3730=0; _comb_control(2,0,0); _comb_control(1,1,0); comb_Close(); D_800A3834(sh)=8. Binary: a0=2,a1=0 -> 0x8008C77C EnterCriticalSection, CTRL|=0x50 (bit6 Reset, bit4 Ack), restore saved MODE/CTRL/BAUD -> 'Reset'; a0=1,a1=1 -> jtbl @+0x38 [1]=0x8008C5D8: CTRL=(CTRL&~0x22)|DTR(a2&1)|RTS(a2&2) -> a2=0 drops DTR+RTS. comb_Close is CORROBORATED apiscan-restatement whose body is all VERIFIED calls (accepted transitively). Flag stores under-claimed (sys_Exec precedent). No collision."
0x8003A42C,set_global,comb_WriteWaitCallback,comb_WriteWaitCallback,CONFIRM,"Only reference: comb_Write8 (asm :54-55; C code6cac_c_mid.c:1572) _comb_control(4,0,func_8003A42C) before write(sio handle,..,8), then _comb_control(4,0,0) after. Binary: a0=4,a1=0 -> 0x8008C930 returns old D_800F1AE8 and stores a2; D_800F1AE8 is called by the VERIFIED SioSyncroWrite/SioSyncroRead wait loops as cb(2,count), a 0 return aborts. Body: a1>0x10000 -> D_800A382C=0, return 0; else 1. So it is a libcomb wait callback installed only around the write; 'Write' earned by the sole install site. Old INFERRED 'set_global' meaningless. No collision."
0x8003D9A0,gpu_LoadImageBatch,gpu_SetDrawMoveArray,gpu_SetDrawMoveArray,CONFIRM,"Re-derived: a0=RECT*, a1=count, a2=packet array (stride 0x30). x0,y0 = initial rect.x,y. Per iteration: rect.y+=rect.h; if y>=0x200 {y=y0; rect.x+=rect.w}; SetDrawMove(pkt, rect, x0, y0) [VERIFIED @0x8007ABB8]; copy pkt[0..0x18) to pkt+0x18 (sizeof DR_MOVE = 0x18). No LoadImage call -> old name contradicted. Name claims only repeated SetDrawMove over an array. Evidence nit: y wraps to the initial y, not 0; dst is constant (x0,y0). No collision."
0x800401CC,func_800401CC,gpu_AddDrawMove,gpu_AddDrawMove,CONFIRM,"Re-derived: buffer select D_800A36AC&1 (cursor reset to D_800A9830+idx*0xF0 on change); skip if cursor == D_800A9920+idx*0xF0; rect + dst from 12-byte D_80094AF4[a1]; +0x80 to rect.x and dst.x if a0; SetDrawMove(cursor,&rect,x,y) [VERIFIED]; then the libgpu addPrim macro inline on ot=(*D_800A378C)+0x3FFC: *p=(*p&0xFF000000)|(*ot&0xFFFFFF); *ot=(*ot&0xFF000000)|(p&0xFFFFFF); cursor+=0x18. 'Add' = addPrim. No collision."
0x80046AE8,snd_PlaySystemSe,rcnt_StartCnt1,rcnt_StartCnt1,CONFIRM,"Body (asm + src/sound.c:229): SetRCnt(0xF2000001,-1,0x2000); StartRCnt(0xF2000001) [VERIFIED]. KERNEL.H:19,43,48: RCntCNT1=DescRC|1, RCntMdNOINTR=0x2000. Nothing sound-related -> old name contradicted (the named_syms comment 'SS event class' is wrong: 0xF2000000 is DescRC). No collision."
0x80046B20,snd_StopSystemSe,rcnt_GetCnt1,rcnt_GetCnt1,CONFIRM,"Body: GetRCnt(0xF2000001) [VERIFIED], v0 left as the return (C spells void). No in-tree caller (grep asm/src). Old name contradicted. No collision."
0x80052720,stub,math_Length3D,func_80052720,PLAUSIBLE,"Fact verified: mtc2 a0-a2 -> IR1-3; sqr sf=0; MAC1+MAC2+MAC3 -> tail-jump func_800526A0. I emulated func_800526A0 against its table D_80015620 read from the EXE (verify/sqrtcheck.py): 0 mismatches vs isqrt over 1..4999 + 20k random 31-bit inputs, so the function returns ~isqrt(x^2+y^2+z^2) of the s16 inputs and 'stub' is wrong. Blocked ONLY by the brief's rule: math_sqrt is CORROBORATED via naming-analyzer (not VERIFIED, not an apiscan chain) and the whole name rests on it; this is a compute-class claim, not api-restatement. Upgrade path: accept the emulation as the callee proof (or promote math_sqrt first) -> CONFIRM as math_Length3D. Until then at most a RESET of 'stub'."
0x8005B7C4,func_8005B7C4,snd_LoadCommonVab,snd_LoadCommonVab,CONFIRM,"Re-derived (order differs slightly from the miner's text): func_800858D0(0); printf(""common_vab start:%08x\n"" @0x800158B4, bytes read from EXE, a0); game_FrameLoop() [waits until the cdrom state is 0]; idx=func_80036EA8(2,1); cdrom_StartRead(idx, a0) [row 0x80036D98]; len=func_80036F28(idx); game_FrameLoop(); D_800A3408=0; D_800A340C=D_800A3404=0x1010; func_8005C2A8(a0,0,a0+len) -> (id 0) relocates the buffer's 3 offsets, snd_VabOpen [CORROBORATED apiscan: SsVabOpenHeadSticky+SsVabTransBody], SsVabTransCompleted, printf ""vab id:%d mistak..."" on failure, SsUtGetVBaddrInSB [VERIFIED]. 'common_vab' is the program's own string; Load = CD read into a0 + VAB open/transfer. No collision."
0x8005C6D0,buki_collision_alloc,snd_FlushKeyOnTable,func_8005C6D0,CONFIRM,"Confirmed ONLY as a RESET; the proposed name is PLAUSIBLE. Body re-derived: SpuGetAllKeysStatus(buf) (unused); for 24 8-byte slots of D_800EFB78: if the slot ptr is set and D_800EFC38[rec->vab] is a KSEG0 (negative) pointer, scan voices from a persistent cursor for SpuGetKeyStatus(1<<v)!=SPU_ON [VERIFIED], then SsUtKeyOnV(v, vab (6->3 remap under a condition), prog/tone/note/fine unpacked from a VAB tone word, voll/volr from the slot); slot always cleared. The name's 'KeyOn' rests on SsUtKeyOnV, which is CORROBORATED libscan-near (not VERIFIED), and 'Flush...Table' summarises queue semantics. Old alias 'buki_collision_alloc' (weapon collision) is contradicted by a pure SPU/libsnd body, so RESET to func_8005C6D0 is safe now; revisit the name if SsUtKeyOnV is promoted."
