kind,addr,current_name,proposed_name,final_name,verdict,verifier_note
data,0x801027F3,D_801027F3,_svm_cur_plus_0x3,_svm_cur_plus_0x3,CONFIRM,"Base _svm_cur=0x801027F0 VERIFIED (data wave, verbatim VM_N2P+VM_VSU). Offset reloc re-read in near_audit_report.md UT_KEYV 40J table (4/259 at 0x80085A40; the 4 diffs are the stride arithmetic at 0x80085CA4-CB4, no reloc word among them): every (k+sym:_svm_cur) pair lands on exactly 0x801027F0+k, so the pairing is internally consistent. Positional name is pure arithmetic on a verified base; extent >= 0x20 (VM_ALOC2 refs +0x1C/+0x1E; psyz size 0x20). Old g_ alias has 0 uses in src/asm."
data,0x801027F4,g_char_p3_byte_f4_801027F4;D_801027F4,_svm_cur_plus_0x4,_svm_cur_plus_0x4,CONFIRM,"Base _svm_cur=0x801027F0 VERIFIED (data wave, verbatim VM_N2P+VM_VSU). Offset reloc re-read in near_audit_report.md UT_KEYV 40J table (4/259 at 0x80085A40; the 4 diffs are the stride arithmetic at 0x80085CA4-CB4, no reloc word among them): every (k+sym:_svm_cur) pair lands on exactly 0x801027F0+k, so the pairing is internally consistent. Positional name is pure arithmetic on a verified base; extent >= 0x20 (VM_ALOC2 refs +0x1C/+0x1E; psyz size 0x20). Old g_ alias has 0 uses in src/asm."
data,0x801027F5,g_char_p3_byte_f5_801027F5;D_801027F5,_svm_cur_plus_0x5,_svm_cur_plus_0x5,CONFIRM,"Base _svm_cur=0x801027F0 VERIFIED (data wave, verbatim VM_N2P+VM_VSU). Offset reloc re-read in near_audit_report.md UT_KEYV 40J table (4/259 at 0x80085A40; the 4 diffs are the stride arithmetic at 0x80085CA4-CB4, no reloc word among them): every (k+sym:_svm_cur) pair lands on exactly 0x801027F0+k, so the pairing is internally consistent. Positional name is pure arithmetic on a verified base; extent >= 0x20 (VM_ALOC2 refs +0x1C/+0x1E; psyz size 0x20). Old g_ alias has 0 uses in src/asm."
data,0x801027FA,g_char_p3_byte_fa_801027FA;D_801027FA,_svm_cur_plus_0xA,_svm_cur_plus_0xA,CONFIRM,"Base _svm_cur=0x801027F0 VERIFIED (data wave, verbatim VM_N2P+VM_VSU). Offset reloc re-read in near_audit_report.md UT_KEYV 40J table (4/259 at 0x80085A40; the 4 diffs are the stride arithmetic at 0x80085CA4-CB4, no reloc word among them): every (k+sym:_svm_cur) pair lands on exactly 0x801027F0+k, so the pairing is internally consistent. Positional name is pure arithmetic on a verified base; extent >= 0x20 (VM_ALOC2 refs +0x1C/+0x1E; psyz size 0x20). Old g_ alias has 0 uses in src/asm."
data,0x801027FB,g_char_p3_byte_fb_801027FB;D_801027FB,_svm_cur_plus_0xB,_svm_cur_plus_0xB,CONFIRM,"Base _svm_cur=0x801027F0 VERIFIED (data wave, verbatim VM_N2P+VM_VSU). Offset reloc re-read in near_audit_report.md UT_KEYV 40J table (4/259 at 0x80085A40; the 4 diffs are the stride arithmetic at 0x80085CA4-CB4, no reloc word among them): every (k+sym:_svm_cur) pair lands on exactly 0x801027F0+k, so the pairing is internally consistent. Positional name is pure arithmetic on a verified base; extent >= 0x20 (VM_ALOC2 refs +0x1C/+0x1E; psyz size 0x20). Old g_ alias has 0 uses in src/asm."
data,0x801027FD,g_char_p3_byte_fd_801027FD;D_801027FD,_svm_cur_plus_0xD,_svm_cur_plus_0xD,CONFIRM,"Base _svm_cur=0x801027F0 VERIFIED (data wave, verbatim VM_N2P+VM_VSU). Offset reloc re-read in near_audit_report.md UT_KEYV 40J table (4/259 at 0x80085A40; the 4 diffs are the stride arithmetic at 0x80085CA4-CB4, no reloc word among them): every (k+sym:_svm_cur) pair lands on exactly 0x801027F0+k, so the pairing is internally consistent. Positional name is pure arithmetic on a verified base; extent >= 0x20 (VM_ALOC2 refs +0x1C/+0x1E; psyz size 0x20). Old g_ alias has 0 uses in src/asm."
data,0x801027FE,g_char_p3_byte_fe_801027FE;D_801027FE,_svm_cur_plus_0xE,_svm_cur_plus_0xE,CONFIRM,"Base _svm_cur=0x801027F0 VERIFIED (data wave, verbatim VM_N2P+VM_VSU). Offset reloc re-read in near_audit_report.md UT_KEYV 40J table (4/259 at 0x80085A40; the 4 diffs are the stride arithmetic at 0x80085CA4-CB4, no reloc word among them): every (k+sym:_svm_cur) pair lands on exactly 0x801027F0+k, so the pairing is internally consistent. Positional name is pure arithmetic on a verified base; extent >= 0x20 (VM_ALOC2 refs +0x1C/+0x1E; psyz size 0x20). Old g_ alias has 0 uses in src/asm."
data,0x801027FF,D_801027FF,_svm_cur_plus_0xF,_svm_cur_plus_0xF,CONFIRM,"Base _svm_cur=0x801027F0 VERIFIED (data wave, verbatim VM_N2P+VM_VSU). Offset reloc re-read in near_audit_report.md UT_KEYV 40J table (4/259 at 0x80085A40; the 4 diffs are the stride arithmetic at 0x80085CA4-CB4, no reloc word among them): every (k+sym:_svm_cur) pair lands on exactly 0x801027F0+k, so the pairing is internally consistent. Positional name is pure arithmetic on a verified base; extent >= 0x20 (VM_ALOC2 refs +0x1C/+0x1E; psyz size 0x20). Old g_ alias has 0 uses in src/asm."
data,0x80102802,D_80102802,_svm_cur_plus_0x12,_svm_cur_plus_0x12,CONFIRM,"Base _svm_cur=0x801027F0 VERIFIED (data wave, verbatim VM_N2P+VM_VSU). Offset reloc re-read in near_audit_report.md UT_KEYV 40J table (4/259 at 0x80085A40; the 4 diffs are the stride arithmetic at 0x80085CA4-CB4, no reloc word among them): every (k+sym:_svm_cur) pair lands on exactly 0x801027F0+k, so the pairing is internally consistent. Positional name is pure arithmetic on a verified base; extent >= 0x20 (VM_ALOC2 refs +0x1C/+0x1E; psyz size 0x20). Old g_ alias has 0 uses in src/asm."
data,0x80102803,D_80102803,_svm_cur_plus_0x13,_svm_cur_plus_0x13,CONFIRM,"Base _svm_cur=0x801027F0 VERIFIED (data wave, verbatim VM_N2P+VM_VSU). Offset reloc re-read in near_audit_report.md UT_KEYV 40J table (4/259 at 0x80085A40; the 4 diffs are the stride arithmetic at 0x80085CA4-CB4, no reloc word among them): every (k+sym:_svm_cur) pair lands on exactly 0x801027F0+k, so the pairing is internally consistent. Positional name is pure arithmetic on a verified base; extent >= 0x20 (VM_ALOC2 refs +0x1C/+0x1E; psyz size 0x20). Old g_ alias has 0 uses in src/asm."
data,0x80102804,g_pair_state_b_80102804;D_80102804,_svm_cur_plus_0x14,_svm_cur_plus_0x14,CONFIRM,"Base _svm_cur=0x801027F0 VERIFIED (data wave, verbatim VM_N2P+VM_VSU). Offset reloc re-read in near_audit_report.md UT_KEYV 40J table (4/259 at 0x80085A40; the 4 diffs are the stride arithmetic at 0x80085CA4-CB4, no reloc word among them): every (k+sym:_svm_cur) pair lands on exactly 0x801027F0+k, so the pairing is internally consistent. Positional name is pure arithmetic on a verified base; extent >= 0x20 (VM_ALOC2 refs +0x1C/+0x1E; psyz size 0x20). Old g_ alias has 0 uses in src/asm."
data,0x80102806,g_weapon_frame_col_plus_10;D_80102806,_svm_cur_plus_0x16,_svm_cur_plus_0x16,CONFIRM,"Base _svm_cur=0x801027F0 VERIFIED (data wave, verbatim VM_N2P+VM_VSU). Offset reloc re-read in near_audit_report.md UT_KEYV 40J table (4/259 at 0x80085A40; the 4 diffs are the stride arithmetic at 0x80085CA4-CB4, no reloc word among them): every (k+sym:_svm_cur) pair lands on exactly 0x801027F0+k, so the pairing is internally consistent. Positional name is pure arithmetic on a verified base; extent >= 0x20 (VM_ALOC2 refs +0x1C/+0x1E; psyz size 0x20). Old g_ alias has 0 uses in src/asm."
data,0x80102808,g_weapon_frame_player_flag;D_80102808,_svm_cur_plus_0x18,_svm_cur_plus_0x18,CONFIRM,"Base _svm_cur=0x801027F0 VERIFIED (data wave, verbatim VM_N2P+VM_VSU). Offset reloc re-read in near_audit_report.md UT_KEYV 40J table (4/259 at 0x80085A40; the 4 diffs are the stride arithmetic at 0x80085CA4-CB4, no reloc word among them): every (k+sym:_svm_cur) pair lands on exactly 0x801027F0+k, so the pairing is internally consistent. Positional name is pure arithmetic on a verified base; extent >= 0x20 (VM_ALOC2 refs +0x1C/+0x1E; psyz size 0x20). Old g_ alias has 0 uses in src/asm."
data,0x8010280A,g_weapon_frame_idx;D_8010280A,_svm_cur_plus_0x1A,_svm_cur_plus_0x1A,CONFIRM,"Base _svm_cur=0x801027F0 VERIFIED (data wave, verbatim VM_N2P+VM_VSU). Offset reloc re-read in near_audit_report.md UT_KEYV 40J table (4/259 at 0x80085A40; the 4 diffs are the stride arithmetic at 0x80085CA4-CB4, no reloc word among them): every (k+sym:_svm_cur) pair lands on exactly 0x801027F0+k, so the pairing is internally consistent. Positional name is pure arithmetic on a verified base; extent >= 0x20 (VM_ALOC2 refs +0x1C/+0x1E; psyz size 0x20). Old g_ alias has 0 uses in src/asm. Two near modules (UT_KEYV 40J, VM_NOWOF 4.1) both pair (0x1a+sym:_svm_cur)->0x8010280A."
data,0x8010280C,g_weapon_frame_cursor;D_8010280C,_svm_cur_plus_0x1C,_svm_cur_plus_0x1C,CONFIRM,"VM_ALOC2 40J placement is shifted +4 in its first 0x98 bytes; re-pairing lib HI/LO at 0x800861C0/C4 with EXE 0x800861C4 `lui v1,0x8010` / 0x800861C8 `addiu v1,0x280C` gives 0x8010280C; the report's in-range pairing agrees. Base VERIFIED; positional."
data,0x8010280E,g_weapon_frame_packed_pos;D_8010280E,_svm_cur_plus_0x1E,_svm_cur_plus_0x1E,CONFIRM,"STRONGER than the miner's 'object-extent only': the garbled VM_ALOC2 pair `(0x1e+sym:_svm_cur)`->0x7FFE8010 decodes as HI/LO at lib 0x80086214/18 read from the UNSHIFTED EXE words; with the +4 shift the lib `lui at; sh v1,0(at)` (storing lbu(cur+7)<<4 + lbu(cur+0xC)) aligns with EXE 0x80086218 `lui at,0x8010` / 0x8008621C `sh a0,0x280E(at)` storing the same lbu(0x801027F7)<<4 + lbu(0x801027FC). So 0x8010280E is Sony's (0x1e+_svm_cur) at instruction level. Base VERIFIED; positional."
data,0x800F4E18,g_satan1_slot_state_anchor_FE18;D_800F4E18,_svm_voice,_svm_voice,CONFIRM,"Base 0x800F4E18 pinned by addend-0 `sym:_svm_voice` pairs in TWO near modules (UT_KEYV 40J 4/259, VM_NOWOF 4.1 2/52; both function identities CONFIRMED near-tier 2026-09-07). 4.1 VM_NOWOF (already the 54-byte layout) pairs +0x4->0x800F4E1C and +0x1d->0x800F4E35 with NO shift, confirming the base; 4.0 UT_KEYV pairs +0xc..+0x1b to base+2 (the 52->54 insertion), which is why the names must stay positional, not Sony field names. Stride 54 re-read in _SsVmKeyOffNow.s:17-21 (sll3/subu/sll2/subu/sll1). All offsets < 0x36 = record 0. Grade = libscan-near (CORROBORATED), not VERIFIED. g_satan1_* aliases: 0 uses in src/asm. Apply: src/main.c has 7 live D_800F4E18 refs."
data,0x800F4E1A,g_satan1_slot_state_table;D_800F4E1A,_svm_voice_plus_0x2,_svm_voice_plus_0x2,CONFIRM,"Base 0x800F4E18 pinned by addend-0 `sym:_svm_voice` pairs in TWO near modules (UT_KEYV 40J 4/259, VM_NOWOF 4.1 2/52; both function identities CONFIRMED near-tier 2026-09-07). 4.1 VM_NOWOF (already the 54-byte layout) pairs +0x4->0x800F4E1C and +0x1d->0x800F4E35 with NO shift, confirming the base; 4.0 UT_KEYV pairs +0xc..+0x1b to base+2 (the 52->54 insertion), which is why the names must stay positional, not Sony field names. Stride 54 re-read in _SsVmKeyOffNow.s:17-21 (sll3/subu/sll2/subu/sll1). All offsets < 0x36 = record 0. Grade = libscan-near (CORROBORATED), not VERIFIED. g_satan1_* aliases: 0 uses in src/asm."
data,0x800F4E1C,g_satan1_slot_state_table_plus_2;D_800F4E1C,_svm_voice_plus_0x4,_svm_voice_plus_0x4,CONFIRM,"Base 0x800F4E18 pinned by addend-0 `sym:_svm_voice` pairs in TWO near modules (UT_KEYV 40J 4/259, VM_NOWOF 4.1 2/52; both function identities CONFIRMED near-tier 2026-09-07). 4.1 VM_NOWOF (already the 54-byte layout) pairs +0x4->0x800F4E1C and +0x1d->0x800F4E35 with NO shift, confirming the base; 4.0 UT_KEYV pairs +0xc..+0x1b to base+2 (the 52->54 insertion), which is why the names must stay positional, not Sony field names. Stride 54 re-read in _SsVmKeyOffNow.s:17-21 (sll3/subu/sll2/subu/sll1). All offsets < 0x36 = record 0. Grade = libscan-near (CORROBORATED), not VERIFIED. g_satan1_* aliases: 0 uses in src/asm."
data,0x800F4E1E,g_satan1_slot_state_field_at_4;D_800F4E1E,_svm_voice_plus_0x6,_svm_voice_plus_0x6,CONFIRM,"Base 0x800F4E18 pinned by addend-0 `sym:_svm_voice` pairs in TWO near modules (UT_KEYV 40J 4/259, VM_NOWOF 4.1 2/52; both function identities CONFIRMED near-tier 2026-09-07). 4.1 VM_NOWOF (already the 54-byte layout) pairs +0x4->0x800F4E1C and +0x1d->0x800F4E35 with NO shift, confirming the base; 4.0 UT_KEYV pairs +0xc..+0x1b to base+2 (the 52->54 insertion), which is why the names must stay positional, not Sony field names. Stride 54 re-read in _SsVmKeyOffNow.s:17-21 (sll3/subu/sll2/subu/sll1). All offsets < 0x36 = record 0. Grade = libscan-near (CORROBORATED), not VERIFIED. g_satan1_* aliases: 0 uses in src/asm."
data,0x800F4E28,g_satan1_slot_state_field_at_E;D_800F4E28,_svm_voice_plus_0x10,_svm_voice_plus_0x10,CONFIRM,"Base 0x800F4E18 pinned by addend-0 `sym:_svm_voice` pairs in TWO near modules (UT_KEYV 40J 4/259, VM_NOWOF 4.1 2/52; both function identities CONFIRMED near-tier 2026-09-07). 4.1 VM_NOWOF (already the 54-byte layout) pairs +0x4->0x800F4E1C and +0x1d->0x800F4E35 with NO shift, confirming the base; 4.0 UT_KEYV pairs +0xc..+0x1b to base+2 (the 52->54 insertion), which is why the names must stay positional, not Sony field names. Stride 54 re-read in _SsVmKeyOffNow.s:17-21 (sll3/subu/sll2/subu/sll1). All offsets < 0x36 = record 0. Grade = libscan-near (CORROBORATED), not VERIFIED. g_satan1_* aliases: 0 uses in src/asm."
data,0x800F4E2A,g_satan1_slot_state_field_at_10;D_800F4E2A,_svm_voice_plus_0x12,_svm_voice_plus_0x12,CONFIRM,"Base 0x800F4E18 pinned by addend-0 `sym:_svm_voice` pairs in TWO near modules (UT_KEYV 40J 4/259, VM_NOWOF 4.1 2/52; both function identities CONFIRMED near-tier 2026-09-07). 4.1 VM_NOWOF (already the 54-byte layout) pairs +0x4->0x800F4E1C and +0x1d->0x800F4E35 with NO shift, confirming the base; 4.0 UT_KEYV pairs +0xc..+0x1b to base+2 (the 52->54 insertion), which is why the names must stay positional, not Sony field names. Stride 54 re-read in _SsVmKeyOffNow.s:17-21 (sll3/subu/sll2/subu/sll1). All offsets < 0x36 = record 0. Grade = libscan-near (CORROBORATED), not VERIFIED. g_satan1_* aliases: 0 uses in src/asm."
data,0x800F4E2C,g_satan1_slot_state_field_at_12;D_800F4E2C,_svm_voice_plus_0x14,_svm_voice_plus_0x14,CONFIRM,"Base 0x800F4E18 pinned by addend-0 `sym:_svm_voice` pairs in TWO near modules (UT_KEYV 40J 4/259, VM_NOWOF 4.1 2/52; both function identities CONFIRMED near-tier 2026-09-07). 4.1 VM_NOWOF (already the 54-byte layout) pairs +0x4->0x800F4E1C and +0x1d->0x800F4E35 with NO shift, confirming the base; 4.0 UT_KEYV pairs +0xc..+0x1b to base+2 (the 52->54 insertion), which is why the names must stay positional, not Sony field names. Stride 54 re-read in _SsVmKeyOffNow.s:17-21 (sll3/subu/sll2/subu/sll1). All offsets < 0x36 = record 0. Grade = libscan-near (CORROBORATED), not VERIFIED. g_satan1_* aliases: 0 uses in src/asm."
data,0x800F4E2E,g_satan1_slot_state_field_at_14;D_800F4E2E,_svm_voice_plus_0x16,_svm_voice_plus_0x16,CONFIRM,"Base 0x800F4E18 pinned by addend-0 `sym:_svm_voice` pairs in TWO near modules (UT_KEYV 40J 4/259, VM_NOWOF 4.1 2/52; both function identities CONFIRMED near-tier 2026-09-07). 4.1 VM_NOWOF (already the 54-byte layout) pairs +0x4->0x800F4E1C and +0x1d->0x800F4E35 with NO shift, confirming the base; 4.0 UT_KEYV pairs +0xc..+0x1b to base+2 (the 52->54 insertion), which is why the names must stay positional, not Sony field names. Stride 54 re-read in _SsVmKeyOffNow.s:17-21 (sll3/subu/sll2/subu/sll1). All offsets < 0x36 = record 0. Grade = libscan-near (CORROBORATED), not VERIFIED. g_satan1_* aliases: 0 uses in src/asm."
data,0x800F4E35,g_satan1_slot_state_field_at_14_plus_7;D_800F4E35,_svm_voice_plus_0x1D,_svm_voice_plus_0x1D,CONFIRM,"Base 0x800F4E18 pinned by addend-0 `sym:_svm_voice` pairs in TWO near modules (UT_KEYV 40J 4/259, VM_NOWOF 4.1 2/52; both function identities CONFIRMED near-tier 2026-09-07). 4.1 VM_NOWOF (already the 54-byte layout) pairs +0x4->0x800F4E1C and +0x1d->0x800F4E35 with NO shift, confirming the base; 4.0 UT_KEYV pairs +0xc..+0x1b to base+2 (the 52->54 insertion), which is why the names must stay positional, not Sony field names. Stride 54 re-read in _SsVmKeyOffNow.s:17-21 (sll3/subu/sll2/subu/sll1). All offsets < 0x36 = record 0. Grade = libscan-near (CORROBORATED), not VERIFIED. g_satan1_* aliases: 0 uses in src/asm."
data,0x800F1B10,g_spu_xfer_status_snapshot_plus_8_plus_16;D_800F1B10,_svm_okon1,_svm_okon1,CONFIRM,"VM_NOWOF 4.1 at 0x800871D4, 2/52 differing words = the jr ra / delay-slot sh swap at 0x80087298-9C (no other diff). `sym:_svm_okon1`->0x800F1B10. Body re-read _SsVmKeyOffNow.s: D_800F1B10 &= ~D_801078D8 (= psyz vm_nowof `_svm_okon1 &= ~_svm_okof1`); _SsVmInit zeroes it first, in Sony's vm_init order."
data,0x800F1B12,g_main_mask_reg_800F1B12;D_800F1B12,_svm_okon2,_svm_okon2,CONFIRM,"VM_NOWOF 4.1 at 0x800871D4, 2/52 differing words = the jr ra / delay-slot sh swap at 0x80087298-9C (no other diff). `sym:_svm_okon2`->0x800F1B12 from the lhu pair; the second report pairing 0x800F0008 is the swapped `jr ra` word (0x03E00008, lo16 0x0008) read at the lib's sh position - garbage, correctly discarded. Body: D_800F1B12 &= ~D_801078DA."
data,0x801078D8,g_char_p21_field_420;D_801078D8,_svm_okof1,_svm_okof1,CONFIRM,"VM_NOWOF 4.1 at 0x800871D4, 2/52 differing words = the jr ra / delay-slot sh swap at 0x80087298-9C (no other diff). `sym:_svm_okof1`->0x801078D8; body `D_801078D8 |= lowbits` then okon1 &= ~it."
data,0x801078DA,g_char_p21_field_422;D_801078DA,_svm_okof2,_svm_okof2,CONFIRM,"VM_NOWOF 4.1 at 0x800871D4, 2/52 differing words = the jr ra / delay-slot sh swap at 0x80087298-9C (no other diff). `sym:_svm_okof2`->0x801078DA; body `|= highbits`; correctly NOT zeroed by _SsVmInit (psyz vm_init.c:77-81 quirk reproduced)."
data,0x800F1B14,g_per_char_motion_buffer_table_prefix_800F1B14;D_800F1B14,_svm_orev1,D_800F1B14 (RESET alias; hold _svm_orev1),PLAUSIBLE,"Below the bar as a Sony NAME: no relocation evidence exists (only VM_F/VM_INIT/VM_NOWON reference _svm_orev*; none is a verbatim or near-audited placement; absent from callee_web_data.md). The chain is strong but inferential: _SsVmInit.s:181-190 zeroes okon1, okon2, okof1 (reloc-pinned) then 0x800F1B14, 0x800F2B68 = the exact psyz vm_init.c:77-81 order (okon1,okon2,okof1,orev1,orev2), and _SsVmFlush.s:265-270 passes (0x800F2B68<<16)|0x800F1B14 to SpuSetReverbVoice(8=SPU_BIT). That is Sony-source body correspondence against a 4.0 source for a DIFFERENT library build (BB2's _SsVmFlush calls SpuSetKey/SpuSetReverbVoice; psyz 4.0 writes the regs directly) - not an admitted evidence class. The CURRENT alias is refuted outright (every accessor is a LIBSND voice-manager function; 0 src/asm uses of the g_ name): RESET the alias now; the Sony name needs an owner ruling on a 'sibling-pinned Sony-init-order' data class, or a VM_INIT/VM_F near audit."
data,0x800F2B68,g_text1b_gte_rgb_lookup_prefix_800F2B68;D_800F2B68,_svm_orev2,D_800F2B68 (RESET alias; hold _svm_orev2),PLAUSIBLE,"Below the bar as a Sony NAME: no relocation evidence exists (only VM_F/VM_INIT/VM_NOWON reference _svm_orev*; none is a verbatim or near-audited placement; absent from callee_web_data.md). The chain is strong but inferential: _SsVmInit.s:181-190 zeroes okon1, okon2, okof1 (reloc-pinned) then 0x800F1B14, 0x800F2B68 = the exact psyz vm_init.c:77-81 order (okon1,okon2,okof1,orev1,orev2), and _SsVmFlush.s:265-270 passes (0x800F2B68<<16)|0x800F1B14 to SpuSetReverbVoice(8=SPU_BIT). That is Sony-source body correspondence against a 4.0 source for a DIFFERENT library build (BB2's _SsVmFlush calls SpuSetKey/SpuSetReverbVoice; psyz 4.0 writes the regs directly) - not an admitted evidence class. The CURRENT alias is refuted outright (every accessor is a LIBSND voice-manager function; 0 src/asm uses of the g_ name): RESET the alias now; the Sony name needs an owner ruling on a 'sibling-pinned Sony-init-order' data class, or a VM_INIT/VM_F near audit."
data,0x800F66F8,g_weapon_frame_y_offset;D_800F66F8,_svm_damper,_svm_damper,CONFIRM,"_SsVmDamperOff (VERIFIED libscan-xref from verbatim SSSTOP) body is exactly `sh zero, D_800F66F8` = psyz vm_doff.c `_svm_damper = 0`; independently the VM_ALOC2 aligned-tail reloc `sym:_svm_damper`->0x800F66F8 (in-range pairing after the +4 shift is absorbed at 0x80086250); _SsVmInit zeroes it right after _spu_setInTransfer(0) as vm_init.c does. Apply: src/main.c:17 `extern s16 D_800F66F8`."
data,0x800F65E0,g_voice_slot_24_flags;D_800F65E0,_svm_sreg_dirty,_svm_sreg_dirty,CONFIRM,Stronger than cited: near_verifier_report_2026-09-07 re-placed the 4.0J UT_VVOL `SsUtSetDetVVol` sub-function 0/26 at exactly 0x80086014 with HI/LO relocs resolving `_svm_sreg_dirty`->0x800F65E0 (VM_ALOC2 aligned tail agrees). Body `dirty[voice] |= 3`.
data,0x80102A78,g_voice_slot_24_arr_a;D_80102A78,_svm_sreg_buf,_svm_sreg_buf,CONFIRM,"Same 0/26 UT_VVOL sub-function placement: `sym:_svm_sreg_buf`->0x80102A78, (0x2+)->0x80102A7A. Extent 0x180 (psyz) ends at 0x80102BF8."
data,0x80102A7A,g_voice_slot_24_arr_b;D_80102A7A,_svm_sreg_buf_plus_0x2,_svm_sreg_buf_plus_0x2,CONFIRM,Direct reloc (0x2+sym:_svm_sreg_buf)->0x80102A7A in the 0/26 UT_VVOL sub-function; positional.
data,0x80102A7E,g_voice_slot_24_arr_b_plus_4;D_80102A7E,_svm_sreg_buf_plus_0x6,_svm_sreg_buf_plus_0x6,CONFIRM,Stronger than 'positional only': VM_ALOC2 aligned-tail reloc (0x6+sym:_svm_sreg_buf)->0x80102A7E is in the report; base pinned 0/26; inside record 0 of a 0x180-byte object.
data,0x80102A80,g_voice_slot_24_arr_b_plus_6;D_80102A80,_svm_sreg_buf_plus_0x8,_svm_sreg_buf_plus_0x8,CONFIRM,Stronger than 'positional only': VM_ALOC2 aligned-tail reloc (0x8+sym:_svm_sreg_buf)->0x80102A80 is in the report; base pinned 0/26; inside record 0 of a 0x180-byte object.
data,0x80102A82,g_voice_slot_24_arr_b_plus_8;D_80102A82,_svm_sreg_buf_plus_0xA,_svm_sreg_buf_plus_0xA,CONFIRM,Stronger than 'positional only': VM_ALOC2 aligned-tail reloc (0xa+sym:_svm_sreg_buf)->0x80102A82 is in the report; base pinned 0/26; inside record 0 of a 0x180-byte object.
data,0x80107898,g_char_p21_field_3E0;D_80107898,_svm_envx_hist,_svm_envx_hist,CONFIRM,"Reloc-grade, not just body: VM_ALOC2 garbled pair `sym:_svm_envx_hist`->0x28098010 = HI/LO at lib 0x800861D8/DC read unshifted; with the +4 shift the lib `lui a1/addiu a1` aligns with EXE 0x800861DC `lui a2,0x8010` / 0x800861E0 `addiu a2,0x7898` = 0x80107898. Body (_SsVmFlush) matches vm_f.c hist use; 16*4 extent ends at 0x801078D8 = _svm_okof1."
data,0x800A26D4,g_alarm_secondary_cb_ptr;D_800A26D4,_snd_seq_tick_env_plus_0x8,_snd_seq_tick_env_plus_0x8,CONFIRM,"EXE words 0x800A26CC.. re-read = {0x3C,1,0x80083F6C,0,0x007F0000,0} = psyz ssstart.c initializer {60,1,SsSeqCalledTbyT,NULL,0,0,127}+unk14 with SsSeqCalledTbyT at +0x8 (tick_cb, libsnd_private.h:107); size 0x18 (psyz symbols.400). SsStart.s:48-49 / _SsStart.s:121,159 load it. Base VERIFIED. APPLY HAZARD: NOT 0 refs - src/main.c:124,196,212 use g_alarm_secondary_cb_ptr (s32 extern) in live code; also dlabel D_800A26D4 in asm/data/91C98.data.s:1442."
data,0x800A26E0,g_alarm_pending_priority_flag (dlabel D_800A26E0),_snd_seq_tick_env_plus_0x14,_snd_seq_tick_env_plus_0x14,CONFIRM,"+0x14 = SndSeqTickEnv.unk14 (libsnd_private.h:112); SsStart.s:37-51 (the verified _SsSeqCalledTbyT_1per2 static) toggles it 0/1 and calls tick_cb = psyz ssstart.c. Correction: the dlabel is in asm/data/91C98.data.s:1473, not 7D920.data.s; src/main.c:259-263 uses D_800A26E0."
data,0x800A26E4,g_alarm_active_sentinel_plus_6;D_800A26E4,RESET,D_800A26E4,CONFIRM,"EXE halfwords re-read 0x1000,0x100E,0x101D,0x102C,... = psyz vm_n2p.c:4 table; 0x800A26E4 = tick_env base+0x18 = first byte past the 0x18-byte object. '+6 from sentinel' is false. Alias has 0 uses; main.c and note2pitch*.s already use D_800A26E4."
data,0x8009BD8D,g_char_class_table;D_8009BD8D,_ctype__plus_0x1,_ctype__plus_0x1,CONFIRM,"_ctype_=0x8009BD8C resolved by the data verifier from `_ctype_+1` XREFs of two verbatim modules (LIBC2/PRNT, PUTCHAR). Table bytes re-read: [0]=0x00 (EOF slot), '0'->0x04, 'A'->0x41, 'a'->0x42. HAZARD: named_syms.txt defines g_char_class_table twice (1350=0x8008E5A8, 1855=0x8009BD8D; ld keeps the last). Deleting line 1855 silently re-points g_char_class_table to 0x8008E5A8 - link-safe today (0 uses) but line 1350's own claim is unaudited. dlabel D_8009BD8D is asm/data/7D920.data.s:23952; 5 refs in src/text1b_b.c."
data,0x800A2D94,D_800A2D94,_spu_rev_param,_spu_rev_param,CONFIRM,Data verifier resolver resolves _spu_rev_param=0x800A2D94 from verbatim LIBSPU/S_SRMP; entry 0 all zero (REV_OFF). dlabel asm/data/91C98.data.s:2224; src/main.c:2851/2903 use D_800A2D94.
func,0x80083794,func_80083794,__main,__main,CONFIRM,"Re-ran main_probe.sh: cc1psx (2.7.2.SN.1) emits `jal __main` as main()'s first call and not in notmain(). BB2 main (VERIFIED) main.s:8: first call = jal func_80083794 right after the prologue (sw s0 in its delay slot); it is the ONLY caller in the image (src/ings.c:584 inside main). Body = once-flag D_800A2668 + walk of fn-ptr table D_8008D070 with a link-time count (lui/addiu 0) = libgcc/SN __main shape. Our cc1 does not inject __main (the build has exactly one call), so the rename should be codegen-neutral; confirm with the oracle at apply time."
func,0x80083804,motion_Close,RESET,func_80083804,CONFIRM,Body re-read: if (D_800A2668) walk D_8008D070 via jalr - the dtor-side twin of __main; no callers; nothing motion-related. The name came from Kengo (SUSPECT). RESET.
func,0x80016868,gpu_EnableDisplay,gpu_ResetGraphMode1,gpu_ResetGraphMode1,CONFIRM,"Body = ResetGraph(1) only (ResetGraph VERIFIED). psyz sys.c:139-159 + _reset:870-877: mode 1 -> GP1(02h),GP1(01h) = cancel drawing/flush command buffer; never GP1(03h). 'EnableDisplay' is FALSE; the 2026-08-07 override assumed the name was the correction. Spelling OK: literal-constant restatement has precedent (snd_SerialMixOn). Call sites: ~20 across code6cac*.c/text1b.c (not 10), def src/ings.c:242, include/gpu.h:67."
func,0x800168D0,gpu_DisableDisplay,gpu_SetDispMaskOn,gpu_SetDispMaskOn,CONFIRM,"Body = SetDispMask(1) only; SetDispMask.s:27-32 re-read: a0!=0 -> GP1 0x03000000 (display ON), a0==0 -> 0x03000001 (off). 'DisableDisplay' is INVERTED. Correctly avoids reusing gpu_EnableDisplay. Def src/ings.c:253; ~15 call sites."
func,0x800832F8,D_800832F8,trapIntrVSync,trapIntrVSync,CONFIRM,Sony OBJ LOCAL symbol at exact offset (libsyms.json) inside a single-placement verbatim module (matches.json). Independently re-derived from psyz symbols.400.txt module-relative offsets: startIntrVSync+0x58 (psyz 0x8000FB38-0x8000FAE0) = 0x800832F8. Preceded by jr ra+nop (startIntrVSync.s:22-24). C def src/ings2.c:471.
func,0x80083370,D_80083370,setIntrVSync,setIntrVSync,CONFIRM,Sony OBJ LOCAL symbol at exact offset (libsyms.json) inside a single-placement verbatim module (matches.json). Independently re-derived from psyz symbols.400.txt module-relative offsets: startIntrVSync+0xD0 = 0x80083370. startIntrVSync.s:55-57. C def ings2.c:488.
func,0x80083418,D_80083418,trapIntrDMA,trapIntrDMA,CONFIRM,Sony OBJ LOCAL symbol at exact offset (libsyms.json) inside a single-placement verbatim module (matches.json). Independently re-derived from psyz symbols.400.txt module-relative offsets: startIntrDMA+0x50 = 0x80083418. startIntrDMA.s:20-22. C def ings2.c:521.
func,0x8008359C,D_8008359C,setIntrDMA,setIntrDMA,CONFIRM,Sony OBJ LOCAL symbol at exact offset (libsyms.json) inside a single-placement verbatim module (matches.json). Independently re-derived from psyz symbols.400.txt module-relative offsets: startIntrDMA+0x1D4 = 0x8008359C. startIntrDMA.s:126-128. C def ings2.c:546.
func,0x80083EDC,D_80083EDC,_SsTrapIntrVSync,_SsTrapIntrVSync,CONFIRM,Sony OBJ LOCAL symbol at exact offset (libsyms.json) inside a single-placement verbatim module (matches.json). Independently re-derived from psyz symbols.400.txt module-relative offsets: _SsStart+0x2A8 = 0x80083EDC. SsStart.s:16-18. C def src/main.c:247 (static).
func,0x80083F1C,D_80083F1C,_SsSeqCalledTbyT_1per2,_SsSeqCalledTbyT_1per2,CONFIRM,Sony OBJ LOCAL symbol at exact offset (libsyms.json) inside a single-placement verbatim module (matches.json). Independently re-derived from psyz symbols.400.txt module-relative offsets: _SsStart+0x2E8 = 0x80083F1C; spelling identical in libsyms.json and psyz (ssstart.c:8). SsStart.s:34-36. C def main.c:253 (static).
func,0x80082050,D_80082050,cb_read,cb_read,CONFIRM,"Sony OBJ LOCAL symbol at exact offset (libsyms.json) inside a single-placement verbatim module (matches.json). Independently re-derived from psyz symbols.400.txt module-relative offsets: cb_read = CDREAD+0x0 (psyz cd_read_retry-cb_read = 0x3CC matches BB2 0x8008241C). Boundary: splat's puts.s (263 insns) swallows 0x80082050-0x8008241B as alabels, but PUTS is a 20-word module (matches.json) and src/system.c already defines puts / D_80082050 / D_80082320 as separate C functions - the name goes on the C function; the census/puts.s span is a separate boundary fix. Also retire the FALSE alias g_cdrom_callback_b_obj (named_syms.txt:1223, calls it an 'object')."
func,0x80082320,D_80082320,cb_data,cb_data,CONFIRM,"Sony OBJ LOCAL symbol at exact offset (libsyms.json) inside a single-placement verbatim module (matches.json). Independently re-derived from psyz symbols.400.txt module-relative offsets: CDREAD+0x2D0 (psyz cb_data-cb_read = 0x2D0). puts.s:215-217 jr ra + alabel. C def system.c:1366 (deliberately external linkage, see system.c:1234). Retire the FALSE alias g_cdrom_header_obj (named_syms.txt:1224)."
func,0x80084A7C,satan_voice_init (alias satan_voice_init_80084A7C; glabel func_80084A7C),RESET,func_80084A7C,CONFIRM,"Body re-read (src/main.c:483): _ss_score[sep][seq] record - loop counter +0x21 vs +0x20, rewinds read ptr, flag bits at +0x98; only jal callers are func_80084CC0.s:45,230. Nothing voice-init, nothing satan. Alias is analyzer INFERRED. RESET (delete named_syms.txt:3024; stale main.c:482 kengo comment)."
func,0x80087770,dispstuff_helper (alias dispstuff_helper_80087770; glabel func_80087770),RESET,func_80087770,CONFIRM,"Body re-read: refs only _ss_score, _svm_pg/_tn/_vh/_stereo_mono, _SsVmMaxVoice, _svm_voice fields, _svm_sreg_buf/_dirty; sole callee _SsVmVSetUp; callers only _SsSndCrescendo/_SsSndDecrescendo (3 jal each). The 'dispstuff' tag was inherited from the callers' retired names. RESET = delete named_syms.txt:3371 alias only (glabel already func_80087770, which is the engine/queue.json key - unaffected)."
